granularity_time,granularity_geo,location_code,border,age,sex,year,week,yrwk,season,x,date,n_dose_1,n_dose_2,pr100_dose_1,pr100_dose_2,pop,location_name,date_of_publishing
total,county,county03,2020,total,total,1900,1,1900-01,1899/1900,24,1900-01-01,271585,174445,38.9642903258203,25.0276179681784,697010,Oslo,2021-06-14
total,county,county11,2020,total,total,1900,1,1900-01,1899/1900,24,1900-01-01,161367,112722,33.4338903334749,23.3550539216194,482645,Rogaland,2021-06-14
total,county,county15,2020,total,total,1900,1,1900-01,1899/1900,24,1900-01-01,93919,65010,35.3685264965505,24.4818184556985,265544,Møre og Romsdal,2021-06-14
total,county,county18,2020,total,total,1900,1,1900-01,1899/1900,24,1900-01-01,84472,62782,35.1461440845451,26.1216168424556,240345,Nordland,2021-06-14
total,county,county30,2020,total,total,1900,1,1900-01,1899/1900,24,1900-01-01,468363,322771,37.3977150778036,25.7725266371975,1252384,Viken,2021-06-14
total,county,county34,2020,total,total,1900,1,1900-01,1899/1900,24,1900-01-01,138023,100235,37.2428177861485,27.0464621171442,370603,Innlandet,2021-06-14
total,county,county38,2020,total,total,1900,1,1900-01,1899/1900,24,1900-01-01,157211,108504,37.2642113197529,25.7190399211154,421882,Vestfold og Telemark,2021-06-14
total,county,county42,2020,total,total,1900,1,1900-01,1899/1900,24,1900-01-01,107296,77294,34.7412763119125,25.0269554433806,308843,Agder,2021-06-14
total,county,county46,2020,total,total,1900,1,1900-01,1899/1900,24,1900-01-01,226889,153012,35.516834919328,23.9522495346897,638821,Vestland,2021-06-14
total,county,county50,2020,total,total,1900,1,1900-01,1899/1900,24,1900-01-01,162759,112764,34.5469557908321,23.9350998887766,471124,Trøndelag,2021-06-14
total,county,county54,2020,total,total,1900,1,1900-01,1899/1900,24,1900-01-01,84123,59061,34.7374549899244,24.3884410822239,242168,Troms og Finnmark,2021-06-14
total,municip,municip0301,2020,total,total,1900,1,1900-01,1899/1900,24,1900-01-01,271579,174442,38.9634295060329,25.0271875582847,697010,Oslo,2021-06-14
total,municip,municip1101,2020,total,total,1900,1,1900-01,1899/1900,24,1900-01-01,4706,3475,31.8252519104619,23.500371948333,14787,Eigersund,2021-06-14
total,municip,municip1103,2020,total,total,1900,1,1900-01,1899/1900,24,1900-01-01,47717,34002,33.103012896557,23.5884201544257,144147,Stavanger,2021-06-14
total,municip,municip1106,2020,total,total,1900,1,1900-01,1899/1900,24,1900-01-01,12735,8585,34.1210513624307,23.0019023122471,37323,Haugesund,2021-06-14
total,municip,municip1108,2020,total,total,1900,1,1900-01,1899/1900,24,1900-01-01,27035,18532,33.6047234307023,23.0354257302673,80450,Sandnes,2021-06-14
total,municip,municip1111,2020,total,total,1900,1,1900-01,1899/1900,24,1900-01-01,1272,947,39.0543444887934,29.0758366595026,3257,Sokndal,2021-06-14
total,municip,municip1112,2020,total,total,1900,1,1900-01,1899/1900,24,1900-01-01,1125,864,35.4442344045369,27.2211720226843,3174,Lund,2021-06-14
total,municip,municip1114,2020,total,total,1900,1,1900-01,1899/1900,24,1900-01-01,982,781,35.1845216768183,27.9828018631315,2791,Bjerkreim,2021-06-14
total,municip,municip1119,2020,total,total,1900,1,1900-01,1899/1900,24,1900-01-01,6449,4353,33.729079497908,22.7667364016736,19120,Hå,2021-06-14
total,municip,municip1120,2020,total,total,1900,1,1900-01,1899/1900,24,1900-01-01,6012,4226,30.2902055622733,21.291817815397,19848,Klepp,2021-06-14
total,municip,municip1121,2020,total,total,1900,1,1900-01,1899/1900,24,1900-01-01,6034,4291,31.5817020831153,22.458913430336,19106,Time,2021-06-14
total,municip,municip1122,2020,total,total,1900,1,1900-01,1899/1900,24,1900-01-01,3621,2642,30.0149204244032,21.8998673740053,12064,Gjesdal,2021-06-14
total,municip,municip1124,2020,total,total,1900,1,1900-01,1899/1900,24,1900-01-01,8206,5742,29.8867319809156,20.9126998579597,27457,Sola,2021-06-14
total,municip,municip1127,2020,total,total,1900,1,1900-01,1899/1900,24,1900-01-01,3866,2309,34.1670349094123,20.4065399911622,11315,Randaberg,2021-06-14
total,municip,municip1130,2020,total,total,1900,1,1900-01,1899/1900,24,1900-01-01,4237,2898,32.4177505738332,22.1729150726855,13070,Strand,2021-06-14
total,municip,municip1133,2020,total,total,1900,1,1900-01,1899/1900,24,1900-01-01,923,677,35.7751937984496,26.2403100775194,2580,Hjelmeland,2021-06-14
total,municip,municip1134,2020,total,total,1900,1,1900-01,1899/1900,24,1900-01-01,1453,1003,38.1464951430822,26.3323707009714,3809,Suldal,2021-06-14
total,municip,municip1135,2020,total,total,1900,1,1900-01,1899/1900,24,1900-01-01,1549,1003,33.9618504713879,21.9907914930936,4561,Sauda,2021-06-14
total,municip,municip1144,2020,total,total,1900,1,1900-01,1899/1900,24,1900-01-01,203,164,40.0394477317554,32.3471400394477,507,Kvitsøy,2021-06-14
total,municip,municip1145,2020,total,total,1900,1,1900-01,1899/1900,24,1900-01-01,313,222,36.4377182770664,25.8440046565774,859,Bokn,2021-06-14
total,municip,municip1146,2020,total,total,1900,1,1900-01,1899/1900,24,1900-01-01,3981,2596,35.6146001073537,23.2241903739488,11178,Tysvær,2021-06-14
total,municip,municip1149,2020,total,total,1900,1,1900-01,1899/1900,24,1900-01-01,15605,11078,36.8520486480104,26.1612941315386,42345,Karmøy,2021-06-14
total,municip,municip1151,2020,total,total,1900,1,1900-01,1899/1900,24,1900-01-01,110,73,57.2916666666667,38.0208333333333,192,Utsira,2021-06-14
total,municip,municip1160,2020,total,total,1900,1,1900-01,1899/1900,24,1900-01-01,3229,2255,37.0936243538196,25.9046524985641,8705,Vindafjord,2021-06-14
total,municip,municip1505,2020,total,total,1900,1,1900-01,1899/1900,24,1900-01-01,9106,6442,37.7858002406739,26.7313996431387,24099,Kristiansund,2021-06-14
total,municip,municip1506,2020,total,total,1900,1,1900-01,1899/1900,24,1900-01-01,11481,7610,36.0244744273612,23.8782554126137,31870,Molde,2021-06-14
total,municip,municip1507,2020,total,total,1900,1,1900-01,1899/1900,24,1900-01-01,22672,15589,34.0062996850158,23.3823308834558,66670,Ålesund,2021-06-14
total,municip,municip1511,2020,total,total,1900,1,1900-01,1899/1900,24,1900-01-01,1323,986,42.912747324035,31.9818358741486,3083,Vanylven,2021-06-14
total,municip,municip1514,2020,total,total,1900,1,1900-01,1899/1900,24,1900-01-01,905,711,37.0143149284254,29.079754601227,2445,Sande,2021-06-14
total,municip,municip1515,2020,total,total,1900,1,1900-01,1899/1900,24,1900-01-01,2995,2055,33.8112440731542,23.1993678031158,8858,Herøy,2021-06-14
total,municip,municip1516,2020,total,total,1900,1,1900-01,1899/1900,24,1900-01-01,2757,1929,32.1516034985423,22.4956268221574,8575,Ulstein,2021-06-14
total,municip,municip1517,2020,total,total,1900,1,1900-01,1899/1900,24,1900-01-01,1730,1172,33.6575875486381,22.8015564202335,5140,Hareid,2021-06-14
total,municip,municip1520,2020,total,total,1900,1,1900-01,1899/1900,24,1900-01-01,3752,2585,34.6445060018467,23.8688827331487,10830,Ørsta,2021-06-14
total,municip,municip1525,2020,total,total,1900,1,1900-01,1899/1900,24,1900-01-01,1451,1070,32.3739402052655,23.8732708612227,4482,Stranda,2021-06-14
total,municip,municip1528,2020,total,total,1900,1,1900-01,1899/1900,24,1900-01-01,2633,1876,34.6629805160611,24.6972090573986,7596,Sykkylven,2021-06-14
total,municip,municip1531,2020,total,total,1900,1,1900-01,1899/1900,24,1900-01-01,3592,2372,38.1762142629397,25.2099054097141,9409,Sula,2021-06-14
total,municip,municip1532,2020,total,total,1900,1,1900-01,1899/1900,24,1900-01-01,3273,1919,38.4787209028921,22.560545497296,8506,Giske,2021-06-14
total,municip,municip1535,2020,total,total,1900,1,1900-01,1899/1900,24,1900-01-01,2211,1594,31.7763725208393,22.9088818626042,6958,Vestnes,2021-06-14
total,municip,municip1539,2020,total,total,1900,1,1900-01,1899/1900,24,1900-01-01,2438,1669,34.6996868773128,23.7546256760604,7026,Rauma,2021-06-14
total,municip,municip1547,2020,total,total,1900,1,1900-01,1899/1900,24,1900-01-01,1365,972,38.7563884156729,27.5979557069847,3522,Aukra,2021-06-14
total,municip,municip1554,2020,total,total,1900,1,1900-01,1899/1900,24,1900-01-01,2025,1425,34.8657024793388,24.5351239669422,5808,Averøy,2021-06-14
total,municip,municip1557,2020,total,total,1900,1,1900-01,1899/1900,24,1900-01-01,1013,734,38.1113619262603,27.614747930775,2658,Gjemnes,2021-06-14
total,municip,municip1560,2020,total,total,1900,1,1900-01,1899/1900,24,1900-01-01,1264,948,42.3450586264657,31.7587939698493,2985,Tingvoll,2021-06-14
total,municip,municip1563,2020,total,total,1900,1,1900-01,1899/1900,24,1900-01-01,2409,1688,34.6319723979298,24.2668200115009,6956,Sunndal,2021-06-14
total,municip,municip1566,2020,total,total,1900,1,1900-01,1899/1900,24,1900-01-01,2165,1575,36.8698910081744,26.8222070844687,5872,Surnadal,2021-06-14
total,municip,municip1573,2020,total,total,1900,1,1900-01,1899/1900,24,1900-01-01,710,540,33.3646616541353,25.3759398496241,2128,Smøla,2021-06-14
total,municip,municip1576,2020,total,total,1900,1,1900-01,1899/1900,24,1900-01-01,1146,850,33.0449826989619,24.5098039215686,3468,Aure,2021-06-14
total,municip,municip1577,2020,total,total,1900,1,1900-01,1899/1900,24,1900-01-01,3932,2750,36.4715703552546,25.507837862907,10781,Volda,2021-06-14
total,municip,municip1578,2020,total,total,1900,1,1900-01,1899/1900,24,1900-01-01,1168,853,46.6826538768985,34.0927258193445,2502,Fjord,2021-06-14
total,municip,municip1579,2020,total,total,1900,1,1900-01,1899/1900,24,1900-01-01,4403,3096,33.0630021776676,23.2484793872494,13317,Hustadvika,2021-06-14
total,municip,municip1804,2020,total,total,1900,1,1900-01,1899/1900,24,1900-01-01,18302,15375,34.8211567732116,29.2522831050228,52560,Bodø,2021-06-14
total,municip,municip1806,2020,total,total,1900,1,1900-01,1899/1900,24,1900-01-01,7665,5361,35.3861779234569,24.7495498822769,21661,Narvik,2021-06-14
total,municip,municip1811,2020,total,total,1900,1,1900-01,1899/1900,24,1900-01-01,461,287,32.9992841803865,20.5440229062276,1397,Bindal,2021-06-14
total,municip,municip1812,2020,total,total,1900,1,1900-01,1899/1900,24,1900-01-01,606,452,30.4522613065327,22.713567839196,1990,Sømna,2021-06-14
total,municip,municip1813,2020,total,total,1900,1,1900-01,1899/1900,24,1900-01-01,2625,1820,33.6409073433295,23.3243624247084,7803,Brønnøy,2021-06-14
total,municip,municip1815,2020,total,total,1900,1,1900-01,1899/1900,24,1900-01-01,418,322,35.3637901861252,27.2419627749577,1182,Vega,2021-06-14
total,municip,municip1816,2020,total,total,1900,1,1900-01,1899/1900,24,1900-01-01,161,119,34.6236559139785,25.5913978494624,465,Vevelstad,2021-06-14
total,municip,municip1818,2020,total,total,1900,1,1900-01,1899/1900,24,1900-01-01,549,420,30.6190741773564,23.4244283324038,1793,Herøy,2021-06-14
total,municip,municip1820,2020,total,total,1900,1,1900-01,1899/1900,24,1900-01-01,2916,2182,39.4373816608061,29.5104138490668,7394,Alstahaug,2021-06-14
total,municip,municip1822,2020,total,total,1900,1,1900-01,1899/1900,24,1900-01-01,728,529,31.9578577699737,23.2221246707638,2278,Leirfjord,2021-06-14
total,municip,municip1824,2020,total,total,1900,1,1900-01,1899/1900,24,1900-01-01,4757,3379,35.8531805848658,25.4672897196262,13268,Vefsn,2021-06-14
total,municip,municip1825,2020,total,total,1900,1,1900-01,1899/1900,24,1900-01-01,453,339,31.1768754301445,23.331039229181,1453,Grane,2021-06-14
total,municip,municip1826,2020,total,total,1900,1,1900-01,1899/1900,24,1900-01-01,398,278,31.4127861089187,21.9415943172849,1267,Hattfjelldal,2021-06-14
total,municip,municip1827,2020,total,total,1900,1,1900-01,1899/1900,24,1900-01-01,521,380,38.001458789205,27.7169948942378,1371,Dønna,2021-06-14
total,municip,municip1828,2020,total,total,1900,1,1900-01,1899/1900,24,1900-01-01,565,387,33.2157554379777,22.7513227513228,1701,Nesna,2021-06-14
total,municip,municip1832,2020,total,total,1900,1,1900-01,1899/1900,24,1900-01-01,1572,1177,35.5013550135501,26.5808491418248,4428,Hemnes,2021-06-14
total,municip,municip1833,2020,total,total,1900,1,1900-01,1899/1900,24,1900-01-01,8715,5904,33.4125675727485,22.6354330406778,26083,Rana,2021-06-14
total,municip,municip1834,2020,total,total,1900,1,1900-01,1899/1900,24,1900-01-01,584,431,31.1300639658849,22.9744136460554,1876,Lurøy,2021-06-14
total,municip,municip1835,2020,total,total,1900,1,1900-01,1899/1900,24,1900-01-01,148,117,33.4841628959276,26.4705882352941,442,Træna,2021-06-14
total,municip,municip1836,2020,total,total,1900,1,1900-01,1899/1900,24,1900-01-01,356,234,29.5190713101161,19.4029850746269,1206,Rødøy,2021-06-14
total,municip,municip1837,2020,total,total,1900,1,1900-01,1899/1900,24,1900-01-01,2219,1580,35.52105010405,25.2921402273091,6247,Meløy,2021-06-14
total,municip,municip1838,2020,total,total,1900,1,1900-01,1899/1900,24,1900-01-01,729,565,37.96875,29.4270833333333,1920,Gildeskål,2021-06-14
total,municip,municip1839,2020,total,total,1900,1,1900-01,1899/1900,24,1900-01-01,397,279,39.7397397397397,27.9279279279279,999,Beiarn,2021-06-14
total,municip,municip1840,2020,total,total,1900,1,1900-01,1899/1900,24,1900-01-01,1577,1193,34.045768566494,25.7556131260795,4632,Saltdal,2021-06-14
total,municip,municip1841,2020,total,total,1900,1,1900-01,1899/1900,24,1900-01-01,3634,2669,37.6970954356846,27.6867219917013,9640,Fauske,2021-06-14
total,municip,municip1845,2020,total,total,1900,1,1900-01,1899/1900,24,1900-01-01,597,455,31.2238493723849,23.7970711297071,1912,Sørfold,2021-06-14
total,municip,municip1848,2020,total,total,1900,1,1900-01,1899/1900,24,1900-01-01,958,751,37.045630317092,29.0409899458623,2586,Steigen,2021-06-14
total,municip,municip1851,2020,total,total,1900,1,1900-01,1899/1900,24,1900-01-01,789,591,39.3909136295557,29.5057413879181,2003,Lødingen,2021-06-14
total,municip,municip1853,2020,total,total,1900,1,1900-01,1899/1900,24,1900-01-01,485,352,36.631419939577,26.5861027190332,1324,Evenes,2021-06-14
total,municip,municip1856,2020,total,total,1900,1,1900-01,1899/1900,24,1900-01-01,166,119,34.016393442623,24.3852459016393,488,Røst,2021-06-14
total,municip,municip1857,2020,total,total,1900,1,1900-01,1899/1900,24,1900-01-01,247,172,35.3868194842407,24.6418338108883,698,Værøy,2021-06-14
total,municip,municip1859,2020,total,total,1900,1,1900-01,1899/1900,24,1900-01-01,459,338,37.0759289176091,27.3021001615509,1238,Flakstad,2021-06-14
total,municip,municip1860,2020,total,total,1900,1,1900-01,1899/1900,24,1900-01-01,4098,2919,35.5698290078986,25.3363423313949,11521,Vestvågøy,2021-06-14
total,municip,municip1865,2020,total,total,1900,1,1900-01,1899/1900,24,1900-01-01,3220,2284,33.2988624612203,23.6194415718718,9670,Vågan,2021-06-14
total,municip,municip1866,2020,total,total,1900,1,1900-01,1899/1900,24,1900-01-01,3417,2441,42.3682579045257,30.2665840049597,8065,Hadsel,2021-06-14
total,municip,municip1867,2020,total,total,1900,1,1900-01,1899/1900,24,1900-01-01,956,708,37.111801242236,27.4844720496894,2576,Bø,2021-06-14
total,municip,municip1868,2020,total,total,1900,1,1900-01,1899/1900,24,1900-01-01,1467,1051,33.2201086956522,23.7998188405797,4416,Øksnes,2021-06-14
total,municip,municip1870,2020,total,total,1900,1,1900-01,1899/1900,24,1900-01-01,3551,2522,33.77401559825,23.9870648658931,10514,Sortland,2021-06-14
total,municip,municip1871,2020,total,total,1900,1,1900-01,1899/1900,24,1900-01-01,1654,1252,36.050566695728,27.2885789014821,4588,Andøy,2021-06-14
total,municip,municip1874,2020,total,total,1900,1,1900-01,1899/1900,24,1900-01-01,358,247,36.1981799797776,24.9747219413549,989,Moskenes,2021-06-14
total,municip,municip1875,2020,total,total,1900,1,1900-01,1899/1900,24,1900-01-01,991,798,36.6901147723066,29.5446131062569,2701,Hamarøy,2021-06-14
total,municip,municip3001,2020,total,total,1900,1,1900-01,1899/1900,24,1900-01-01,10599,7411,33.7687577659541,23.6116863669672,31387,Halden,2021-06-14
total,municip,municip3002,2020,total,total,1900,1,1900-01,1899/1900,24,1900-01-01,20629,14354,41.5337843279375,28.899895304824,49668,Moss,2021-06-14
total,municip,municip3003,2020,total,total,1900,1,1900-01,1899/1900,24,1900-01-01,26439,18440,46.0834553440703,32.1411141323294,57372,Sarpsborg,2021-06-14
total,municip,municip3004,2020,total,total,1900,1,1900-01,1899/1900,24,1900-01-01,36300,24761,43.6334787782626,29.7633214332937,83193,Fredrikstad,2021-06-14
total,municip,municip3005,2020,total,total,1900,1,1900-01,1899/1900,24,1900-01-01,36493,26247,35.8269765067397,25.7679733749595,101859,Drammen,2021-06-14
total,municip,municip3006,2020,total,total,1900,1,1900-01,1899/1900,24,1900-01-01,9882,7056,35.6828193832599,25.4784429840399,27694,Kongsberg,2021-06-14
total,municip,municip3007,2020,total,total,1900,1,1900-01,1899/1900,24,1900-01-01,11207,8422,36.3450624290579,27.3131182098265,30835,Ringerike,2021-06-14
total,municip,municip3011,2020,total,total,1900,1,1900-01,1899/1900,24,1900-01-01,2287,1661,48.7217724755007,35.3855986365573,4694,Hvaler,2021-06-14
total,municip,municip3012,2020,total,total,1900,1,1900-01,1899/1900,24,1900-01-01,503,367,37.9622641509434,27.6981132075472,1325,Aremark,2021-06-14
total,municip,municip3013,2020,total,total,1900,1,1900-01,1899/1900,24,1900-01-01,1551,1138,43.0713690641489,31.6023326853652,3601,Marker,2021-06-14
total,municip,municip3014,2020,total,total,1900,1,1900-01,1899/1900,24,1900-01-01,16181,11309,35.7978805778633,25.0193579788058,45201,Indre Østfold,2021-06-14
total,municip,municip3015,2020,total,total,1900,1,1900-01,1899/1900,24,1900-01-01,1339,973,35.0065359477124,25.437908496732,3825,Skiptvet,2021-06-14
total,municip,municip3016,2020,total,total,1900,1,1900-01,1899/1900,24,1900-01-01,3474,2287,42.25249331063,27.8156166382875,8222,Rakkestad,2021-06-14
total,municip,municip3017,2020,total,total,1900,1,1900-01,1899/1900,24,1900-01-01,2990,2083,39.5084566596195,27.5237843551797,7568,Råde,2021-06-14
total,municip,municip3018,2020,total,total,1900,1,1900-01,1899/1900,24,1900-01-01,2124,1396,36.5891472868217,24.0482342807924,5805,Våler,2021-06-14
total,municip,municip3019,2020,total,total,1900,1,1900-01,1899/1900,24,1900-01-01,6394,4281,34.9589939857846,23.4062329141607,18290,Vestby,2021-06-14
total,municip,municip3020,2020,total,total,1900,1,1900-01,1899/1900,24,1900-01-01,22498,14752,37.4754305893327,24.5727421128028,60034,Nordre Follo,2021-06-14
total,municip,municip3021,2020,total,total,1900,1,1900-01,1899/1900,24,1900-01-01,7260,4657,35.5203287832086,22.7848720583199,20439,Ås,2021-06-14
total,municip,municip3022,2020,total,total,1900,1,1900-01,1899/1900,24,1900-01-01,6285,4319,39.3969786247101,27.0732777534006,15953,Frogn,2021-06-14
total,municip,municip3023,2020,total,total,1900,1,1900-01,1899/1900,24,1900-01-01,6579,4509,33.2188841201717,22.7669780358495,19805,Nesodden,2021-06-14
total,municip,municip3024,2020,total,total,1900,1,1900-01,1899/1900,24,1900-01-01,44538,31234,34.7320892437984,24.3572247393417,128233,Bærum,2021-06-14
total,municip,municip3025,2020,total,total,1900,1,1900-01,1899/1900,24,1900-01-01,34087,24135,35.9131854817468,25.4280145393247,94915,Asker,2021-06-14
total,municip,municip3026,2020,total,total,1900,1,1900-01,1899/1900,24,1900-01-01,6224,4211,35.3817292933887,23.938377579444,17591,Aurskog-Høland,2021-06-14
total,municip,municip3027,2020,total,total,1900,1,1900-01,1899/1900,24,1900-01-01,6765,4448,36.1185264281901,23.7479978643887,18730,Rælingen,2021-06-14
total,municip,municip3028,2020,total,total,1900,1,1900-01,1899/1900,24,1900-01-01,3854,2697,34.8305467690917,24.3741527338455,11065,Enebakk,2021-06-14
total,municip,municip3029,2020,total,total,1900,1,1900-01,1899/1900,24,1900-01-01,18115,11637,42.3841834347216,27.2274216190922,42740,Lørenskog,2021-06-14
total,municip,municip3030,2020,total,total,1900,1,1900-01,1899/1900,24,1900-01-01,30786,20191,35.4053339160236,23.2205904339126,86953,Lillestrøm,2021-06-14
total,municip,municip3031,2020,total,total,1900,1,1900-01,1899/1900,24,1900-01-01,8782,5905,35.9123251819743,24.1473787519424,24454,Nittedal,2021-06-14
total,municip,municip3032,2020,total,total,1900,1,1900-01,1899/1900,24,1900-01-01,2431,1609,34.5165412466279,22.8453783898907,7043,Gjerdrum,2021-06-14
total,municip,municip3033,2020,total,total,1900,1,1900-01,1899/1900,24,1900-01-01,14760,9346,36.4813762080131,23.0999283224993,40459,Ullensaker,2021-06-14
total,municip,municip3034,2020,total,total,1900,1,1900-01,1899/1900,24,1900-01-01,8148,5565,34.7878063359235,23.759713090257,23422,Nes,2021-06-14
total,municip,municip3035,2020,total,total,1900,1,1900-01,1899/1900,24,1900-01-01,9826,6566,37.7473012946103,25.2237716568707,26031,Eidsvoll,2021-06-14
total,municip,municip3036,2020,total,total,1900,1,1900-01,1899/1900,24,1900-01-01,4987,3065,34.0711894513903,20.9400833504133,14637,Nannestad,2021-06-14
total,municip,municip3037,2020,total,total,1900,1,1900-01,1899/1900,24,1900-01-01,1015,667,35.7646229739253,23.5024665257223,2838,Hurdal,2021-06-14
total,municip,municip3038,2020,total,total,1900,1,1900-01,1899/1900,24,1900-01-01,2359,1702,34.6351490236382,24.9889884011158,6811,Hole,2021-06-14
total,municip,municip3039,2020,total,total,1900,1,1900-01,1899/1900,24,1900-01-01,323,248,30.791229742612,23.6415633937083,1049,Flå,2021-06-14
total,municip,municip3040,2020,total,total,1900,1,1900-01,1899/1900,24,1900-01-01,1108,826,33.9668914776211,25.3218884120172,3262,Nesbyen,2021-06-14
total,municip,municip3041,2020,total,total,1900,1,1900-01,1899/1900,24,1900-01-01,1556,1163,33.5634167385677,25.0862812769629,4636,Gol,2021-06-14
total,municip,municip3042,2020,total,total,1900,1,1900-01,1899/1900,24,1900-01-01,844,636,33.1500392772977,24.980361351139,2546,Hemsedal,2021-06-14
total,municip,municip3043,2020,total,total,1900,1,1900-01,1899/1900,24,1900-01-01,1580,1239,33.9931153184165,26.6566265060241,4648,Ål,2021-06-14
total,municip,municip3044,2020,total,total,1900,1,1900-01,1899/1900,24,1900-01-01,1614,1182,36.4005412719892,26.6576454668471,4434,Hol,2021-06-14
total,municip,municip3045,2020,total,total,1900,1,1900-01,1899/1900,24,1900-01-01,1447,1047,41.7604617604618,30.2164502164502,3465,Sigdal,2021-06-14
total,municip,municip3046,2020,total,total,1900,1,1900-01,1899/1900,24,1900-01-01,910,642,41.0094637223975,28.9319513294277,2219,Krødsherad,2021-06-14
total,municip,municip3047,2020,total,total,1900,1,1900-01,1899/1900,24,1900-01-01,5708,4137,40.293660878159,29.2037272342228,14166,Modum,2021-06-14
total,municip,municip3048,2020,total,total,1900,1,1900-01,1899/1900,24,1900-01-01,7282,5019,36.9475873966208,25.4655233649602,19709,Øvre Eiker,2021-06-14
total,municip,municip3049,2020,total,total,1900,1,1900-01,1899/1900,24,1900-01-01,9858,7174,36.3522383656612,26.4547533003909,27118,Lier,2021-06-14
total,municip,municip3050,2020,total,total,1900,1,1900-01,1899/1900,24,1900-01-01,1024,784,37.7441946185035,28.8978990047917,2713,Flesberg,2021-06-14
total,municip,municip3051,2020,total,total,1900,1,1900-01,1899/1900,24,1900-01-01,438,343,31.6017316017316,24.7474747474748,1386,Rollag,2021-06-14
total,municip,municip3052,2020,total,total,1900,1,1900-01,1899/1900,24,1900-01-01,925,699,38.3499170812604,28.9800995024876,2412,Nore og Uvdal,2021-06-14
total,municip,municip3053,2020,total,total,1900,1,1900-01,1899/1900,24,1900-01-01,2927,2048,42.6241444590069,29.8237949614096,6867,Jevnaker,2021-06-14
total,municip,municip3054,2020,total,total,1900,1,1900-01,1899/1900,24,1900-01-01,3105,2167,34.2639593908629,23.9130434782609,9062,Lunner,2021-06-14
total,municip,municip3401,2020,total,total,1900,1,1900-01,1899/1900,24,1900-01-01,7627,5333,42.7258977088118,29.8750770264971,17851,Kongsvinger,2021-06-14
total,municip,municip3403,2020,total,total,1900,1,1900-01,1899/1900,24,1900-01-01,11854,8767,37.6209971754102,27.8237963756387,31509,Hamar,2021-06-14
total,municip,municip3405,2020,total,total,1900,1,1900-01,1899/1900,24,1900-01-01,10738,8006,37.6864493033377,28.0981293651072,28493,Lillehammer,2021-06-14
total,municip,municip3407,2020,total,total,1900,1,1900-01,1899/1900,24,1900-01-01,10661,7880,35.0748478368153,25.925316663925,30395,Gjøvik,2021-06-14
total,municip,municip3411,2020,total,total,1900,1,1900-01,1899/1900,24,1900-01-01,12099,8888,34.6706020574835,25.4692380433848,34897,Ringsaker,2021-06-14
total,municip,municip3412,2020,total,total,1900,1,1900-01,1899/1900,24,1900-01-01,2849,1833,37.3639344262295,24.0393442622951,7625,Løten,2021-06-14
total,municip,municip3413,2020,total,total,1900,1,1900-01,1899/1900,24,1900-01-01,7358,5397,34.9183750949127,25.6121867881549,21072,Stange,2021-06-14
total,municip,municip3414,2020,total,total,1900,1,1900-01,1899/1900,24,1900-01-01,2054,1497,40.770146883684,29.7141722905915,5038,Nord-Odal,2021-06-14
total,municip,municip3415,2020,total,total,1900,1,1900-01,1899/1900,24,1900-01-01,3186,2128,40.2577710386657,26.8890573666919,7914,Sør-Odal,2021-06-14
total,municip,municip3416,2020,total,total,1900,1,1900-01,1899/1900,24,1900-01-01,2671,1925,43.7940646007542,31.5625512379079,6099,Eidskog,2021-06-14
total,municip,municip3417,2020,total,total,1900,1,1900-01,1899/1900,24,1900-01-01,1962,1361,43.1683168316832,29.9449944994499,4545,Grue,2021-06-14
total,municip,municip3418,2020,total,total,1900,1,1900-01,1899/1900,24,1900-01-01,3193,2338,44.1815414418154,32.3509063235091,7227,Åsnes,2021-06-14
total,municip,municip3419,2020,total,total,1900,1,1900-01,1899/1900,24,1900-01-01,1536,1146,42.8212991357681,31.9487036520769,3587,Våler,2021-06-14
total,municip,municip3420,2020,total,total,1900,1,1900-01,1899/1900,24,1900-01-01,7555,5646,35.4828104452377,26.5170016907759,21292,Elverum,2021-06-14
total,municip,municip3421,2020,total,total,1900,1,1900-01,1899/1900,24,1900-01-01,2719,1836,41.322188449848,27.90273556231,6580,Trysil,2021-06-14
total,municip,municip3422,2020,total,total,1900,1,1900-01,1899/1900,24,1900-01-01,1558,1044,35.9151682803135,24.0663900414938,4338,Åmot,2021-06-14
total,municip,municip3423,2020,total,total,1900,1,1900-01,1899/1900,24,1900-01-01,1017,766,42.7670311185871,32.2119428090833,2378,Stor-Elvdal,2021-06-14
total,municip,municip3424,2020,total,total,1900,1,1900-01,1899/1900,24,1900-01-01,651,523,37.3923032739805,30.040206777714,1741,Rendalen,2021-06-14
total,municip,municip3425,2020,total,total,1900,1,1900-01,1899/1900,24,1900-01-01,433,331,34.64,26.48,1250,Engerdal,2021-06-14
total,municip,municip3426,2020,total,total,1900,1,1900-01,1899/1900,24,1900-01-01,481,359,30.7741522712732,22.9686500319898,1563,Tolga,2021-06-14
total,municip,municip3427,2020,total,total,1900,1,1900-01,1899/1900,24,1900-01-01,2453,1793,44.3019685750406,32.382156402384,5537,Tynset,2021-06-14
total,municip,municip3428,2020,total,total,1900,1,1900-01,1899/1900,24,1900-01-01,904,711,37.5883575883576,29.5634095634096,2405,Alvdal,2021-06-14
total,municip,municip3429,2020,total,total,1900,1,1900-01,1899/1900,24,1900-01-01,575,444,37.8787878787879,29.2490118577075,1518,Folldal,2021-06-14
total,municip,municip3430,2020,total,total,1900,1,1900-01,1899/1900,24,1900-01-01,608,476,32.5133689839572,25.4545454545455,1870,Os,2021-06-14
total,municip,municip3431,2020,total,total,1900,1,1900-01,1899/1900,24,1900-01-01,880,649,35.031847133758,25.8359872611465,2512,Dovre,2021-06-14
total,municip,municip3432,2020,total,total,1900,1,1900-01,1899/1900,24,1900-01-01,622,465,31.4141414141414,23.4848484848485,1980,Lesja,2021-06-14
total,municip,municip3433,2020,total,total,1900,1,1900-01,1899/1900,24,1900-01-01,802,601,36.7384333486028,27.5309207512597,2183,Skjåk,2021-06-14
total,municip,municip3434,2020,total,total,1900,1,1900-01,1899/1900,24,1900-01-01,898,676,40.7441016333938,30.6715063520871,2204,Lom,2021-06-14
total,municip,municip3435,2020,total,total,1900,1,1900-01,1899/1900,24,1900-01-01,1462,818,41.0213243546577,22.9517396184063,3564,Vågå,2021-06-14
total,municip,municip3436,2020,total,total,1900,1,1900-01,1899/1900,24,1900-01-01,2026,1437,35.512708150745,25.1884312007011,5705,Nord-Fron,2021-06-14
total,municip,municip3437,2020,total,total,1900,1,1900-01,1899/1900,24,1900-01-01,2092,1498,37.4105865522175,26.7882689556509,5592,Sel,2021-06-14
total,municip,municip3438,2020,total,total,1900,1,1900-01,1899/1900,24,1900-01-01,1016,766,33.1592689295039,25,3064,Sør-Fron,2021-06-14
total,municip,municip3439,2020,total,total,1900,1,1900-01,1899/1900,24,1900-01-01,1683,1240,38.1805807622505,28.1306715063521,4408,Ringebu,2021-06-14
total,municip,municip3440,2020,total,total,1900,1,1900-01,1899/1900,24,1900-01-01,1761,1256,34.5768702140192,24.6612998232869,5093,Øyer,2021-06-14
total,municip,municip3441,2020,total,total,1900,1,1900-01,1899/1900,24,1900-01-01,2305,1556,38.2699651336543,25.8343018429354,6023,Gausdal,2021-06-14
total,municip,municip3442,2020,total,total,1900,1,1900-01,1899/1900,24,1900-01-01,5206,3839,35.0077331719454,25.8153453029386,14871,Østre-Toten,2021-06-14
total,municip,municip3443,2020,total,total,1900,1,1900-01,1899/1900,24,1900-01-01,4628,3329,34.3859127721227,24.7343784827996,13459,Vestre-Toten,2021-06-14
total,municip,municip3446,2020,total,total,1900,1,1900-01,1899/1900,24,1900-01-01,4501,3260,33.068841378297,23.9512159282933,13611,Gran,2021-06-14
total,municip,municip3447,2020,total,total,1900,1,1900-01,1899/1900,24,1900-01-01,2300,1770,41.2260261695644,31.7261157913605,5579,Søndre Land,2021-06-14
total,municip,municip3448,2020,total,total,1900,1,1900-01,1899/1900,24,1900-01-01,2453,1769,37.2739705211974,26.880413311047,6581,Nordre Land,2021-06-14
total,municip,municip3449,2020,total,total,1900,1,1900-01,1899/1900,24,1900-01-01,1095,841,37.7066115702479,28.9600550964187,2904,Sør-Aurdal,2021-06-14
total,municip,municip3450,2020,total,total,1900,1,1900-01,1899/1900,24,1900-01-01,414,308,32.9355608591886,24.502784407319,1257,Etnedal,2021-06-14
total,municip,municip3451,2020,total,total,1900,1,1900-01,1899/1900,24,1900-01-01,2690,1870,42.2955974842767,29.4025157232704,6360,Nord-Aurdal,2021-06-14
total,municip,municip3452,2020,total,total,1900,1,1900-01,1899/1900,24,1900-01-01,720,539,33.9622641509434,25.4245283018868,2120,Vestre-Slidre,2021-06-14
total,municip,municip3453,2020,total,total,1900,1,1900-01,1899/1900,24,1900-01-01,1139,877,35.1977750309024,27.1013597033375,3236,Øystre-Slidre,2021-06-14
total,municip,municip3454,2020,total,total,1900,1,1900-01,1899/1900,24,1900-01-01,581,439,36.935791481246,27.9084551811825,1573,Vang,2021-06-14
total,municip,municip3801,2020,total,total,1900,1,1900-01,1899/1900,24,1900-01-01,9608,6983,34.9254816430389,25.3834969102145,27510,Horten,2021-06-14
total,municip,municip3802,2020,total,total,1900,1,1900-01,1899/1900,24,1900-01-01,8979,6412,35.9002039102795,25.636719843269,25011,Holmestrand,2021-06-14
total,municip,municip3803,2020,total,total,1900,1,1900-01,1899/1900,24,1900-01-01,22784,16095,39.9537053273945,28.2239680145898,57026,Tønsberg,2021-06-14
total,municip,municip3804,2020,total,total,1900,1,1900-01,1899/1900,24,1900-01-01,21616,15084,33.5939078405471,23.442380915378,64345,Sandefjord,2021-06-14
total,municip,municip3805,2020,total,total,1900,1,1900-01,1899/1900,24,1900-01-01,18982,13568,39.9629465883492,28.5648118907767,47499,Larvik,2021-06-14
total,municip,municip3806,2020,total,total,1900,1,1900-01,1899/1900,24,1900-01-01,12848,8474,35.1749438755955,23.1999123911734,36526,Porsgrunn,2021-06-14
total,municip,municip3807,2020,total,total,1900,1,1900-01,1899/1900,24,1900-01-01,21002,12567,38.0857391556652,22.7894240533875,55144,Skien,2021-06-14
total,municip,municip3808,2020,total,total,1900,1,1900-01,1899/1900,24,1900-01-01,5025,3533,38.67169462829,27.1894720640296,12994,Notodden,2021-06-14
total,municip,municip3811,2020,total,total,1900,1,1900-01,1899/1900,24,1900-01-01,10122,7325,37.5486886522981,27.1729049968468,26957,Færder,2021-06-14
total,municip,municip3812,2020,total,total,1900,1,1900-01,1899/1900,24,1900-01-01,1040,774,44.3118875159778,32.9782701320835,2347,Siljan,2021-06-14
total,municip,municip3813,2020,total,total,1900,1,1900-01,1899/1900,24,1900-01-01,5625,3746,40.1384329955759,26.7304124446982,14014,Bamble,2021-06-14
total,municip,municip3814,2020,total,total,1900,1,1900-01,1899/1900,24,1900-01-01,4147,2992,39.8137480798771,28.7250384024578,10416,Kragerø,2021-06-14
total,municip,municip3815,2020,total,total,1900,1,1900-01,1899/1900,24,1900-01-01,1471,1062,36.1336281012036,26.0869565217391,4071,Drangedal,2021-06-14
total,municip,municip3816,2020,total,total,1900,1,1900-01,1899/1900,24,1900-01-01,2545,1783,39.2262638717633,27.4815043156597,6488,Nome,2021-06-14
total,municip,municip3817,2020,total,total,1900,1,1900-01,1899/1900,24,1900-01-01,3464,2444,33.1134690756142,23.3629672115477,10461,Midt-Telemark,2021-06-14
total,municip,municip3818,2020,total,total,1900,1,1900-01,1899/1900,24,1900-01-01,2076,1518,37.0449678800857,27.0877944325482,5604,Tinn,2021-06-14
total,municip,municip3819,2020,total,total,1900,1,1900-01,1899/1900,24,1900-01-01,565,403,36.1947469570788,25.8167841127482,1561,Hjartdal,2021-06-14
total,municip,municip3820,2020,total,total,1900,1,1900-01,1899/1900,24,1900-01-01,1124,729,38.7586206896552,25.1379310344828,2900,Seljord,2021-06-14
total,municip,municip3821,2020,total,total,1900,1,1900-01,1899/1900,24,1900-01-01,1005,783,41.358024691358,32.2222222222222,2430,Kviteseid,2021-06-14
total,municip,municip3822,2020,total,total,1900,1,1900-01,1899/1900,24,1900-01-01,445,344,31.1188811188811,24.0559440559441,1430,Nissedal,2021-06-14
total,municip,municip3823,2020,total,total,1900,1,1900-01,1899/1900,24,1900-01-01,403,295,32.8175895765472,24.0228013029316,1228,Fyresdal,2021-06-14
total,municip,municip3824,2020,total,total,1900,1,1900-01,1899/1900,24,1900-01-01,857,613,39.6025878003697,28.3271719038817,2164,Tokke,2021-06-14
total,municip,municip3825,2020,total,total,1900,1,1900-01,1899/1900,24,1900-01-01,1468,968,39.0841320553781,25.7720979765708,3756,Vinje,2021-06-14
total,municip,municip4201,2020,total,total,1900,1,1900-01,1899/1900,24,1900-01-01,2519,1864,37.2522922212363,27.5658089322686,6762,Risør,2021-06-14
total,municip,municip4202,2020,total,total,1900,1,1900-01,1899/1900,24,1900-01-01,7775,5749,32.5436356787075,24.0634548574777,23891,Grimstad,2021-06-14
total,municip,municip4203,2020,total,total,1900,1,1900-01,1899/1900,24,1900-01-01,16418,12741,36.4318207034284,28.2724952845889,45065,Arendal,2021-06-14
total,municip,municip4204,2020,total,total,1900,1,1900-01,1899/1900,24,1900-01-01,38200,27034,33.9290155256333,24.0114399403134,112588,Kristiansand,2021-06-14
total,municip,municip4205,2020,total,total,1900,1,1900-01,1899/1900,24,1900-01-01,7201,5128,31.2340056386901,22.2424636738235,23055,Lindesnes,2021-06-14
total,municip,municip4206,2020,total,total,1900,1,1900-01,1899/1900,24,1900-01-01,3819,2561,39.5956454121306,26.5526179367548,9645,Farsund,2021-06-14
total,municip,municip4207,2020,total,total,1900,1,1900-01,1899/1900,24,1900-01-01,3575,2609,39.6034119862634,28.9021823418633,9027,Flekkefjord,2021-06-14
total,municip,municip4211,2020,total,total,1900,1,1900-01,1899/1900,24,1900-01-01,811,583,33.3744855967078,23.9917695473251,2430,Gjerstad,2021-06-14
total,municip,municip4212,2020,total,total,1900,1,1900-01,1899/1900,24,1900-01-01,810,627,38.0639097744361,29.4642857142857,2128,Vegårshei,2021-06-14
total,municip,municip4213,2020,total,total,1900,1,1900-01,1899/1900,24,1900-01-01,2333,1552,38.4539311026867,25.5810120323059,6067,Tvedestrand,2021-06-14
total,municip,municip4214,2020,total,total,1900,1,1900-01,1899/1900,24,1900-01-01,2317,1641,38.5909393737508,27.3317788141239,6004,Froland,2021-06-14
total,municip,municip4215,2020,total,total,1900,1,1900-01,1899/1900,24,1900-01-01,4119,2927,36.8425760286226,26.1806797853309,11180,Lillesand,2021-06-14
total,municip,municip4216,2020,total,total,1900,1,1900-01,1899/1900,24,1900-01-01,1691,1164,32.062950322336,22.0705346985211,5274,Birkenes,2021-06-14
total,municip,municip4217,2020,total,total,1900,1,1900-01,1899/1900,24,1900-01-01,605,465,33.205268935236,25.5214050493963,1822,Åmli,2021-06-14
total,municip,municip4218,2020,total,total,1900,1,1900-01,1899/1900,24,1900-01-01,371,280,27.7902621722846,20.9737827715356,1335,Iveland,2021-06-14
total,municip,municip4219,2020,total,total,1900,1,1900-01,1899/1900,24,1900-01-01,1435,1049,39.651837524178,28.985907709312,3619,Evje og Hornnes,2021-06-14
total,municip,municip4220,2020,total,total,1900,1,1900-01,1899/1900,24,1900-01-01,396,310,34.6760070052539,27.1453590192645,1142,Bygland,2021-06-14
total,municip,municip4221,2020,total,total,1900,1,1900-01,1899/1900,24,1900-01-01,423,285,36.1847733105218,24.3798118049615,1169,Valle,2021-06-14
total,municip,municip4222,2020,total,total,1900,1,1900-01,1899/1900,24,1900-01-01,320,214,34.4086021505376,23.010752688172,930,Bykle,2021-06-14
total,municip,municip4223,2020,total,total,1900,1,1900-01,1899/1900,24,1900-01-01,5157,3563,34.5296283896887,23.8567124204888,14935,Vennesla,2021-06-14
total,municip,municip4224,2020,total,total,1900,1,1900-01,1899/1900,24,1900-01-01,285,212,30.7443365695793,22.8694714131607,927,Åseral,2021-06-14
total,municip,municip4225,2020,total,total,1900,1,1900-01,1899/1900,24,1900-01-01,3356,2244,32.0718654434251,21.4449541284404,10464,Lyngdal,2021-06-14
total,municip,municip4226,2020,total,total,1900,1,1900-01,1899/1900,24,1900-01-01,651,438,38.5207100591716,25.9171597633136,1690,Hægebostad,2021-06-14
total,municip,municip4227,2020,total,total,1900,1,1900-01,1899/1900,24,1900-01-01,2140,1629,36.1364403917595,27.5075987841945,5922,Kvinesdal,2021-06-14
total,municip,municip4228,2020,total,total,1900,1,1900-01,1899/1900,24,1900-01-01,566,423,31.941309255079,23.8713318284424,1772,Sirdal,2021-06-14
total,municip,municip4601,2020,total,total,1900,1,1900-01,1899/1900,24,1900-01-01,104246,66667,36.5005724769871,23.3427053826842,285601,Bergen,2021-06-14
total,municip,municip4602,2020,total,total,1900,1,1900-01,1899/1900,24,1900-01-01,6501,4363,37.8846153846154,25.4254079254079,17160,Kinn,2021-06-14
total,municip,municip4611,2020,total,total,1900,1,1900-01,1899/1900,24,1900-01-01,1296,968,31.9763138415988,23.8835430545275,4053,Etne,2021-06-14
total,municip,municip4612,2020,total,total,1900,1,1900-01,1899/1900,24,1900-01-01,2049,1476,35.339772335288,25.4570541566057,5798,Sveio,2021-06-14
total,municip,municip4613,2020,total,total,1900,1,1900-01,1899/1900,24,1900-01-01,3987,2784,33.3556429348281,23.291223960512,11953,Bømlo,2021-06-14
total,municip,municip4614,2020,total,total,1900,1,1900-01,1899/1900,24,1900-01-01,6473,4275,34.3194952547585,22.6658183553364,18861,Stord,2021-06-14
total,municip,municip4615,2020,total,total,1900,1,1900-01,1899/1900,24,1900-01-01,1087,839,34.540832538926,26.6603114076899,3147,Fitjar,2021-06-14
total,municip,municip4616,2020,total,total,1900,1,1900-01,1899/1900,24,1900-01-01,1307,952,44.6990424076607,32.5581395348837,2924,Tysnes,2021-06-14
total,municip,municip4617,2020,total,total,1900,1,1900-01,1899/1900,24,1900-01-01,4263,3358,32.6942250172559,25.7535087046553,13039,Kvinnherad,2021-06-14
total,municip,municip4618,2020,total,total,1900,1,1900-01,1899/1900,24,1900-01-01,4193,2751,38.1112524995455,25.0045446282494,11002,Ullensvang,2021-06-14
total,municip,municip4619,2020,total,total,1900,1,1900-01,1899/1900,24,1900-01-01,331,230,36.655592469546,25.4706533776301,903,Eidfjord,2021-06-14
total,municip,municip4620,2020,total,total,1900,1,1900-01,1899/1900,24,1900-01-01,382,268,36.0037700282752,25.2591894439208,1061,Ulvik,2021-06-14
total,municip,municip4621,2020,total,total,1900,1,1900-01,1899/1900,24,1900-01-01,5451,3964,34.528409450814,25.1092671185152,15787,Voss herad,2021-06-14
total,municip,municip4622,2020,total,total,1900,1,1900-01,1899/1900,24,1900-01-01,2876,2057,33.9912539888902,24.3115470984517,8461,Kvam,2021-06-14
total,municip,municip4623,2020,total,total,1900,1,1900-01,1899/1900,24,1900-01-01,955,751,38.1389776357828,29.9920127795527,2504,Samnanger,2021-06-14
total,municip,municip4624,2020,total,total,1900,1,1900-01,1899/1900,24,1900-01-01,8775,5995,35.0313385763903,23.9330911413629,25049,Bjørnafjorden,2021-06-14
total,municip,municip4625,2020,total,total,1900,1,1900-01,1899/1900,24,1900-01-01,1567,1086,29.7005307050796,20.5837755875663,5276,Austevoll,2021-06-14
total,municip,municip4626,2020,total,total,1900,1,1900-01,1899/1900,24,1900-01-01,12131,8537,31.3754396854956,22.079971032485,38664,Øygarden,2021-06-14
total,municip,municip4627,2020,total,total,1900,1,1900-01,1899/1900,24,1900-01-01,9280,6497,31.3577076434412,21.9537744137325,29594,Askøy,2021-06-14
total,municip,municip4628,2020,total,total,1900,1,1900-01,1899/1900,24,1900-01-01,1540,1078,39.3057682491067,27.5140377743747,3918,Vaksdal,2021-06-14
total,municip,municip4629,2020,total,total,1900,1,1900-01,1899/1900,24,1900-01-01,153,121,40.6914893617021,32.1808510638298,376,Modalen,2021-06-14
total,municip,municip4630,2020,total,total,1900,1,1900-01,1899/1900,24,1900-01-01,2874,1982,35.5693069306931,24.529702970297,8080,Osterøy,2021-06-14
total,municip,municip4631,2020,total,total,1900,1,1900-01,1899/1900,24,1900-01-01,10417,7002,35.5080614923135,23.8674711115656,29337,Alver,2021-06-14
total,municip,municip4632,2020,total,total,1900,1,1900-01,1899/1900,24,1900-01-01,1105,818,38.6363636363636,28.6013986013986,2860,Austrheim,2021-06-14
total,municip,municip4633,2020,total,total,1900,1,1900-01,1899/1900,24,1900-01-01,200,145,38.0952380952381,27.6190476190476,525,Fedje,2021-06-14
total,municip,municip4634,2020,total,total,1900,1,1900-01,1899/1900,24,1900-01-01,627,476,37.7710843373494,28.6746987951807,1660,Masfjorden,2021-06-14
total,municip,municip4635,2020,total,total,1900,1,1900-01,1899/1900,24,1900-01-01,832,561,36.6197183098592,24.6919014084507,2272,Gulen,2021-06-14
total,municip,municip4636,2020,total,total,1900,1,1900-01,1899/1900,24,1900-01-01,273,213,34.7328244274809,27.0992366412214,786,Solund,2021-06-14
total,municip,municip4637,2020,total,total,1900,1,1900-01,1899/1900,24,1900-01-01,483,351,37.3261205564142,27.1251931993818,1294,Hyllestad,2021-06-14
total,municip,municip4638,2020,total,total,1900,1,1900-01,1899/1900,24,1900-01-01,1684,1235,41.5905161768338,30.5013583600889,4049,Høyanger,2021-06-14
total,municip,municip4639,2020,total,total,1900,1,1900-01,1899/1900,24,1900-01-01,927,691,35.5036384527001,26.4649559555726,2611,Vik,2021-06-14
total,municip,municip4640,2020,total,total,1900,1,1900-01,1899/1900,24,1900-01-01,4473,3037,37.4685877031329,25.4397721561401,11938,Sogndal,2021-06-14
total,municip,municip4641,2020,total,total,1900,1,1900-01,1899/1900,24,1900-01-01,585,386,32.9206527855937,21.7220033764772,1777,Aurland,2021-06-14
total,municip,municip4642,2020,total,total,1900,1,1900-01,1899/1900,24,1900-01-01,845,630,39.6899953029591,29.5913574448098,2129,Lærdal,2021-06-14
total,municip,municip4643,2020,total,total,1900,1,1900-01,1899/1900,24,1900-01-01,1867,1355,36.1121856866538,26.2088974854932,5170,Årdal,2021-06-14
total,municip,municip4644,2020,total,total,1900,1,1900-01,1899/1900,24,1900-01-01,1856,1341,35.7679707072654,25.8431296974369,5189,Luster,2021-06-14
total,municip,municip4645,2020,total,total,1900,1,1900-01,1899/1900,24,1900-01-01,1017,705,34.0020060180542,23.5707121364092,2991,Askvoll,2021-06-14
total,municip,municip4646,2020,total,total,1900,1,1900-01,1899/1900,24,1900-01-01,1022,760,35.4246100519931,26.3431542461005,2885,Fjaler,2021-06-14
total,municip,municip4647,2020,total,total,1900,1,1900-01,1899/1900,24,1900-01-01,7610,5498,34.5594913714805,24.9682107175295,22020,Sunnfjord,2021-06-14
total,municip,municip4648,2020,total,total,1900,1,1900-01,1899/1900,24,1900-01-01,1362,1018,37.8648874061718,28.3013622463164,3597,Bremanger,2021-06-14
total,municip,municip4649,2020,total,total,1900,1,1900-01,1899/1900,24,1900-01-01,3386,2494,35.5784385835873,26.205737102028,9517,Stad,2021-06-14
total,municip,municip4650,2020,total,total,1900,1,1900-01,1899/1900,24,1900-01-01,2214,1596,37.6210705182668,27.1197960917587,5885,Gloppen,2021-06-14
total,municip,municip4651,2020,total,total,1900,1,1900-01,1899/1900,24,1900-01-01,2368,1685,33.2677718460242,23.6723798819893,7118,Stryn,2021-06-14
total,municip,municip5001,2020,total,total,1900,1,1900-01,1899/1900,24,1900-01-01,66547,45074,32.0561670560466,21.7124689901009,207595,Trondheim,2021-06-14
total,municip,municip5006,2020,total,total,1900,1,1900-01,1899/1900,24,1900-01-01,9183,6731,38.0216959258032,27.8693275919179,24152,Steinkjer,2021-06-14
total,municip,municip5007,2020,total,total,1900,1,1900-01,1899/1900,24,1900-01-01,6030,4203,39.9443561208267,27.8418124006359,15096,Namsos,2021-06-14
total,municip,municip5014,2020,total,total,1900,1,1900-01,1899/1900,24,1900-01-01,1773,1253,34.0699461952344,24.0776325903151,5204,Frøya,2021-06-14
total,municip,municip5020,2020,total,total,1900,1,1900-01,1899/1900,24,1900-01-01,329,247,35.5675675675676,26.7027027027027,925,Osen,2021-06-14
total,municip,municip5021,2020,total,total,1900,1,1900-01,1899/1900,24,1900-01-01,2385,1723,34.1641598624839,24.6812777539035,6981,Oppdal,2021-06-14
total,municip,municip5022,2020,total,total,1900,1,1900-01,1899/1900,24,1900-01-01,1057,798,43.0725346373268,32.518337408313,2454,Rennebu,2021-06-14
total,municip,municip5025,2020,total,total,1900,1,1900-01,1899/1900,24,1900-01-01,2127,1582,38.3243243243243,28.5045045045045,5550,Røros,2021-06-14
total,municip,municip5026,2020,total,total,1900,1,1900-01,1899/1900,24,1900-01-01,689,507,35.010162601626,25.7621951219512,1968,Holtålen,2021-06-14
total,municip,municip5027,2020,total,total,1900,1,1900-01,1899/1900,24,1900-01-01,2262,1512,36.232580490149,24.2191254204709,6243,Midtre-Gauldal,2021-06-14
total,municip,municip5028,2020,total,total,1900,1,1900-01,1899/1900,24,1900-01-01,5625,3899,33.1877986901882,23.0043070387634,16949,Melhus,2021-06-14
total,municip,municip5029,2020,total,total,1900,1,1900-01,1899/1900,24,1900-01-01,2840,1880,33.9428708019601,22.4692243336919,8367,Skaun,2021-06-14
total,municip,municip5031,2020,total,total,1900,1,1900-01,1899/1900,24,1900-01-01,4856,2964,33.8774940700433,20.678107994977,14334,Malvik,2021-06-14
total,municip,municip5032,2020,total,total,1900,1,1900-01,1899/1900,24,1900-01-01,1390,1027,34.1607274514623,25.2396166134185,4069,Selbu,2021-06-14
total,municip,municip5033,2020,total,total,1900,1,1900-01,1899/1900,24,1900-01-01,261,183,34.3873517786561,24.1106719367589,759,Tydal,2021-06-14
total,municip,municip5034,2020,total,total,1900,1,1900-01,1899/1900,24,1900-01-01,788,579,32.6564442602569,23.9950269374223,2413,Meråker,2021-06-14
total,municip,municip5035,2020,total,total,1900,1,1900-01,1899/1900,24,1900-01-01,7810,5324,32.1624181526171,21.9248033603756,24283,Stjørdal,2021-06-14
total,municip,municip5036,2020,total,total,1900,1,1900-01,1899/1900,24,1900-01-01,1072,811,41.0885396703718,31.0847067842085,2609,Frosta,2021-06-14
total,municip,municip5037,2020,total,total,1900,1,1900-01,1899/1900,24,1900-01-01,8286,6054,41.0808130887457,30.0148735746158,20170,Levanger,2021-06-14
total,municip,municip5038,2020,total,total,1900,1,1900-01,1899/1900,24,1900-01-01,5564,3868,37.127986120379,25.8107567062592,14986,Verdal,2021-06-14
total,municip,municip5041,2020,total,total,1900,1,1900-01,1899/1900,24,1900-01-01,731,522,35.5890944498539,25.4138266796495,2054,Snåase-Snåsa,2021-06-14
total,municip,municip5042,2020,total,total,1900,1,1900-01,1899/1900,24,1900-01-01,452,323,34.0361445783133,24.3222891566265,1328,Lierne,2021-06-14
total,municip,municip5043,2020,total,total,1900,1,1900-01,1899/1900,24,1900-01-01,173,139,37.6906318082789,30.2832244008715,459,Røyrvik,2021-06-14
total,municip,municip5044,2020,total,total,1900,1,1900-01,1899/1900,24,1900-01-01,284,219,33.5697399527187,25.886524822695,846,Namsskogan,2021-06-14
total,municip,municip5045,2020,total,total,1900,1,1900-01,1899/1900,24,1900-01-01,894,689,38.091180230081,29.3566254793353,2347,Grong,2021-06-14
total,municip,municip5046,2020,total,total,1900,1,1900-01,1899/1900,24,1900-01-01,352,254,28.9711934156379,20.9053497942387,1215,Høylandet,2021-06-14
total,municip,municip5047,2020,total,total,1900,1,1900-01,1899/1900,24,1900-01-01,1383,1062,35.7826649417853,27.477360931436,3865,Overhalla,2021-06-14
total,municip,municip5049,2020,total,total,1900,1,1900-01,1899/1900,24,1900-01-01,425,330,38.6363636363636,30,1100,Flatanger,2021-06-14
total,municip,municip5052,2020,total,total,1900,1,1900-01,1899/1900,24,1900-01-01,220,150,39.0763765541741,26.6429840142096,563,Leka,2021-06-14
total,municip,municip5053,2020,total,total,1900,1,1900-01,1899/1900,24,1900-01-01,2629,1832,38.8675340035482,27.0845653459491,6764,Inderøy,2021-06-14
total,municip,municip5054,2020,total,total,1900,1,1900-01,1899/1900,24,1900-01-01,3534,2475,35.524728588661,24.8793727382388,9948,Indre-Fosen,2021-06-14
total,municip,municip5055,2020,total,total,1900,1,1900-01,1899/1900,24,1900-01-01,2158,1582,36.3238512035011,26.6285137182293,5941,Heim,2021-06-14
total,municip,municip5056,2020,total,total,1900,1,1900-01,1899/1900,24,1900-01-01,1764,1251,34.3190661478599,24.3385214007782,5140,Hitra,2021-06-14
total,municip,municip5057,2020,total,total,1900,1,1900-01,1899/1900,24,1900-01-01,4004,2745,38.8511546671842,26.6349699204347,10306,Ørland,2021-06-14
total,municip,municip5058,2020,total,total,1900,1,1900-01,1899/1900,24,1900-01-01,1421,1034,33.2708967454929,24.209786935144,4271,Åfjord,2021-06-14
total,municip,municip5059,2020,total,total,1900,1,1900-01,1899/1900,24,1900-01-01,7183,4912,39.2513661202186,26.8415300546448,18300,Orkland,2021-06-14
total,municip,municip5060,2020,total,total,1900,1,1900-01,1899/1900,24,1900-01-01,3453,2388,36.0400793236614,24.9243294019413,9581,Nærøysund,2021-06-14
total,municip,municip5061,2020,total,total,1900,1,1900-01,1899/1900,24,1900-01-01,823,636,41.3775766716943,31.9758672699849,1989,Rindal,2021-06-14
total,municip,municip5401,2020,total,total,1900,1,1900-01,1899/1900,24,1900-01-01,25683,17873,33.3134444516506,23.1830858032298,77095,Tromsø,2021-06-14
total,municip,municip5402,2020,total,total,1900,1,1900-01,1899/1900,24,1900-01-01,8559,6168,34.5985932573369,24.9333009944215,24738,Harstad,2021-06-14
total,municip,municip5403,2020,total,total,1900,1,1900-01,1899/1900,24,1900-01-01,6482,4196,31.0932028589246,20.1275962968293,20847,Alta,2021-06-14
total,municip,municip5404,2020,total,total,1900,1,1900-01,1899/1900,24,1900-01-01,666,495,33.9969372128637,25.2679938744257,1959,Vardø,2021-06-14
total,municip,municip5405,2020,total,total,1900,1,1900-01,1899/1900,24,1900-01-01,1994,1313,35.3420772775612,23.2718894009217,5642,Vadsø,2021-06-14
total,municip,municip5406,2020,total,total,1900,1,1900-01,1899/1900,24,1900-01-01,4264,2955,37.6312770276233,26.0788985967699,11331,Hammerfest,2021-06-14
total,municip,municip5411,2020,total,total,1900,1,1900-01,1899/1900,24,1900-01-01,1009,762,35.7547838412473,27.0021261516655,2822,Kvæfjord,2021-06-14
total,municip,municip5412,2020,total,total,1900,1,1900-01,1899/1900,24,1900-01-01,1451,1107,34.4737467331908,26.3007840342124,4209,Tjeldsund,2021-06-14
total,municip,municip5413,2020,total,total,1900,1,1900-01,1899/1900,24,1900-01-01,534,380,40.4545454545455,28.7878787878788,1320,Ibestad,2021-06-14
total,municip,municip5414,2020,total,total,1900,1,1900-01,1899/1900,24,1900-01-01,353,271,32.3260073260073,24.8168498168498,1092,Gratangen,2021-06-14
total,municip,municip5415,2020,total,total,1900,1,1900-01,1899/1900,24,1900-01-01,321,235,31.4705882352941,23.0392156862745,1020,Loabák - Lavangen,2021-06-14
total,municip,municip5416,2020,total,total,1900,1,1900-01,1899/1900,24,1900-01-01,1296,886,32.7355392775954,22.3793887345289,3959,Bardu,2021-06-14
total,municip,municip5417,2020,total,total,1900,1,1900-01,1899/1900,24,1900-01-01,690,510,33.0301579703207,24.4135950215414,2089,Salangen,2021-06-14
total,municip,municip5418,2020,total,total,1900,1,1900-01,1899/1900,24,1900-01-01,2269,1591,34.3319715539416,24.0732334695113,6609,Målselv,2021-06-14
total,municip,municip5419,2020,total,total,1900,1,1900-01,1899/1900,24,1900-01-01,1320,978,38.0952380952381,28.2251082251082,3465,Sørreisa,2021-06-14
total,municip,municip5420,2020,total,total,1900,1,1900-01,1899/1900,24,1900-01-01,380,287,35.7478833490122,26.9990592662277,1063,Dyrøy,2021-06-14
total,municip,municip5421,2020,total,total,1900,1,1900-01,1899/1900,24,1900-01-01,5455,3813,37.0458404074703,25.8947368421053,14725,Senja,2021-06-14
total,municip,municip5422,2020,total,total,1900,1,1900-01,1899/1900,24,1900-01-01,1984,1320,35.6898722791869,23.7452779276848,5559,Balsfjord,2021-06-14
total,municip,municip5423,2020,total,total,1900,1,1900-01,1899/1900,24,1900-01-01,985,729,45.3499079189687,33.5635359116022,2172,Karlsøy,2021-06-14
total,municip,municip5424,2020,total,total,1900,1,1900-01,1899/1900,24,1900-01-01,1045,809,37.6848178867652,29.1741795888929,2773,Lyngen,2021-06-14
total,municip,municip5425,2020,total,total,1900,1,1900-01,1899/1900,24,1900-01-01,827,600,45.1665756417258,32.7689787001638,1831,Storfjord - Omasvuotna - Omasvuono,2021-06-14
total,municip,municip5426,2020,total,total,1900,1,1900-01,1899/1900,24,1900-01-01,862,588,41.6023166023166,28.3783783783784,2072,Gáivuotna - Kåfjord - Kaivuono,2021-06-14
total,municip,municip5427,2020,total,total,1900,1,1900-01,1899/1900,24,1900-01-01,1067,763,36.8821292775665,26.374006221915,2893,Skjervøy,2021-06-14
total,municip,municip5428,2020,total,total,1900,1,1900-01,1899/1900,24,1900-01-01,1411,1033,29.3225270157939,21.4671654197839,4812,Nordreisa,2021-06-14
total,municip,municip5429,2020,total,total,1900,1,1900-01,1899/1900,24,1900-01-01,459,326,39.3653516295026,27.958833619211,1166,Kvænangen,2021-06-14
total,municip,municip5430,2020,total,total,1900,1,1900-01,1899/1900,24,1900-01-01,944,650,32.3287671232877,22.2602739726027,2920,Guovdageaidnu - Kautokeino,2021-06-14
total,municip,municip5432,2020,total,total,1900,1,1900-01,1899/1900,24,1900-01-01,320,248,37.2093023255814,28.8372093023256,860,Loppa,2021-06-14
total,municip,municip5433,2020,total,total,1900,1,1900-01,1899/1900,24,1900-01-01,309,229,31.4343845371312,23.2960325534079,983,Hasvik,2021-06-14
total,municip,municip5434,2020,total,total,1900,1,1900-01,1899/1900,24,1900-01-01,463,297,38.6800334168755,24.812030075188,1197,Måsøy,2021-06-14
total,municip,municip5435,2020,total,total,1900,1,1900-01,1899/1900,24,1900-01-01,1006,723,32.7154471544716,23.5121951219512,3075,Nordkapp,2021-06-14
total,municip,municip5436,2020,total,total,1900,1,1900-01,1899/1900,24,1900-01-01,1258,911,32.0836521295588,23.2338689109921,3921,Porsanger - Porsáŋgu - Porsanki,2021-06-14
total,municip,municip5437,2020,total,total,1900,1,1900-01,1899/1900,24,1900-01-01,1186,849,44.9072321090496,32.1469140477092,2641,Kárášjohka - Karasjok,2021-06-14
total,municip,municip5438,2020,total,total,1900,1,1900-01,1899/1900,24,1900-01-01,417,302,32.8088119590873,23.7608182533438,1271,Lebesby,2021-06-14
total,municip,municip5439,2020,total,total,1900,1,1900-01,1899/1900,24,1900-01-01,357,276,32.5432999088423,25.1595259799453,1097,Gamvik,2021-06-14
total,municip,municip5440,2020,total,total,1900,1,1900-01,1899/1900,24,1900-01-01,311,218,33.5129310344828,23.4913793103448,928,Berlevåg,2021-06-14
total,municip,municip5441,2020,total,total,1900,1,1900-01,1899/1900,24,1900-01-01,1211,857,42.8066454577589,30.2933898904206,2829,Deatnu - Tana,2021-06-14
total,municip,municip5442,2020,total,total,1900,1,1900-01,1899/1900,24,1900-01-01,327,232,37.1590909090909,26.3636363636364,880,Unjárga - Nesseby,2021-06-14
total,municip,municip5443,2020,total,total,1900,1,1900-01,1899/1900,24,1900-01-01,805,614,36.5909090909091,27.9090909090909,2200,Båtsfjord,2021-06-14
total,municip,municip5444,2020,total,total,1900,1,1900-01,1899/1900,24,1900-01-01,3841,2665,38.0184103731565,26.3783034742156,10103,Sør-Varanger,2021-06-14
total,nation,norge,2020,total,total,1900,1,1900-01,1899/1900,24,1900-01-01,1958572,1350006,36.3279159708786,25.0401335913012,5391369,Norge,2021-06-14
