granularity_time,granularity_geo,location_code,border,age,sex,year,week,yrwk,season,x,date,n_dose_1,n_dose_2,cum_n_dose_1,cum_n_dose_2,cum_pr100_dose_1,cum_pr100_dose_2,pop,location_name,date_of_publishing
day,county,county03,2020,total,total,2020,52,2020-52,2020/2021,23,2020-12-27,5,0,5,0,0.00072098677133472,0,693494,Oslo,2021-02-19
day,county,county03,2020,total,total,2020,53,2020-53,2020/2021,23.5,2020-12-28,264,0,269,0,0.0387890882978079,0,693494,Oslo,2021-02-19
day,county,county03,2020,total,total,2020,53,2020-53,2020/2021,23.5,2020-12-29,118,0,387,0,0.0558043761013073,0,693494,Oslo,2021-02-19
day,county,county03,2020,total,total,2020,53,2020-53,2020/2021,23.5,2020-12-30,58,0,445,0,0.06416782264879,0,693494,Oslo,2021-02-19
day,county,county03,2020,total,total,2020,53,2020-53,2020/2021,23.5,2020-12-31,5,0,450,0,0.0648888094201248,0,693494,Oslo,2021-02-19
day,county,county03,2020,total,total,2020,53,2020-53,2020/2021,23.5,2021-01-01,6,0,456,0,0.0657539935457264,0,693494,Oslo,2021-02-19
day,county,county03,2020,total,total,2020,53,2020-53,2020/2021,23.5,2021-01-02,0,0,456,0,0.0657539935457264,0,693494,Oslo,2021-02-19
day,county,county03,2020,total,total,2020,53,2020-53,2020/2021,23.5,2021-01-03,0,0,456,0,0.0657539935457264,0,693494,Oslo,2021-02-19
day,county,county03,2020,total,total,2021,1,2021-01,2020/2021,24,2021-01-04,0,0,456,0,0.0657539935457264,0,693494,Oslo,2021-02-19
day,county,county03,2020,total,total,2021,1,2021-01,2020/2021,24,2021-01-05,480,0,936,0,0.13496872359386,0,693494,Oslo,2021-02-19
day,county,county03,2020,total,total,2021,1,2021-01,2020/2021,24,2021-01-06,605,0,1541,0,0.222208122925361,0,693494,Oslo,2021-02-19
day,county,county03,2020,total,total,2021,1,2021-01,2020/2021,24,2021-01-07,967,0,2508,0,0.361646964501495,0,693494,Oslo,2021-02-19
day,county,county03,2020,total,total,2021,1,2021-01,2020/2021,24,2021-01-08,449,0,2957,0,0.426391576567353,0,693494,Oslo,2021-02-19
day,county,county03,2020,total,total,2021,1,2021-01,2020/2021,24,2021-01-09,126,0,3083,0,0.444560443204988,0,693494,Oslo,2021-02-19
day,county,county03,2020,total,total,2021,1,2021-01,2020/2021,24,2021-01-10,100,0,3183,0,0.458980178631683,0,693494,Oslo,2021-02-19
day,county,county03,2020,total,total,2021,2,2021-02,2020/2021,25,2021-01-11,76,0,3259,0,0.46993917755597,0,693494,Oslo,2021-02-19
day,county,county03,2020,total,total,2021,2,2021-02,2020/2021,25,2021-01-12,241,0,3500,0,0.504690739934304,0,693494,Oslo,2021-02-19
day,county,county03,2020,total,total,2021,2,2021-02,2020/2021,25,2021-01-13,489,0,3989,0,0.575203246170839,0,693494,Oslo,2021-02-19
day,county,county03,2020,total,total,2021,2,2021-02,2020/2021,25,2021-01-14,1232,0,5221,0,0.752854386627714,0,693494,Oslo,2021-02-19
day,county,county03,2020,total,total,2021,2,2021-02,2020/2021,25,2021-01-15,1640,0,6861,0,0.989338047625502,0,693494,Oslo,2021-02-19
day,county,county03,2020,total,total,2021,2,2021-02,2020/2021,25,2021-01-16,643,0,7504,0,1.08205694641915,0,693494,Oslo,2021-02-19
day,county,county03,2020,total,total,2021,2,2021-02,2020/2021,25,2021-01-17,274,5,7778,5,1.12156702148829,0.00072098677133472,693494,Oslo,2021-02-19
day,county,county03,2020,total,total,2021,3,2021-03,2020/2021,26,2021-01-18,760,231,8538,236,1.23115701073117,0.0340305756069988,693494,Oslo,2021-02-19
day,county,county03,2020,total,total,2021,3,2021-03,2020/2021,26,2021-01-19,809,69,9347,305,1.34781267033312,0.0439801930514179,693494,Oslo,2021-02-19
day,county,county03,2020,total,total,2021,3,2021-03,2020/2021,26,2021-01-20,989,99,10336,404,1.49042385370313,0.0582557311238453,693494,Oslo,2021-02-19
day,county,county03,2020,total,total,2021,3,2021-03,2020/2021,26,2021-01-21,1020,21,11356,425,1.63750515505542,0.0612838755634512,693494,Oslo,2021-02-19
day,county,county03,2020,total,total,2021,3,2021-03,2020/2021,26,2021-01-22,670,6,12026,431,1.73411738241427,0.0621490596890528,693494,Oslo,2021-02-19
day,county,county03,2020,total,total,2021,3,2021-03,2020/2021,26,2021-01-23,232,0,12258,431,1.7675711686042,0.0621490596890528,693494,Oslo,2021-02-19
day,county,county03,2020,total,total,2021,3,2021-03,2020/2021,26,2021-01-24,66,0,12324,431,1.77708819398582,0.0621490596890528,693494,Oslo,2021-02-19
day,county,county03,2020,total,total,2021,4,2021-04,2020/2021,27,2021-01-25,258,0,12582,431,1.81429111138669,0.0621490596890528,693494,Oslo,2021-02-19
day,county,county03,2020,total,total,2021,4,2021-04,2020/2021,27,2021-01-26,314,403,12896,834,1.85956908062651,0.120260593458631,693494,Oslo,2021-02-19
day,county,county03,2020,total,total,2021,4,2021-04,2020/2021,27,2021-01-27,1009,528,13905,1362,2.00506421108186,0.196396796511578,693494,Oslo,2021-02-19
day,county,county03,2020,total,total,2021,4,2021-04,2020/2021,27,2021-01-28,853,842,14758,2204,2.12806455427156,0.317810968804344,693494,Oslo,2021-02-19
day,county,county03,2020,total,total,2021,4,2021-04,2020/2021,27,2021-01-29,416,501,15174,2705,2.18805065364661,0.390053843292083,693494,Oslo,2021-02-19
day,county,county03,2020,total,total,2021,4,2021-04,2020/2021,27,2021-01-30,92,151,15266,2856,2.20131681023917,0.411827643786392,693494,Oslo,2021-02-19
day,county,county03,2020,total,total,2021,4,2021-04,2020/2021,27,2021-01-31,60,45,15326,2901,2.20996865149518,0.418316524728404,693494,Oslo,2021-02-19
day,county,county03,2020,total,total,2021,5,2021-05,2020/2021,28,2021-02-01,52,46,15378,2947,2.21746691391706,0.424949603024684,693494,Oslo,2021-02-19
day,county,county03,2020,total,total,2021,5,2021-05,2020/2021,28,2021-02-02,1521,150,16899,3097,2.43679108975709,0.446579206164725,693494,Oslo,2021-02-19
day,county,county03,2020,total,total,2021,5,2021-05,2020/2021,28,2021-02-03,2360,457,19259,3554,2.77709684582707,0.512477397064719,693494,Oslo,2021-02-19
day,county,county03,2020,total,total,2021,5,2021-05,2020/2021,28,2021-02-04,2019,1228,21278,4782,3.06823130409203,0.689551748104526,693494,Oslo,2021-02-19
day,county,county03,2020,total,total,2021,5,2021-05,2020/2021,28,2021-02-05,1353,1569,22631,6351,3.26333032441521,0.915797396949361,693494,Oslo,2021-02-19
day,county,county03,2020,total,total,2021,5,2021-05,2020/2021,28,2021-02-06,241,631,22872,6982,3.29808188679354,1.0067859274918,693494,Oslo,2021-02-19
day,county,county03,2020,total,total,2021,5,2021-05,2020/2021,28,2021-02-07,215,269,23087,7251,3.32908431796093,1.04557501578961,693494,Oslo,2021-02-19
day,county,county03,2020,total,total,2021,6,2021-06,2020/2021,29,2021-02-08,45,443,23132,7694,3.33557319890295,1.10945444372987,693494,Oslo,2021-02-19
day,county,county03,2020,total,total,2021,6,2021-06,2020/2021,29,2021-02-09,1154,242,24286,7936,3.501976945727,1.14435020346247,693494,Oslo,2021-02-19
day,county,county03,2020,total,total,2021,6,2021-06,2020/2021,29,2021-02-10,1828,808,26114,8744,3.76556970932697,1.26086166571016,693494,Oslo,2021-02-19
day,county,county03,2020,total,total,2021,6,2021-06,2020/2021,29,2021-02-11,1586,742,27700,9486,3.99426671319435,1.36785610257623,693494,Oslo,2021-02-19
day,county,county03,2020,total,total,2021,6,2021-06,2020/2021,29,2021-02-12,1348,419,29048,9905,4.18864474674619,1.42827479401408,693494,Oslo,2021-02-19
day,county,county03,2020,total,total,2021,6,2021-06,2020/2021,29,2021-02-13,270,193,29318,10098,4.22757803239826,1.4561048833876,693494,Oslo,2021-02-19
day,county,county03,2020,total,total,2021,6,2021-06,2020/2021,29,2021-02-14,103,0,29421,10098,4.24243035988776,1.4561048833876,693494,Oslo,2021-02-19
day,county,county03,2020,total,total,2021,7,2021-07,2020/2021,30,2021-02-15,261,441,29682,10539,4.28006586935143,1.51969591661932,693494,Oslo,2021-02-19
day,county,county03,2020,total,total,2021,7,2021-07,2020/2021,30,2021-02-16,705,743,30387,11282,4.38172500410963,1.62683455083966,693494,Oslo,2021-02-19
day,county,county03,2020,total,total,2021,7,2021-07,2020/2021,30,2021-02-17,1315,1017,31702,12299,4.57134452497066,1.77348326012914,693494,Oslo,2021-02-19
day,county,county03,2020,total,total,2021,7,2021-07,2020/2021,30,2021-02-18,916,832,32618,13131,4.70342930147918,1.89345545887924,693494,Oslo,2021-02-19
day,county,county11,2020,total,total,2020,52,2020-52,2020/2021,23,2020-12-27,0,0,0,0,0,0,479892,Rogaland,2021-02-19
day,county,county11,2020,total,total,2020,53,2020-53,2020/2021,23.5,2020-12-28,1,0,1,0,0.000208380218882582,0,479892,Rogaland,2021-02-19
day,county,county11,2020,total,total,2020,53,2020-53,2020/2021,23.5,2020-12-29,0,0,1,0,0.000208380218882582,0,479892,Rogaland,2021-02-19
day,county,county11,2020,total,total,2020,53,2020-53,2020/2021,23.5,2020-12-30,0,0,1,0,0.000208380218882582,0,479892,Rogaland,2021-02-19
day,county,county11,2020,total,total,2020,53,2020-53,2020/2021,23.5,2020-12-31,0,0,1,0,0.000208380218882582,0,479892,Rogaland,2021-02-19
day,county,county11,2020,total,total,2020,53,2020-53,2020/2021,23.5,2021-01-01,0,0,1,0,0.000208380218882582,0,479892,Rogaland,2021-02-19
day,county,county11,2020,total,total,2020,53,2020-53,2020/2021,23.5,2021-01-02,0,0,1,0,0.000208380218882582,0,479892,Rogaland,2021-02-19
day,county,county11,2020,total,total,2020,53,2020-53,2020/2021,23.5,2021-01-03,0,0,1,0,0.000208380218882582,0,479892,Rogaland,2021-02-19
day,county,county11,2020,total,total,2021,1,2021-01,2020/2021,24,2021-01-04,0,0,1,0,0.000208380218882582,0,479892,Rogaland,2021-02-19
day,county,county11,2020,total,total,2021,1,2021-01,2020/2021,24,2021-01-05,548,0,549,0,0.114400740166537,0,479892,Rogaland,2021-02-19
day,county,county11,2020,total,total,2021,1,2021-01,2020/2021,24,2021-01-06,641,0,1190,0,0.247972460470273,0,479892,Rogaland,2021-02-19
day,county,county11,2020,total,total,2021,1,2021-01,2020/2021,24,2021-01-07,211,0,1401,0,0.291940686654497,0,479892,Rogaland,2021-02-19
day,county,county11,2020,total,total,2021,1,2021-01,2020/2021,24,2021-01-08,20,0,1421,0,0.296108291032149,0,479892,Rogaland,2021-02-19
day,county,county11,2020,total,total,2021,1,2021-01,2020/2021,24,2021-01-09,1,0,1422,0,0.296316671251032,0,479892,Rogaland,2021-02-19
day,county,county11,2020,total,total,2021,1,2021-01,2020/2021,24,2021-01-10,0,0,1422,0,0.296316671251032,0,479892,Rogaland,2021-02-19
day,county,county11,2020,total,total,2021,2,2021-02,2020/2021,25,2021-01-11,1,0,1423,0,0.296525051469914,0,479892,Rogaland,2021-02-19
day,county,county11,2020,total,total,2021,2,2021-02,2020/2021,25,2021-01-12,128,0,1551,0,0.323197719486885,0,479892,Rogaland,2021-02-19
day,county,county11,2020,total,total,2021,2,2021-02,2020/2021,25,2021-01-13,761,0,2312,0,0.481775066056529,0,479892,Rogaland,2021-02-19
day,county,county11,2020,total,total,2021,2,2021-02,2020/2021,25,2021-01-14,525,0,2837,0,0.591174680969885,0,479892,Rogaland,2021-02-19
day,county,county11,2020,total,total,2021,2,2021-02,2020/2021,25,2021-01-15,289,0,3126,0,0.651396564226951,0,479892,Rogaland,2021-02-19
day,county,county11,2020,total,total,2021,2,2021-02,2020/2021,25,2021-01-16,0,0,3126,0,0.651396564226951,0,479892,Rogaland,2021-02-19
day,county,county11,2020,total,total,2021,2,2021-02,2020/2021,25,2021-01-17,0,0,3126,0,0.651396564226951,0,479892,Rogaland,2021-02-19
day,county,county11,2020,total,total,2021,3,2021-03,2020/2021,26,2021-01-18,71,0,3197,0,0.666191559767614,0,479892,Rogaland,2021-02-19
day,county,county11,2020,total,total,2021,3,2021-03,2020/2021,26,2021-01-19,512,0,3709,0,0.772882231835496,0,479892,Rogaland,2021-02-19
day,county,county11,2020,total,total,2021,3,2021-03,2020/2021,26,2021-01-20,656,0,4365,0,0.90957965542247,0,479892,Rogaland,2021-02-19
day,county,county11,2020,total,total,2021,3,2021-03,2020/2021,26,2021-01-21,426,0,4791,0,0.99834962866645,0,479892,Rogaland,2021-02-19
day,county,county11,2020,total,total,2021,3,2021-03,2020/2021,26,2021-01-22,274,0,5065,0,1.05544580864028,0,479892,Rogaland,2021-02-19
day,county,county11,2020,total,total,2021,3,2021-03,2020/2021,26,2021-01-23,0,0,5065,0,1.05544580864028,0,479892,Rogaland,2021-02-19
day,county,county11,2020,total,total,2021,3,2021-03,2020/2021,26,2021-01-24,0,0,5065,0,1.05544580864028,0,479892,Rogaland,2021-02-19
day,county,county11,2020,total,total,2021,4,2021-04,2020/2021,27,2021-01-25,149,0,5214,0,1.08649446125378,0,479892,Rogaland,2021-02-19
day,county,county11,2020,total,total,2021,4,2021-04,2020/2021,27,2021-01-26,339,381,5553,381,1.15713535545498,0.0793928633942637,479892,Rogaland,2021-02-19
day,county,county11,2020,total,total,2021,4,2021-04,2020/2021,27,2021-01-27,859,603,6412,984,1.33613396347512,0.205046135380461,479892,Rogaland,2021-02-19
day,county,county11,2020,total,total,2021,4,2021-04,2020/2021,27,2021-01-28,521,282,6933,1266,1.44470005751294,0.263809357105349,479892,Rogaland,2021-02-19
day,county,county11,2020,total,total,2021,4,2021-04,2020/2021,27,2021-01-29,410,22,7343,1288,1.5301359472548,0.268393721920766,479892,Rogaland,2021-02-19
day,county,county11,2020,total,total,2021,4,2021-04,2020/2021,27,2021-01-30,2,1,7345,1289,1.53055270769256,0.268602102139648,479892,Rogaland,2021-02-19
day,county,county11,2020,total,total,2021,4,2021-04,2020/2021,27,2021-01-31,0,0,7345,1289,1.53055270769256,0.268602102139648,479892,Rogaland,2021-02-19
day,county,county11,2020,total,total,2021,5,2021-05,2020/2021,28,2021-02-01,12,5,7357,1294,1.53305327031916,0.269644003234061,479892,Rogaland,2021-02-19
day,county,county11,2020,total,total,2021,5,2021-05,2020/2021,28,2021-02-02,449,75,7806,1369,1.62661598859743,0.285272519650255,479892,Rogaland,2021-02-19
day,county,county11,2020,total,total,2021,5,2021-05,2020/2021,28,2021-02-03,2401,646,10207,2015,2.12693689413451,0.419886141048402,479892,Rogaland,2021-02-19
day,county,county11,2020,total,total,2021,5,2021-05,2020/2021,28,2021-02-04,1863,545,12070,2560,2.51514924191276,0.53345336033941,479892,Rogaland,2021-02-19
day,county,county11,2020,total,total,2021,5,2021-05,2020/2021,28,2021-02-05,657,279,12727,2839,2.65205504571862,0.59159144140765,479892,Rogaland,2021-02-19
day,county,county11,2020,total,total,2021,5,2021-05,2020/2021,28,2021-02-06,0,0,12727,2839,2.65205504571862,0.59159144140765,479892,Rogaland,2021-02-19
day,county,county11,2020,total,total,2021,5,2021-05,2020/2021,28,2021-02-07,0,0,12727,2839,2.65205504571862,0.59159144140765,479892,Rogaland,2021-02-19
day,county,county11,2020,total,total,2021,6,2021-06,2020/2021,29,2021-02-08,7,71,12734,2910,2.6535137072508,0.606386436948313,479892,Rogaland,2021-02-19
day,county,county11,2020,total,total,2021,6,2021-06,2020/2021,29,2021-02-09,582,390,13316,3300,2.77479099464046,0.68765472231252,479892,Rogaland,2021-02-19
day,county,county11,2020,total,total,2021,6,2021-06,2020/2021,29,2021-02-10,1910,676,15226,3976,3.17279721270619,0.828519750277146,479892,Rogaland,2021-02-19
day,county,county11,2020,total,total,2021,6,2021-06,2020/2021,29,2021-02-11,1165,490,16391,4466,3.4155601677044,0.930626057529611,479892,Rogaland,2021-02-19
day,county,county11,2020,total,total,2021,6,2021-06,2020/2021,29,2021-02-12,481,264,16872,4730,3.51579105298692,0.985638435314612,479892,Rogaland,2021-02-19
day,county,county11,2020,total,total,2021,6,2021-06,2020/2021,29,2021-02-13,0,0,16872,4730,3.51579105298692,0.985638435314612,479892,Rogaland,2021-02-19
day,county,county11,2020,total,total,2021,6,2021-06,2020/2021,29,2021-02-14,0,0,16872,4730,3.51579105298692,0.985638435314612,479892,Rogaland,2021-02-19
day,county,county11,2020,total,total,2021,7,2021-07,2020/2021,30,2021-02-15,0,146,16872,4876,3.51579105298692,1.01606194727147,479892,Rogaland,2021-02-19
day,county,county11,2020,total,total,2021,7,2021-07,2020/2021,30,2021-02-16,459,314,17331,5190,3.61143757345403,1.0814933360006,479892,Rogaland,2021-02-19
day,county,county11,2020,total,total,2021,7,2021-07,2020/2021,30,2021-02-17,1447,747,18778,5937,3.91296375017712,1.23715335950589,479892,Rogaland,2021-02-19
day,county,county11,2020,total,total,2021,7,2021-07,2020/2021,30,2021-02-18,1030,403,19808,6340,4.12759537562618,1.32113058771557,479892,Rogaland,2021-02-19
day,county,county15,2020,total,total,2020,52,2020-52,2020/2021,23,2020-12-27,0,0,0,0,0,0,265238,Møre og Romsdal,2021-02-19
day,county,county15,2020,total,total,2020,53,2020-53,2020/2021,23.5,2020-12-28,0,0,0,0,0,0,265238,Møre og Romsdal,2021-02-19
day,county,county15,2020,total,total,2020,53,2020-53,2020/2021,23.5,2020-12-29,0,0,0,0,0,0,265238,Møre og Romsdal,2021-02-19
day,county,county15,2020,total,total,2020,53,2020-53,2020/2021,23.5,2020-12-30,0,0,0,0,0,0,265238,Møre og Romsdal,2021-02-19
day,county,county15,2020,total,total,2020,53,2020-53,2020/2021,23.5,2020-12-31,0,0,0,0,0,0,265238,Møre og Romsdal,2021-02-19
day,county,county15,2020,total,total,2020,53,2020-53,2020/2021,23.5,2021-01-01,0,0,0,0,0,0,265238,Møre og Romsdal,2021-02-19
day,county,county15,2020,total,total,2020,53,2020-53,2020/2021,23.5,2021-01-02,0,0,0,0,0,0,265238,Møre og Romsdal,2021-02-19
day,county,county15,2020,total,total,2020,53,2020-53,2020/2021,23.5,2021-01-03,0,0,0,0,0,0,265238,Møre og Romsdal,2021-02-19
day,county,county15,2020,total,total,2021,1,2021-01,2020/2021,24,2021-01-04,0,0,0,0,0,0,265238,Møre og Romsdal,2021-02-19
day,county,county15,2020,total,total,2021,1,2021-01,2020/2021,24,2021-01-05,186,0,186,0,0.0701256984293352,0,265238,Møre og Romsdal,2021-02-19
day,county,county15,2020,total,total,2021,1,2021-01,2020/2021,24,2021-01-06,497,0,683,0,0.257504580791591,0,265238,Møre og Romsdal,2021-02-19
day,county,county15,2020,total,total,2021,1,2021-01,2020/2021,24,2021-01-07,457,0,1140,0,0.429802667792699,0,265238,Møre og Romsdal,2021-02-19
day,county,county15,2020,total,total,2021,1,2021-01,2020/2021,24,2021-01-08,35,0,1175,0,0.442998363733703,0,265238,Møre og Romsdal,2021-02-19
day,county,county15,2020,total,total,2021,1,2021-01,2020/2021,24,2021-01-09,1,0,1176,0,0.443375383617732,0,265238,Møre og Romsdal,2021-02-19
day,county,county15,2020,total,total,2021,1,2021-01,2020/2021,24,2021-01-10,0,0,1176,0,0.443375383617732,0,265238,Møre og Romsdal,2021-02-19
day,county,county15,2020,total,total,2021,2,2021-02,2020/2021,25,2021-01-11,1,0,1177,0,0.443752403501761,0,265238,Møre og Romsdal,2021-02-19
day,county,county15,2020,total,total,2021,2,2021-02,2020/2021,25,2021-01-12,227,0,1404,0,0.529335917176272,0,265238,Møre og Romsdal,2021-02-19
day,county,county15,2020,total,total,2021,2,2021-02,2020/2021,25,2021-01-13,387,0,1791,0,0.675242612295372,0,265238,Møre og Romsdal,2021-02-19
day,county,county15,2020,total,total,2021,2,2021-02,2020/2021,25,2021-01-14,410,0,2201,0,0.829820764747133,0,265238,Møre og Romsdal,2021-02-19
day,county,county15,2020,total,total,2021,2,2021-02,2020/2021,25,2021-01-15,152,0,2353,0,0.887127787119493,0,265238,Møre og Romsdal,2021-02-19
day,county,county15,2020,total,total,2021,2,2021-02,2020/2021,25,2021-01-16,1,0,2354,0,0.887504807003522,0,265238,Møre og Romsdal,2021-02-19
day,county,county15,2020,total,total,2021,2,2021-02,2020/2021,25,2021-01-17,1,0,2355,0,0.88788182688755,0,265238,Møre og Romsdal,2021-02-19
day,county,county15,2020,total,total,2021,3,2021-03,2020/2021,26,2021-01-18,11,0,2366,0,0.892029045611866,0,265238,Møre og Romsdal,2021-02-19
day,county,county15,2020,total,total,2021,3,2021-03,2020/2021,26,2021-01-19,203,0,2569,0,0.968564082069688,0,265238,Møre og Romsdal,2021-02-19
day,county,county15,2020,total,total,2021,3,2021-03,2020/2021,26,2021-01-20,500,0,3069,0,1.15707402408403,0,265238,Møre og Romsdal,2021-02-19
day,county,county15,2020,total,total,2021,3,2021-03,2020/2021,26,2021-01-21,801,0,3870,0,1.45906695119101,0,265238,Møre og Romsdal,2021-02-19
day,county,county15,2020,total,total,2021,3,2021-03,2020/2021,26,2021-01-22,212,0,4082,0,1.53899516660509,0,265238,Møre og Romsdal,2021-02-19
day,county,county15,2020,total,total,2021,3,2021-03,2020/2021,26,2021-01-23,0,0,4082,0,1.53899516660509,0,265238,Møre og Romsdal,2021-02-19
day,county,county15,2020,total,total,2021,3,2021-03,2020/2021,26,2021-01-24,0,0,4082,0,1.53899516660509,0,265238,Møre og Romsdal,2021-02-19
day,county,county15,2020,total,total,2021,4,2021-04,2020/2021,27,2021-01-25,3,0,4085,0,1.54012622625717,0,265238,Møre og Romsdal,2021-02-19
day,county,county15,2020,total,total,2021,4,2021-04,2020/2021,27,2021-01-26,78,129,4163,129,1.56953377721141,0.0486355650397002,265238,Møre og Romsdal,2021-02-19
day,county,county15,2020,total,total,2021,4,2021-04,2020/2021,27,2021-01-27,539,359,4702,488,1.77274749470287,0.183985703405998,265238,Møre og Romsdal,2021-02-19
day,county,county15,2020,total,total,2021,4,2021-04,2020/2021,27,2021-01-28,487,509,5189,997,1.95635617822484,0.375888824376598,265238,Møre og Romsdal,2021-02-19
day,county,county15,2020,total,total,2021,4,2021-04,2020/2021,27,2021-01-29,91,77,5280,1074,1.99066498767145,0.404919355446806,265238,Møre og Romsdal,2021-02-19
day,county,county15,2020,total,total,2021,4,2021-04,2020/2021,27,2021-01-30,0,1,5280,1075,1.99066498767145,0.405296375330835,265238,Møre og Romsdal,2021-02-19
day,county,county15,2020,total,total,2021,4,2021-04,2020/2021,27,2021-01-31,0,0,5280,1075,1.99066498767145,0.405296375330835,265238,Møre og Romsdal,2021-02-19
day,county,county15,2020,total,total,2021,5,2021-05,2020/2021,28,2021-02-01,0,0,5280,1075,1.99066498767145,0.405296375330835,265238,Møre og Romsdal,2021-02-19
day,county,county15,2020,total,total,2021,5,2021-05,2020/2021,28,2021-02-02,279,195,5559,1270,2.09585353531545,0.478815252716428,265238,Møre og Romsdal,2021-02-19
day,county,county15,2020,total,total,2021,5,2021-05,2020/2021,28,2021-02-03,1039,312,6598,1582,2.48757719482125,0.596445456533378,265238,Møre og Romsdal,2021-02-19
day,county,county15,2020,total,total,2021,5,2021-05,2020/2021,28,2021-02-04,1525,463,8123,2045,3.062532517965,0.771005662838658,265238,Møre og Romsdal,2021-02-19
day,county,county15,2020,total,total,2021,5,2021-05,2020/2021,28,2021-02-05,203,156,8326,2201,3.13906755442282,0.829820764747133,265238,Møre og Romsdal,2021-02-19
day,county,county15,2020,total,total,2021,5,2021-05,2020/2021,28,2021-02-06,1,2,8327,2203,3.13944457430685,0.83057480451519,265238,Møre og Romsdal,2021-02-19
day,county,county15,2020,total,total,2021,5,2021-05,2020/2021,28,2021-02-07,0,1,8327,2204,3.13944457430685,0.830951824399219,265238,Møre og Romsdal,2021-02-19
day,county,county15,2020,total,total,2021,6,2021-06,2020/2021,29,2021-02-08,0,2,8327,2206,3.13944457430685,0.831705864167276,265238,Møre og Romsdal,2021-02-19
day,county,county15,2020,total,total,2021,6,2021-06,2020/2021,29,2021-02-09,316,178,8643,2384,3.25858285765991,0.898815403524382,265238,Møre og Romsdal,2021-02-19
day,county,county15,2020,total,total,2021,6,2021-06,2020/2021,29,2021-02-10,1157,424,9800,2808,3.6947948634811,1.05867183435254,265238,Møre og Romsdal,2021-02-19
day,county,county15,2020,total,total,2021,6,2021-06,2020/2021,29,2021-02-11,1195,774,10995,3582,4.14533362489538,1.35048522459074,265238,Møre og Romsdal,2021-02-19
day,county,county15,2020,total,total,2021,6,2021-06,2020/2021,29,2021-02-12,297,205,11292,3787,4.2573085304519,1.42777430081663,265238,Møre og Romsdal,2021-02-19
day,county,county15,2020,total,total,2021,6,2021-06,2020/2021,29,2021-02-13,24,0,11316,3787,4.26635700766858,1.42777430081663,265238,Møre og Romsdal,2021-02-19
day,county,county15,2020,total,total,2021,6,2021-06,2020/2021,29,2021-02-14,0,0,11316,3787,4.26635700766858,1.42777430081663,265238,Møre og Romsdal,2021-02-19
day,county,county15,2020,total,total,2021,7,2021-07,2020/2021,30,2021-02-15,1,8,11317,3795,4.26673402755261,1.43079045988885,265238,Møre og Romsdal,2021-02-19
day,county,county15,2020,total,total,2021,7,2021-07,2020/2021,30,2021-02-16,342,58,11659,3853,4.39567482789042,1.45265761316252,265238,Møre og Romsdal,2021-02-19
day,county,county15,2020,total,total,2021,7,2021-07,2020/2021,30,2021-02-17,1150,373,12809,4226,4.82924769452341,1.59328602990522,265238,Møre og Romsdal,2021-02-19
day,county,county15,2020,total,total,2021,7,2021-07,2020/2021,30,2021-02-18,1138,473,13947,4699,5.25829632254805,1.77161643505078,265238,Møre og Romsdal,2021-02-19
day,county,county18,2020,total,total,2020,52,2020-52,2020/2021,23,2020-12-27,0,0,0,0,0,0,241235,Nordland,2021-02-19
day,county,county18,2020,total,total,2020,53,2020-53,2020/2021,23.5,2020-12-28,0,0,0,0,0,0,241235,Nordland,2021-02-19
day,county,county18,2020,total,total,2020,53,2020-53,2020/2021,23.5,2020-12-29,0,0,0,0,0,0,241235,Nordland,2021-02-19
day,county,county18,2020,total,total,2020,53,2020-53,2020/2021,23.5,2020-12-30,1,0,1,0,0.00041453354612722,0,241235,Nordland,2021-02-19
day,county,county18,2020,total,total,2020,53,2020-53,2020/2021,23.5,2020-12-31,0,0,1,0,0.00041453354612722,0,241235,Nordland,2021-02-19
day,county,county18,2020,total,total,2020,53,2020-53,2020/2021,23.5,2021-01-01,0,0,1,0,0.00041453354612722,0,241235,Nordland,2021-02-19
day,county,county18,2020,total,total,2020,53,2020-53,2020/2021,23.5,2021-01-02,0,0,1,0,0.00041453354612722,0,241235,Nordland,2021-02-19
day,county,county18,2020,total,total,2020,53,2020-53,2020/2021,23.5,2021-01-03,0,0,1,0,0.00041453354612722,0,241235,Nordland,2021-02-19
day,county,county18,2020,total,total,2021,1,2021-01,2020/2021,24,2021-01-04,0,0,1,0,0.00041453354612722,0,241235,Nordland,2021-02-19
day,county,county18,2020,total,total,2021,1,2021-01,2020/2021,24,2021-01-05,200,0,201,0,0.0833212427715713,0,241235,Nordland,2021-02-19
day,county,county18,2020,total,total,2021,1,2021-01,2020/2021,24,2021-01-06,686,0,887,0,0.367691255414845,0,241235,Nordland,2021-02-19
day,county,county18,2020,total,total,2021,1,2021-01,2020/2021,24,2021-01-07,238,0,1125,0,0.466350239393123,0,241235,Nordland,2021-02-19
day,county,county18,2020,total,total,2021,1,2021-01,2020/2021,24,2021-01-08,115,0,1240,0,0.514021597197753,0,241235,Nordland,2021-02-19
day,county,county18,2020,total,total,2021,1,2021-01,2020/2021,24,2021-01-09,0,0,1240,0,0.514021597197753,0,241235,Nordland,2021-02-19
day,county,county18,2020,total,total,2021,1,2021-01,2020/2021,24,2021-01-10,0,0,1240,0,0.514021597197753,0,241235,Nordland,2021-02-19
day,county,county18,2020,total,total,2021,2,2021-02,2020/2021,25,2021-01-11,0,0,1240,0,0.514021597197753,0,241235,Nordland,2021-02-19
day,county,county18,2020,total,total,2021,2,2021-02,2020/2021,25,2021-01-12,291,0,1531,0,0.634650859120774,0,241235,Nordland,2021-02-19
day,county,county18,2020,total,total,2021,2,2021-02,2020/2021,25,2021-01-13,626,0,2157,0,0.894148858996414,0,241235,Nordland,2021-02-19
day,county,county18,2020,total,total,2021,2,2021-02,2020/2021,25,2021-01-14,273,0,2430,0,1.00731651708915,0,241235,Nordland,2021-02-19
day,county,county18,2020,total,total,2021,2,2021-02,2020/2021,25,2021-01-15,69,0,2499,0,1.03591933177192,0,241235,Nordland,2021-02-19
day,county,county18,2020,total,total,2021,2,2021-02,2020/2021,25,2021-01-16,0,0,2499,0,1.03591933177192,0,241235,Nordland,2021-02-19
day,county,county18,2020,total,total,2021,2,2021-02,2020/2021,25,2021-01-17,0,0,2499,0,1.03591933177192,0,241235,Nordland,2021-02-19
day,county,county18,2020,total,total,2021,3,2021-03,2020/2021,26,2021-01-18,0,0,2499,0,1.03591933177192,0,241235,Nordland,2021-02-19
day,county,county18,2020,total,total,2021,3,2021-03,2020/2021,26,2021-01-19,313,0,2812,0,1.16566833170974,0,241235,Nordland,2021-02-19
day,county,county18,2020,total,total,2021,3,2021-03,2020/2021,26,2021-01-20,783,0,3595,0,1.49024809832736,0,241235,Nordland,2021-02-19
day,county,county18,2020,total,total,2021,3,2021-03,2020/2021,26,2021-01-21,611,0,4206,0,1.74352809501109,0,241235,Nordland,2021-02-19
day,county,county18,2020,total,total,2021,3,2021-03,2020/2021,26,2021-01-22,167,0,4373,0,1.81275519721433,0,241235,Nordland,2021-02-19
day,county,county18,2020,total,total,2021,3,2021-03,2020/2021,26,2021-01-23,1,0,4374,0,1.81316973076046,0,241235,Nordland,2021-02-19
day,county,county18,2020,total,total,2021,3,2021-03,2020/2021,26,2021-01-24,0,0,4374,0,1.81316973076046,0,241235,Nordland,2021-02-19
day,county,county18,2020,total,total,2021,4,2021-04,2020/2021,27,2021-01-25,51,0,4425,0,1.83431094161295,0,241235,Nordland,2021-02-19
day,county,county18,2020,total,total,2021,4,2021-04,2020/2021,27,2021-01-26,96,90,4521,90,1.87410616204116,0.0373080191514498,241235,Nordland,2021-02-19
day,county,county18,2020,total,total,2021,4,2021-04,2020/2021,27,2021-01-27,624,529,5145,619,2.13277509482455,0.256596265052749,241235,Nordland,2021-02-19
day,county,county18,2020,total,total,2021,4,2021-04,2020/2021,27,2021-01-28,471,365,5616,984,2.32802039505047,0.407901009389185,241235,Nordland,2021-02-19
day,county,county18,2020,total,total,2021,4,2021-04,2020/2021,27,2021-01-29,209,145,5825,1129,2.41465790619106,0.468008373577632,241235,Nordland,2021-02-19
day,county,county18,2020,total,total,2021,4,2021-04,2020/2021,27,2021-01-30,0,0,5825,1129,2.41465790619106,0.468008373577632,241235,Nordland,2021-02-19
day,county,county18,2020,total,total,2021,4,2021-04,2020/2021,27,2021-01-31,0,0,5825,1129,2.41465790619106,0.468008373577632,241235,Nordland,2021-02-19
day,county,county18,2020,total,total,2021,5,2021-05,2020/2021,28,2021-02-01,9,4,5834,1133,2.4183887081062,0.469666507762141,241235,Nordland,2021-02-19
day,county,county18,2020,total,total,2021,5,2021-05,2020/2021,28,2021-02-02,103,199,5937,1332,2.46108566335731,0.552158683441458,241235,Nordland,2021-02-19
day,county,county18,2020,total,total,2021,5,2021-05,2020/2021,28,2021-02-03,1385,446,7322,1778,3.03521462474351,0.737040645014198,241235,Nordland,2021-02-19
day,county,county18,2020,total,total,2021,5,2021-05,2020/2021,28,2021-02-04,1664,347,8986,2125,3.7249984454992,0.880883785520343,241235,Nordland,2021-02-19
day,county,county18,2020,total,total,2021,5,2021-05,2020/2021,28,2021-02-05,328,125,9314,2250,3.86096544862893,0.932700478786246,241235,Nordland,2021-02-19
day,county,county18,2020,total,total,2021,5,2021-05,2020/2021,28,2021-02-06,0,0,9314,2250,3.86096544862893,0.932700478786246,241235,Nordland,2021-02-19
day,county,county18,2020,total,total,2021,5,2021-05,2020/2021,28,2021-02-07,1,0,9315,2250,3.86137998217506,0.932700478786246,241235,Nordland,2021-02-19
day,county,county18,2020,total,total,2021,6,2021-06,2020/2021,29,2021-02-08,6,1,9321,2251,3.86386718345182,0.933115012332373,241235,Nordland,2021-02-19
day,county,county18,2020,total,total,2021,6,2021-06,2020/2021,29,2021-02-09,69,262,9390,2513,3.8924699981346,1.0417228014177,241235,Nordland,2021-02-19
day,county,county18,2020,total,total,2021,6,2021-06,2020/2021,29,2021-02-10,1988,589,11378,3102,4.71656268783551,1.28588306008664,241235,Nordland,2021-02-19
day,county,county18,2020,total,total,2021,6,2021-06,2020/2021,29,2021-02-11,1195,560,12573,3662,5.21193027545754,1.51802184591788,241235,Nordland,2021-02-19
day,county,county18,2020,total,total,2021,6,2021-06,2020/2021,29,2021-02-12,276,229,12849,3891,5.32634153418865,1.61295002798101,241235,Nordland,2021-02-19
day,county,county18,2020,total,total,2021,6,2021-06,2020/2021,29,2021-02-13,52,3,12901,3894,5.34789727858727,1.6141936286194,241235,Nordland,2021-02-19
day,county,county18,2020,total,total,2021,6,2021-06,2020/2021,29,2021-02-14,0,0,12901,3894,5.34789727858727,1.6141936286194,241235,Nordland,2021-02-19
day,county,county18,2020,total,total,2021,7,2021-07,2020/2021,30,2021-02-15,0,1,12901,3895,5.34789727858727,1.61460816216552,241235,Nordland,2021-02-19
day,county,county18,2020,total,total,2021,7,2021-07,2020/2021,30,2021-02-16,219,52,13120,3947,5.43868012518913,1.63616390656414,241235,Nordland,2021-02-19
day,county,county18,2020,total,total,2021,7,2021-07,2020/2021,30,2021-02-17,1432,460,14552,4407,6.03229216324331,1.82684933778266,241235,Nordland,2021-02-19
day,county,county18,2020,total,total,2021,7,2021-07,2020/2021,30,2021-02-18,770,476,15322,4883,6.35148299376127,2.02416730573922,241235,Nordland,2021-02-19
day,county,county30,2020,total,total,2020,52,2020-52,2020/2021,23,2020-12-27,0,0,0,0,0,0,1241165,Viken,2021-02-19
day,county,county30,2020,total,total,2020,53,2020-53,2020/2021,23.5,2020-12-28,65,0,65,0,0.00523701522360041,0,1241165,Viken,2021-02-19
day,county,county30,2020,total,total,2020,53,2020-53,2020/2021,23.5,2020-12-29,689,0,754,0,0.0607493765937647,0,1241165,Viken,2021-02-19
day,county,county30,2020,total,total,2020,53,2020-53,2020/2021,23.5,2020-12-30,216,0,970,0,0.0781523810291138,0,1241165,Viken,2021-02-19
day,county,county30,2020,total,total,2020,53,2020-53,2020/2021,23.5,2020-12-31,67,0,1037,0,0.0835505351826711,0,1241165,Viken,2021-02-19
day,county,county30,2020,total,total,2020,53,2020-53,2020/2021,23.5,2021-01-01,0,0,1037,0,0.0835505351826711,0,1241165,Viken,2021-02-19
day,county,county30,2020,total,total,2020,53,2020-53,2020/2021,23.5,2021-01-02,0,0,1037,0,0.0835505351826711,0,1241165,Viken,2021-02-19
day,county,county30,2020,total,total,2020,53,2020-53,2020/2021,23.5,2021-01-03,0,0,1037,0,0.0835505351826711,0,1241165,Viken,2021-02-19
day,county,county30,2020,total,total,2021,1,2021-01,2020/2021,24,2021-01-04,0,0,1037,0,0.0835505351826711,0,1241165,Viken,2021-02-19
day,county,county30,2020,total,total,2021,1,2021-01,2020/2021,24,2021-01-05,524,0,1561,0,0.125768934831388,0,1241165,Viken,2021-02-19
day,county,county30,2020,total,total,2021,1,2021-01,2020/2021,24,2021-01-06,1645,0,3206,0,0.258305704720968,0,1241165,Viken,2021-02-19
day,county,county30,2020,total,total,2021,1,2021-01,2020/2021,24,2021-01-07,1916,0,5122,0,0.412676799619712,0,1241165,Viken,2021-02-19
day,county,county30,2020,total,total,2021,1,2021-01,2020/2021,24,2021-01-08,280,0,5402,0,0.435236249813683,0,1241165,Viken,2021-02-19
day,county,county30,2020,total,total,2021,1,2021-01,2020/2021,24,2021-01-09,6,0,5408,0,0.435719666603554,0,1241165,Viken,2021-02-19
day,county,county30,2020,total,total,2021,1,2021-01,2020/2021,24,2021-01-10,5,0,5413,0,0.436122513928446,0,1241165,Viken,2021-02-19
day,county,county30,2020,total,total,2021,2,2021-02,2020/2021,25,2021-01-11,56,0,5469,0,0.44063440396724,0,1241165,Viken,2021-02-19
day,county,county30,2020,total,total,2021,2,2021-02,2020/2021,25,2021-01-12,787,0,6256,0,0.504042572905295,0,1241165,Viken,2021-02-19
day,county,county30,2020,total,total,2021,2,2021-02,2020/2021,25,2021-01-13,1940,0,8196,0,0.660347334963522,0,1241165,Viken,2021-02-19
day,county,county30,2020,total,total,2021,2,2021-02,2020/2021,25,2021-01-14,1952,0,10148,0,0.817618930601491,0,1241165,Viken,2021-02-19
day,county,county30,2020,total,total,2021,2,2021-02,2020/2021,25,2021-01-15,1042,0,11190,0,0.901572313109055,0,1241165,Viken,2021-02-19
day,county,county30,2020,total,total,2021,2,2021-02,2020/2021,25,2021-01-16,87,0,11277,0,0.908581856562182,0,1241165,Viken,2021-02-19
day,county,county30,2020,total,total,2021,2,2021-02,2020/2021,25,2021-01-17,22,0,11299,0,0.910354384791708,0,1241165,Viken,2021-02-19
day,county,county30,2020,total,total,2021,3,2021-03,2020/2021,26,2021-01-18,141,51,11440,51,0.921714679353672,0.00410904271390186,1241165,Viken,2021-02-19
day,county,county30,2020,total,total,2021,3,2021-03,2020/2021,26,2021-01-19,643,384,12083,435,0.973520845334827,0.0350477172656335,1241165,Viken,2021-02-19
day,county,county30,2020,total,total,2021,3,2021-03,2020/2021,26,2021-01-20,1489,342,13572,777,1.09348877868777,0.0626024742882695,1241165,Viken,2021-02-19
day,county,county30,2020,total,total,2021,3,2021-03,2020/2021,26,2021-01-21,1995,99,15567,876,1.25422486131981,0.0705788513211378,1241165,Viken,2021-02-19
day,county,county30,2020,total,total,2021,3,2021-03,2020/2021,26,2021-01-22,815,1,16382,877,1.31988897527726,0.0706594207861163,1241165,Viken,2021-02-19
day,county,county30,2020,total,total,2021,3,2021-03,2020/2021,26,2021-01-23,97,0,16479,877,1.32770421338017,0.0706594207861163,1241165,Viken,2021-02-19
day,county,county30,2020,total,total,2021,3,2021-03,2020/2021,26,2021-01-24,0,0,16479,877,1.32770421338017,0.0706594207861163,1241165,Viken,2021-02-19
day,county,county30,2020,total,total,2021,4,2021-04,2020/2021,27,2021-01-25,59,0,16538,877,1.3324578118139,0.0706594207861163,1241165,Viken,2021-02-19
day,county,county30,2020,total,total,2021,4,2021-04,2020/2021,27,2021-01-26,559,391,17097,1268,1.37749614273686,0.102162081592697,1241165,Viken,2021-02-19
day,county,county30,2020,total,total,2021,4,2021-04,2020/2021,27,2021-01-27,1931,1145,19028,2413,1.53307577961029,0.194414118993043,1241165,Viken,2021-02-19
day,county,county30,2020,total,total,2021,4,2021-04,2020/2021,27,2021-01-28,3096,1704,22124,4117,1.78251884318362,0.331704487316352,1241165,Viken,2021-02-19
day,county,county30,2020,total,total,2021,4,2021-04,2020/2021,27,2021-01-29,1027,421,23151,4538,1.86526368371651,0.365624232072287,1241165,Viken,2021-02-19
day,county,county30,2020,total,total,2021,4,2021-04,2020/2021,27,2021-01-30,4,17,23155,4555,1.86558596157642,0.366993912976921,1241165,Viken,2021-02-19
day,county,county30,2020,total,total,2021,4,2021-04,2020/2021,27,2021-01-31,0,3,23155,4558,1.86558596157642,0.367235621371856,1241165,Viken,2021-02-19
day,county,county30,2020,total,total,2021,5,2021-05,2020/2021,28,2021-02-01,24,45,23179,4603,1.86751962873591,0.370861247295887,1241165,Viken,2021-02-19
day,county,county30,2020,total,total,2021,5,2021-05,2020/2021,28,2021-02-02,1014,685,24193,5288,1.94921706622407,0.426051330806138,1241165,Viken,2021-02-19
day,county,county30,2020,total,total,2021,5,2021-05,2020/2021,28,2021-02-03,4718,1708,28911,6996,2.32934380199248,0.563663976989361,1241165,Viken,2021-02-19
day,county,county30,2020,total,total,2021,5,2021-05,2020/2021,28,2021-02-04,6620,1751,35531,8747,2.86271366014994,0.704741110166658,1241165,Viken,2021-02-19
day,county,county30,2020,total,total,2021,5,2021-05,2020/2021,28,2021-02-05,3126,1090,38657,9837,3.11457380767263,0.792561826993188,1241165,Viken,2021-02-19
day,county,county30,2020,total,total,2021,5,2021-05,2020/2021,28,2021-02-06,37,87,38694,9924,3.11755487787683,0.799571370446315,1241165,Viken,2021-02-19
day,county,county30,2020,total,total,2021,5,2021-05,2020/2021,28,2021-02-07,15,19,38709,9943,3.11876341985151,0.801102190280906,1241165,Viken,2021-02-19
day,county,county30,2020,total,total,2021,6,2021-06,2020/2021,29,2021-02-08,17,95,38726,10038,3.12013310075614,0.80875628945386,1241165,Viken,2021-02-19
day,county,county30,2020,total,total,2021,6,2021-06,2020/2021,29,2021-02-09,739,561,39465,10599,3.17967393537523,0.85395575930678,1241165,Viken,2021-02-19
day,county,county30,2020,total,total,2021,6,2021-06,2020/2021,29,2021-02-10,3405,1326,42870,11925,3.45401296362692,0.960790869868229,1241165,Viken,2021-02-19
day,county,county30,2020,total,total,2021,6,2021-06,2020/2021,29,2021-02-11,4766,1890,47636,13815,3.83800703371429,1.11306715867753,1241165,Viken,2021-02-19
day,county,county30,2020,total,total,2021,6,2021-06,2020/2021,29,2021-02-12,2404,922,50040,14737,4.03169602752253,1.18735220538768,1241165,Viken,2021-02-19
day,county,county30,2020,total,total,2021,6,2021-06,2020/2021,29,2021-02-13,21,96,50061,14833,4.03338798628708,1.19508687402561,1241165,Viken,2021-02-19
day,county,county30,2020,total,total,2021,6,2021-06,2020/2021,29,2021-02-14,6,0,50067,14833,4.03387140307695,1.19508687402561,1241165,Viken,2021-02-19
day,county,county30,2020,total,total,2021,7,2021-07,2020/2021,30,2021-02-15,354,123,50421,14956,4.06239299367933,1.20499691821796,1241165,Viken,2021-02-19
day,county,county30,2020,total,total,2021,7,2021-07,2020/2021,30,2021-02-16,1351,309,51772,15265,4.17124234086524,1.22989288289631,1241165,Viken,2021-02-19
day,county,county30,2020,total,total,2021,7,2021-07,2020/2021,30,2021-02-17,4177,1572,55949,16837,4.5077809960803,1.35654808184246,1241165,Viken,2021-02-19
day,county,county30,2020,total,total,2021,7,2021-07,2020/2021,30,2021-02-18,4408,2541,60357,19378,4.86293119770538,1.56127509235275,1241165,Viken,2021-02-19
day,county,county34,2020,total,total,2020,52,2020-52,2020/2021,23,2020-12-27,0,0,0,0,0,0,371385,Innlandet,2021-02-19
day,county,county34,2020,total,total,2020,53,2020-53,2020/2021,23.5,2020-12-28,271,0,271,0,0.072970098415391,0,371385,Innlandet,2021-02-19
day,county,county34,2020,total,total,2020,53,2020-53,2020/2021,23.5,2020-12-29,260,0,531,0,0.142978310917242,0,371385,Innlandet,2021-02-19
day,county,county34,2020,total,total,2020,53,2020-53,2020/2021,23.5,2020-12-30,149,0,680,0,0.183098401927918,0,371385,Innlandet,2021-02-19
day,county,county34,2020,total,total,2020,53,2020-53,2020/2021,23.5,2020-12-31,0,0,680,0,0.183098401927918,0,371385,Innlandet,2021-02-19
day,county,county34,2020,total,total,2020,53,2020-53,2020/2021,23.5,2021-01-01,0,0,680,0,0.183098401927918,0,371385,Innlandet,2021-02-19
day,county,county34,2020,total,total,2020,53,2020-53,2020/2021,23.5,2021-01-02,0,0,680,0,0.183098401927918,0,371385,Innlandet,2021-02-19
day,county,county34,2020,total,total,2020,53,2020-53,2020/2021,23.5,2021-01-03,0,0,680,0,0.183098401927918,0,371385,Innlandet,2021-02-19
day,county,county34,2020,total,total,2021,1,2021-01,2020/2021,24,2021-01-04,0,0,680,0,0.183098401927918,0,371385,Innlandet,2021-02-19
day,county,county34,2020,total,total,2021,1,2021-01,2020/2021,24,2021-01-05,271,0,951,0,0.25606850034331,0,371385,Innlandet,2021-02-19
day,county,county34,2020,total,total,2021,1,2021-01,2020/2021,24,2021-01-06,703,0,1654,0,0.445359936454084,0,371385,Innlandet,2021-02-19
day,county,county34,2020,total,total,2021,1,2021-01,2020/2021,24,2021-01-07,719,0,2373,0,0.63895957025728,0,371385,Innlandet,2021-02-19
day,county,county34,2020,total,total,2021,1,2021-01,2020/2021,24,2021-01-08,76,0,2449,0,0.659423509296283,0,371385,Innlandet,2021-02-19
day,county,county34,2020,total,total,2021,1,2021-01,2020/2021,24,2021-01-09,0,0,2449,0,0.659423509296283,0,371385,Innlandet,2021-02-19
day,county,county34,2020,total,total,2021,1,2021-01,2020/2021,24,2021-01-10,0,0,2449,0,0.659423509296283,0,371385,Innlandet,2021-02-19
day,county,county34,2020,total,total,2021,2,2021-02,2020/2021,25,2021-01-11,50,0,2499,0,0.6728866270851,0,371385,Innlandet,2021-02-19
day,county,county34,2020,total,total,2021,2,2021-02,2020/2021,25,2021-01-12,403,0,2902,0,0.78139935646297,0,371385,Innlandet,2021-02-19
day,county,county34,2020,total,total,2021,2,2021-02,2020/2021,25,2021-01-13,994,0,3896,0,1.04904613810466,0,371385,Innlandet,2021-02-19
day,county,county34,2020,total,total,2021,2,2021-02,2020/2021,25,2021-01-14,953,0,4849,0,1.30565316315952,0,371385,Innlandet,2021-02-19
day,county,county34,2020,total,total,2021,2,2021-02,2020/2021,25,2021-01-15,279,0,5128,0,1.38077736042113,0,371385,Innlandet,2021-02-19
day,county,county34,2020,total,total,2021,2,2021-02,2020/2021,25,2021-01-16,4,0,5132,0,1.38185440984423,0,371385,Innlandet,2021-02-19
day,county,county34,2020,total,total,2021,2,2021-02,2020/2021,25,2021-01-17,0,0,5132,0,1.38185440984423,0,371385,Innlandet,2021-02-19
day,county,county34,2020,total,total,2021,3,2021-03,2020/2021,26,2021-01-18,67,0,5199,0,1.39989498768125,0,371385,Innlandet,2021-02-19
day,county,county34,2020,total,total,2021,3,2021-03,2020/2021,26,2021-01-19,332,318,5531,318,1.489290089799,0.0856254291368795,371385,Innlandet,2021-02-19
day,county,county34,2020,total,total,2021,3,2021-03,2020/2021,26,2021-01-20,666,252,6197,570,1.66861881874605,0.15347954279252,371385,Innlandet,2021-02-19
day,county,county34,2020,total,total,2021,3,2021-03,2020/2021,26,2021-01-21,832,48,7029,618,1.89264509875197,0.166404135869785,371385,Innlandet,2021-02-19
day,county,county34,2020,total,total,2021,3,2021-03,2020/2021,26,2021-01-22,238,0,7267,618,1.95672953942674,0.166404135869785,371385,Innlandet,2021-02-19
day,county,county34,2020,total,total,2021,3,2021-03,2020/2021,26,2021-01-23,5,0,7272,618,1.95807585120562,0.166404135869785,371385,Innlandet,2021-02-19
day,county,county34,2020,total,total,2021,3,2021-03,2020/2021,26,2021-01-24,0,0,7272,618,1.95807585120562,0.166404135869785,371385,Innlandet,2021-02-19
day,county,county34,2020,total,total,2021,4,2021-04,2020/2021,27,2021-01-25,1,0,7273,618,1.9583451135614,0.166404135869785,371385,Innlandet,2021-02-19
day,county,county34,2020,total,total,2021,4,2021-04,2020/2021,27,2021-01-26,148,131,7421,749,1.9981959422163,0.201677504476487,371385,Innlandet,2021-02-19
day,county,county34,2020,total,total,2021,4,2021-04,2020/2021,27,2021-01-27,931,603,8352,1352,2.24887919544408,0.364042705009626,371385,Innlandet,2021-02-19
day,county,county34,2020,total,total,2021,4,2021-04,2020/2021,27,2021-01-28,898,707,9250,2059,2.49067679093124,0.554411190543506,371385,Innlandet,2021-02-19
day,county,county34,2020,total,total,2021,4,2021-04,2020/2021,27,2021-01-29,316,132,9566,2191,2.57576369535657,0.589953821505984,371385,Innlandet,2021-02-19
day,county,county34,2020,total,total,2021,4,2021-04,2020/2021,27,2021-01-30,1,0,9567,2191,2.57603295771235,0.589953821505984,371385,Innlandet,2021-02-19
day,county,county34,2020,total,total,2021,4,2021-04,2020/2021,27,2021-01-31,0,0,9567,2191,2.57603295771235,0.589953821505984,371385,Innlandet,2021-02-19
day,county,county34,2020,total,total,2021,5,2021-05,2020/2021,28,2021-02-01,9,49,9576,2240,2.57845631891433,0.603147676939026,371385,Innlandet,2021-02-19
day,county,county34,2020,total,total,2021,5,2021-05,2020/2021,28,2021-02-02,605,341,10181,2581,2.74136004415903,0.694966140258761,371385,Innlandet,2021-02-19
day,county,county34,2020,total,total,2021,5,2021-05,2020/2021,28,2021-02-03,2295,872,12476,3453,3.35931715066575,0.929762914495739,371385,Innlandet,2021-02-19
day,county,county34,2020,total,total,2021,5,2021-05,2020/2021,28,2021-02-04,2638,990,15114,4443,4.06963124520376,1.19633264671433,371385,Innlandet,2021-02-19
day,county,county34,2020,total,total,2021,5,2021-05,2020/2021,28,2021-02-05,807,269,15921,4712,4.28692596631528,1.26876422041816,371385,Innlandet,2021-02-19
day,county,county34,2020,total,total,2021,5,2021-05,2020/2021,28,2021-02-06,7,4,15928,4716,4.28881080280571,1.26984126984127,371385,Innlandet,2021-02-19
day,county,county34,2020,total,total,2021,5,2021-05,2020/2021,28,2021-02-07,0,0,15928,4716,4.28881080280571,1.26984126984127,371385,Innlandet,2021-02-19
day,county,county34,2020,total,total,2021,6,2021-06,2020/2021,29,2021-02-08,2,62,15930,4778,4.28934932751727,1.2865355358994,371385,Innlandet,2021-02-19
day,county,county34,2020,total,total,2021,6,2021-06,2020/2021,29,2021-02-09,256,268,16186,5046,4.35828049059601,1.35869784724747,371385,Innlandet,2021-02-19
day,county,county34,2020,total,total,2021,6,2021-06,2020/2021,29,2021-02-10,2067,573,18253,5619,4.91484577998573,1.51298517710731,371385,Innlandet,2021-02-19
day,county,county34,2020,total,total,2021,6,2021-06,2020/2021,29,2021-02-11,2214,844,20467,6463,5.51099263567457,1.74024260538255,371385,Innlandet,2021-02-19
day,county,county34,2020,total,total,2021,6,2021-06,2020/2021,29,2021-02-12,430,279,20897,6742,5.6267754486584,1.81536680264416,371385,Innlandet,2021-02-19
day,county,county34,2020,total,total,2021,6,2021-06,2020/2021,29,2021-02-13,0,5,20897,6747,5.6267754486584,1.81671311442304,371385,Innlandet,2021-02-19
day,county,county34,2020,total,total,2021,6,2021-06,2020/2021,29,2021-02-14,1,0,20898,6747,5.62704471101418,1.81671311442304,371385,Innlandet,2021-02-19
day,county,county34,2020,total,total,2021,7,2021-07,2020/2021,30,2021-02-15,86,14,20984,6761,5.65020127361094,1.82048278740391,371385,Innlandet,2021-02-19
day,county,county34,2020,total,total,2021,7,2021-07,2020/2021,30,2021-02-16,515,91,21499,6852,5.78887138683576,1.84498566177955,371385,Innlandet,2021-02-19
day,county,county34,2020,total,total,2021,7,2021-07,2020/2021,30,2021-02-17,1492,736,22991,7588,6.19061082165408,2.04316275563095,371385,Innlandet,2021-02-19
day,county,county34,2020,total,total,2021,7,2021-07,2020/2021,30,2021-02-18,1348,809,24339,8397,6.5535764772406,2.26099600145402,371385,Innlandet,2021-02-19
day,county,county38,2020,total,total,2020,52,2020-52,2020/2021,23,2020-12-27,0,0,0,0,0,0,419396,Vestfold og Telemark,2021-02-19
day,county,county38,2020,total,total,2020,53,2020-53,2020/2021,23.5,2020-12-28,0,0,0,0,0,0,419396,Vestfold og Telemark,2021-02-19
day,county,county38,2020,total,total,2020,53,2020-53,2020/2021,23.5,2020-12-29,0,0,0,0,0,0,419396,Vestfold og Telemark,2021-02-19
day,county,county38,2020,total,total,2020,53,2020-53,2020/2021,23.5,2020-12-30,0,0,0,0,0,0,419396,Vestfold og Telemark,2021-02-19
day,county,county38,2020,total,total,2020,53,2020-53,2020/2021,23.5,2020-12-31,0,0,0,0,0,0,419396,Vestfold og Telemark,2021-02-19
day,county,county38,2020,total,total,2020,53,2020-53,2020/2021,23.5,2021-01-01,0,0,0,0,0,0,419396,Vestfold og Telemark,2021-02-19
day,county,county38,2020,total,total,2020,53,2020-53,2020/2021,23.5,2021-01-02,0,0,0,0,0,0,419396,Vestfold og Telemark,2021-02-19
day,county,county38,2020,total,total,2020,53,2020-53,2020/2021,23.5,2021-01-03,0,0,0,0,0,0,419396,Vestfold og Telemark,2021-02-19
day,county,county38,2020,total,total,2021,1,2021-01,2020/2021,24,2021-01-04,1,0,1,0,0.000238438134841534,0,419396,Vestfold og Telemark,2021-02-19
day,county,county38,2020,total,total,2021,1,2021-01,2020/2021,24,2021-01-05,218,0,219,0,0.052217951530296,0,419396,Vestfold og Telemark,2021-02-19
day,county,county38,2020,total,total,2021,1,2021-01,2020/2021,24,2021-01-06,1026,0,1245,0,0.29685547787771,0,419396,Vestfold og Telemark,2021-02-19
day,county,county38,2020,total,total,2021,1,2021-01,2020/2021,24,2021-01-07,442,0,1687,0,0.402245133477668,0,419396,Vestfold og Telemark,2021-02-19
day,county,county38,2020,total,total,2021,1,2021-01,2020/2021,24,2021-01-08,64,0,1751,0,0.417505174107526,0,419396,Vestfold og Telemark,2021-02-19
day,county,county38,2020,total,total,2021,1,2021-01,2020/2021,24,2021-01-09,0,0,1751,0,0.417505174107526,0,419396,Vestfold og Telemark,2021-02-19
day,county,county38,2020,total,total,2021,1,2021-01,2020/2021,24,2021-01-10,2,0,1753,0,0.417982050377209,0,419396,Vestfold og Telemark,2021-02-19
day,county,county38,2020,total,total,2021,2,2021-02,2020/2021,25,2021-01-11,2,0,1755,0,0.418458926646892,0,419396,Vestfold og Telemark,2021-02-19
day,county,county38,2020,total,total,2021,2,2021-02,2020/2021,25,2021-01-12,418,0,2173,0,0.518126067010654,0,419396,Vestfold og Telemark,2021-02-19
day,county,county38,2020,total,total,2021,2,2021-02,2020/2021,25,2021-01-13,1166,0,3339,0,0.796144932235882,0,419396,Vestfold og Telemark,2021-02-19
day,county,county38,2020,total,total,2021,2,2021-02,2020/2021,25,2021-01-14,582,0,3921,0,0.934915926713655,0,419396,Vestfold og Telemark,2021-02-19
day,county,county38,2020,total,total,2021,2,2021-02,2020/2021,25,2021-01-15,157,0,4078,0,0.972350713883776,0,419396,Vestfold og Telemark,2021-02-19
day,county,county38,2020,total,total,2021,2,2021-02,2020/2021,25,2021-01-16,3,0,4081,0,0.9730660282883,0,419396,Vestfold og Telemark,2021-02-19
day,county,county38,2020,total,total,2021,2,2021-02,2020/2021,25,2021-01-17,41,0,4122,0,0.982841991816803,0,419396,Vestfold og Telemark,2021-02-19
day,county,county38,2020,total,total,2021,3,2021-03,2020/2021,26,2021-01-18,7,0,4129,0,0.984511058760694,0,419396,Vestfold og Telemark,2021-02-19
day,county,county38,2020,total,total,2021,3,2021-03,2020/2021,26,2021-01-19,231,0,4360,0,1.03959026790909,0,419396,Vestfold og Telemark,2021-02-19
day,county,county38,2020,total,total,2021,3,2021-03,2020/2021,26,2021-01-20,1606,0,5966,0,1.42252191246459,0,419396,Vestfold og Telemark,2021-02-19
day,county,county38,2020,total,total,2021,3,2021-03,2020/2021,26,2021-01-21,829,0,6795,0,1.62018712624822,0,419396,Vestfold og Telemark,2021-02-19
day,county,county38,2020,total,total,2021,3,2021-03,2020/2021,26,2021-01-22,179,0,6974,0,1.66286755238486,0,419396,Vestfold og Telemark,2021-02-19
day,county,county38,2020,total,total,2021,3,2021-03,2020/2021,26,2021-01-23,3,0,6977,0,1.66358286678938,0,419396,Vestfold og Telemark,2021-02-19
day,county,county38,2020,total,total,2021,3,2021-03,2020/2021,26,2021-01-24,0,0,6977,0,1.66358286678938,0,419396,Vestfold og Telemark,2021-02-19
day,county,county38,2020,total,total,2021,4,2021-04,2020/2021,27,2021-01-25,44,0,7021,0,1.67407414472241,0,419396,Vestfold og Telemark,2021-02-19
day,county,county38,2020,total,total,2021,4,2021-04,2020/2021,27,2021-01-26,103,178,7124,178,1.69863327261109,0.0424419880017931,419396,Vestfold og Telemark,2021-02-19
day,county,county38,2020,total,total,2021,4,2021-04,2020/2021,27,2021-01-27,1622,898,8746,1076,2.08537992732406,0.256559433089491,419396,Vestfold og Telemark,2021-02-19
day,county,county38,2020,total,total,2021,4,2021-04,2020/2021,27,2021-01-28,652,449,9398,1525,2.24084159124074,0.363618155633339,419396,Vestfold og Telemark,2021-02-19
day,county,county38,2020,total,total,2021,4,2021-04,2020/2021,27,2021-01-29,87,90,9485,1615,2.26158570897195,0.385077587769078,419396,Vestfold og Telemark,2021-02-19
day,county,county38,2020,total,total,2021,4,2021-04,2020/2021,27,2021-01-30,0,0,9485,1615,2.26158570897195,0.385077587769078,419396,Vestfold og Telemark,2021-02-19
day,county,county38,2020,total,total,2021,4,2021-04,2020/2021,27,2021-01-31,0,1,9485,1616,2.26158570897195,0.385316025903919,419396,Vestfold og Telemark,2021-02-19
day,county,county38,2020,total,total,2021,5,2021-05,2020/2021,28,2021-02-01,49,0,9534,1616,2.27326917757919,0.385316025903919,419396,Vestfold og Telemark,2021-02-19
day,county,county38,2020,total,total,2021,5,2021-05,2020/2021,28,2021-02-02,462,327,9996,1943,2.38342759587597,0.463285295997101,419396,Vestfold og Telemark,2021-02-19
day,county,county38,2020,total,total,2021,5,2021-05,2020/2021,28,2021-02-03,3208,847,13204,2790,3.14833713244762,0.66524239620788,419396,Vestfold og Telemark,2021-02-19
day,county,county38,2020,total,total,2021,5,2021-05,2020/2021,28,2021-02-04,1895,707,15099,3497,3.60017739797232,0.833818157540845,419396,Vestfold og Telemark,2021-02-19
day,county,county38,2020,total,total,2021,5,2021-05,2020/2021,28,2021-02-05,950,244,16049,3741,3.82669362607178,0.891997062442179,419396,Vestfold og Telemark,2021-02-19
day,county,county38,2020,total,total,2021,5,2021-05,2020/2021,28,2021-02-06,0,4,16049,3745,3.82669362607178,0.892950814981545,419396,Vestfold og Telemark,2021-02-19
day,county,county38,2020,total,total,2021,5,2021-05,2020/2021,28,2021-02-07,2,1,16051,3746,3.82717050234146,0.893189253116386,419396,Vestfold og Telemark,2021-02-19
day,county,county38,2020,total,total,2021,6,2021-06,2020/2021,29,2021-02-08,17,46,16068,3792,3.83122395063377,0.904157407319097,419396,Vestfold og Telemark,2021-02-19
day,county,county38,2020,total,total,2021,6,2021-06,2020/2021,29,2021-02-09,351,206,16419,3998,3.91491573596315,0.953275663096453,419396,Vestfold og Telemark,2021-02-19
day,county,county38,2020,total,total,2021,6,2021-06,2020/2021,29,2021-02-10,2876,1394,19295,5392,4.6006638117674,1.28565842306555,419396,Vestfold og Telemark,2021-02-19
day,county,county38,2020,total,total,2021,6,2021-06,2020/2021,29,2021-02-11,1496,874,20791,6266,4.95736726149033,1.49405335291705,419396,Vestfold og Telemark,2021-02-19
day,county,county38,2020,total,total,2021,6,2021-06,2020/2021,29,2021-02-12,603,213,21394,6479,5.10114545679978,1.5448406756383,419396,Vestfold og Telemark,2021-02-19
day,county,county38,2020,total,total,2021,6,2021-06,2020/2021,29,2021-02-13,2,2,21396,6481,5.10162233306946,1.54531755190798,419396,Vestfold og Telemark,2021-02-19
day,county,county38,2020,total,total,2021,6,2021-06,2020/2021,29,2021-02-14,0,0,21396,6481,5.10162233306946,1.54531755190798,419396,Vestfold og Telemark,2021-02-19
day,county,county38,2020,total,total,2021,7,2021-07,2020/2021,30,2021-02-15,4,2,21400,6483,5.10257608560883,1.54579442817767,419396,Vestfold og Telemark,2021-02-19
day,county,county38,2020,total,total,2021,7,2021-07,2020/2021,30,2021-02-16,571,70,21971,6553,5.23872426060334,1.56248509761657,419396,Vestfold og Telemark,2021-02-19
day,county,county38,2020,total,total,2021,7,2021-07,2020/2021,30,2021-02-17,2983,1500,24954,8053,5.94998521683564,1.92014229987887,419396,Vestfold og Telemark,2021-02-19
day,county,county38,2020,total,total,2021,7,2021-07,2020/2021,30,2021-02-18,1556,524,26510,8577,6.32099495464907,2.04508388253584,419396,Vestfold og Telemark,2021-02-19
day,county,county42,2020,total,total,2020,52,2020-52,2020/2021,23,2020-12-27,0,0,0,0,0,0,307231,Agder,2021-02-19
day,county,county42,2020,total,total,2020,53,2020-53,2020/2021,23.5,2020-12-28,0,0,0,0,0,0,307231,Agder,2021-02-19
day,county,county42,2020,total,total,2020,53,2020-53,2020/2021,23.5,2020-12-29,0,0,0,0,0,0,307231,Agder,2021-02-19
day,county,county42,2020,total,total,2020,53,2020-53,2020/2021,23.5,2020-12-30,0,0,0,0,0,0,307231,Agder,2021-02-19
day,county,county42,2020,total,total,2020,53,2020-53,2020/2021,23.5,2020-12-31,0,0,0,0,0,0,307231,Agder,2021-02-19
day,county,county42,2020,total,total,2020,53,2020-53,2020/2021,23.5,2021-01-01,0,0,0,0,0,0,307231,Agder,2021-02-19
day,county,county42,2020,total,total,2020,53,2020-53,2020/2021,23.5,2021-01-02,0,0,0,0,0,0,307231,Agder,2021-02-19
day,county,county42,2020,total,total,2020,53,2020-53,2020/2021,23.5,2021-01-03,3,0,3,0,0.000976463963597423,0,307231,Agder,2021-02-19
day,county,county42,2020,total,total,2021,1,2021-01,2020/2021,24,2021-01-04,0,0,3,0,0.000976463963597423,0,307231,Agder,2021-02-19
day,county,county42,2020,total,total,2021,1,2021-01,2020/2021,24,2021-01-05,79,0,82,0,0.0266900150049962,0,307231,Agder,2021-02-19
day,county,county42,2020,total,total,2021,1,2021-01,2020/2021,24,2021-01-06,791,0,873,0,0.28415101340685,0,307231,Agder,2021-02-19
day,county,county42,2020,total,total,2021,1,2021-01,2020/2021,24,2021-01-07,230,0,1103,0,0.359013250615986,0,307231,Agder,2021-02-19
day,county,county42,2020,total,total,2021,1,2021-01,2020/2021,24,2021-01-08,49,0,1152,0,0.374962162021411,0,307231,Agder,2021-02-19
day,county,county42,2020,total,total,2021,1,2021-01,2020/2021,24,2021-01-09,0,0,1152,0,0.374962162021411,0,307231,Agder,2021-02-19
day,county,county42,2020,total,total,2021,1,2021-01,2020/2021,24,2021-01-10,0,0,1152,0,0.374962162021411,0,307231,Agder,2021-02-19
day,county,county42,2020,total,total,2021,2,2021-02,2020/2021,25,2021-01-11,0,0,1152,0,0.374962162021411,0,307231,Agder,2021-02-19
day,county,county42,2020,total,total,2021,2,2021-02,2020/2021,25,2021-01-12,225,0,1377,0,0.448196959291217,0,307231,Agder,2021-02-19
day,county,county42,2020,total,total,2021,2,2021-02,2020/2021,25,2021-01-13,851,0,2228,0,0.72518723696502,0,307231,Agder,2021-02-19
day,county,county42,2020,total,total,2021,2,2021-02,2020/2021,25,2021-01-14,512,0,2740,0,0.891837086752313,0,307231,Agder,2021-02-19
day,county,county42,2020,total,total,2021,2,2021-02,2020/2021,25,2021-01-15,118,0,2858,0,0.930244669320479,0,307231,Agder,2021-02-19
day,county,county42,2020,total,total,2021,2,2021-02,2020/2021,25,2021-01-16,0,0,2858,0,0.930244669320479,0,307231,Agder,2021-02-19
day,county,county42,2020,total,total,2021,2,2021-02,2020/2021,25,2021-01-17,2,0,2860,0,0.93089564529621,0,307231,Agder,2021-02-19
day,county,county42,2020,total,total,2021,3,2021-03,2020/2021,26,2021-01-18,15,0,2875,0,0.935777965114197,0,307231,Agder,2021-02-19
day,county,county42,2020,total,total,2021,3,2021-03,2020/2021,26,2021-01-19,347,0,3222,0,1.04872229690363,0,307231,Agder,2021-02-19
day,county,county42,2020,total,total,2021,3,2021-03,2020/2021,26,2021-01-20,459,0,3681,0,1.19812128333404,0,307231,Agder,2021-02-19
day,county,county42,2020,total,total,2021,3,2021-03,2020/2021,26,2021-01-21,341,0,4022,0,1.30911268719628,0,307231,Agder,2021-02-19
day,county,county42,2020,total,total,2021,3,2021-03,2020/2021,26,2021-01-22,61,0,4083,0,1.32896745445609,0,307231,Agder,2021-02-19
day,county,county42,2020,total,total,2021,3,2021-03,2020/2021,26,2021-01-23,1,0,4084,0,1.32929294244396,0,307231,Agder,2021-02-19
day,county,county42,2020,total,total,2021,3,2021-03,2020/2021,26,2021-01-24,0,0,4084,0,1.32929294244396,0,307231,Agder,2021-02-19
day,county,county42,2020,total,total,2021,4,2021-04,2020/2021,27,2021-01-25,1,0,4085,0,1.32961843043182,0,307231,Agder,2021-02-19
day,county,county42,2020,total,total,2021,4,2021-04,2020/2021,27,2021-01-26,62,66,4147,66,1.34979868567951,0.0214822071991433,307231,Agder,2021-02-19
day,county,county42,2020,total,total,2021,4,2021-04,2020/2021,27,2021-01-27,563,681,4710,747,1.53304842284795,0.243139526935758,307231,Agder,2021-02-19
day,county,county42,2020,total,total,2021,4,2021-04,2020/2021,27,2021-01-28,961,248,5671,995,1.845842379187,0.323860547926479,307231,Agder,2021-02-19
day,county,county42,2020,total,total,2021,4,2021-04,2020/2021,27,2021-01-29,203,61,5874,1056,1.91191644072376,0.343715315186293,307231,Agder,2021-02-19
day,county,county42,2020,total,total,2021,4,2021-04,2020/2021,27,2021-01-30,29,0,5903,1056,1.92135559237186,0.343715315186293,307231,Agder,2021-02-19
day,county,county42,2020,total,total,2021,4,2021-04,2020/2021,27,2021-01-31,20,0,5923,1056,1.92786535212918,0.343715315186293,307231,Agder,2021-02-19
day,county,county42,2020,total,total,2021,5,2021-05,2020/2021,28,2021-02-01,0,1,5923,1057,1.92786535212918,0.344040803174159,307231,Agder,2021-02-19
day,county,county42,2020,total,total,2021,5,2021-05,2020/2021,28,2021-02-02,202,170,6125,1227,1.99361392567807,0.399373761111346,307231,Agder,2021-02-19
day,county,county42,2020,total,total,2021,5,2021-05,2020/2021,28,2021-02-03,1323,592,7448,1819,2.42423453362454,0.592062649927905,307231,Agder,2021-02-19
day,county,county42,2020,total,total,2021,5,2021-05,2020/2021,28,2021-02-04,1702,499,9150,2318,2.97821508897214,0.754481155872943,307231,Agder,2021-02-19
day,county,county42,2020,total,total,2021,5,2021-05,2020/2021,28,2021-02-05,617,133,9767,2451,3.17904117748535,0.797771058259095,307231,Agder,2021-02-19
day,county,county42,2020,total,total,2021,5,2021-05,2020/2021,28,2021-02-06,507,1,10274,2452,3.34406358733331,0.798096546246961,307231,Agder,2021-02-19
day,county,county42,2020,total,total,2021,5,2021-05,2020/2021,28,2021-02-07,83,2,10357,2454,3.37107909032617,0.798747522222692,307231,Agder,2021-02-19
day,county,county42,2020,total,total,2021,6,2021-06,2020/2021,29,2021-02-08,13,2,10370,2456,3.37531043416843,0.799398498198424,307231,Agder,2021-02-19
day,county,county42,2020,total,total,2021,6,2021-06,2020/2021,29,2021-02-09,188,254,10558,2710,3.4365021758872,0.882072447116339,307231,Agder,2021-02-19
day,county,county42,2020,total,total,2021,6,2021-06,2020/2021,29,2021-02-10,1147,371,11705,3081,3.80983689796928,1.00282849061455,307231,Agder,2021-02-19
day,county,county42,2020,total,total,2021,6,2021-06,2020/2021,29,2021-02-11,999,412,12704,3493,4.13499939784722,1.13692954161527,307231,Agder,2021-02-19
day,county,county42,2020,total,total,2021,6,2021-06,2020/2021,29,2021-02-12,352,69,13056,3562,4.24957116957599,1.15938821277801,307231,Agder,2021-02-19
day,county,county42,2020,total,total,2021,6,2021-06,2020/2021,29,2021-02-13,424,1,13480,3563,4.38757807643109,1.15971370076587,307231,Agder,2021-02-19
day,county,county42,2020,total,total,2021,6,2021-06,2020/2021,29,2021-02-14,0,0,13480,3563,4.38757807643109,1.15971370076587,307231,Agder,2021-02-19
day,county,county42,2020,total,total,2021,7,2021-07,2020/2021,30,2021-02-15,1,2,13481,3565,4.38790356441896,1.1603646767416,307231,Agder,2021-02-19
day,county,county42,2020,total,total,2021,7,2021-07,2020/2021,30,2021-02-16,138,112,13619,3677,4.43282090674444,1.19681933138258,307231,Agder,2021-02-19
day,county,county42,2020,total,total,2021,7,2021-07,2020/2021,30,2021-02-17,1161,434,14780,4111,4.81071246065664,1.33808111811634,307231,Agder,2021-02-19
day,county,county42,2020,total,total,2021,7,2021-07,2020/2021,30,2021-02-18,970,718,15750,4829,5.12643580888647,1.57178149340399,307231,Agder,2021-02-19
day,county,county46,2020,total,total,2020,52,2020-52,2020/2021,23,2020-12-27,0,0,0,0,0,0,636531,Vestland,2021-02-19
day,county,county46,2020,total,total,2020,53,2020-53,2020/2021,23.5,2020-12-28,0,0,0,0,0,0,636531,Vestland,2021-02-19
day,county,county46,2020,total,total,2020,53,2020-53,2020/2021,23.5,2020-12-29,0,0,0,0,0,0,636531,Vestland,2021-02-19
day,county,county46,2020,total,total,2020,53,2020-53,2020/2021,23.5,2020-12-30,0,0,0,0,0,0,636531,Vestland,2021-02-19
day,county,county46,2020,total,total,2020,53,2020-53,2020/2021,23.5,2020-12-31,0,0,0,0,0,0,636531,Vestland,2021-02-19
day,county,county46,2020,total,total,2020,53,2020-53,2020/2021,23.5,2021-01-01,0,0,0,0,0,0,636531,Vestland,2021-02-19
day,county,county46,2020,total,total,2020,53,2020-53,2020/2021,23.5,2021-01-02,0,0,0,0,0,0,636531,Vestland,2021-02-19
day,county,county46,2020,total,total,2020,53,2020-53,2020/2021,23.5,2021-01-03,0,0,0,0,0,0,636531,Vestland,2021-02-19
day,county,county46,2020,total,total,2021,1,2021-01,2020/2021,24,2021-01-04,2,0,2,0,0.00031420307887597,0,636531,Vestland,2021-02-19
day,county,county46,2020,total,total,2021,1,2021-01,2020/2021,24,2021-01-05,416,0,418,0,0.0656684434850777,0,636531,Vestland,2021-02-19
day,county,county46,2020,total,total,2021,1,2021-01,2020/2021,24,2021-01-06,1253,0,1671,0,0.262516672400873,0,636531,Vestland,2021-02-19
day,county,county46,2020,total,total,2021,1,2021-01,2020/2021,24,2021-01-07,719,0,2390,0,0.375472679256784,0,636531,Vestland,2021-02-19
day,county,county46,2020,total,total,2021,1,2021-01,2020/2021,24,2021-01-08,139,0,2529,0,0.397309793238664,0,636531,Vestland,2021-02-19
day,county,county46,2020,total,total,2021,1,2021-01,2020/2021,24,2021-01-09,0,0,2529,0,0.397309793238664,0,636531,Vestland,2021-02-19
day,county,county46,2020,total,total,2021,1,2021-01,2020/2021,24,2021-01-10,0,0,2529,0,0.397309793238664,0,636531,Vestland,2021-02-19
day,county,county46,2020,total,total,2021,2,2021-02,2020/2021,25,2021-01-11,65,0,2594,0,0.407521393302133,0,636531,Vestland,2021-02-19
day,county,county46,2020,total,total,2021,2,2021-02,2020/2021,25,2021-01-12,855,0,3449,0,0.54184320952161,0,636531,Vestland,2021-02-19
day,county,county46,2020,total,total,2021,2,2021-02,2020/2021,25,2021-01-13,1125,0,4574,0,0.718582441389343,0,636531,Vestland,2021-02-19
day,county,county46,2020,total,total,2021,2,2021-02,2020/2021,25,2021-01-14,995,0,5569,0,0.874898473130138,0,636531,Vestland,2021-02-19
day,county,county46,2020,total,total,2021,2,2021-02,2020/2021,25,2021-01-15,424,0,5993,0,0.941509525851844,0,636531,Vestland,2021-02-19
day,county,county46,2020,total,total,2021,2,2021-02,2020/2021,25,2021-01-16,2,0,5995,0,0.94182372893072,0,636531,Vestland,2021-02-19
day,county,county46,2020,total,total,2021,2,2021-02,2020/2021,25,2021-01-17,1,0,5996,0,0.941980830470158,0,636531,Vestland,2021-02-19
day,county,county46,2020,total,total,2021,3,2021-03,2020/2021,26,2021-01-18,62,0,6058,0,0.951721125915313,0,636531,Vestland,2021-02-19
day,county,county46,2020,total,total,2021,3,2021-03,2020/2021,26,2021-01-19,368,0,6426,0,1.00953449242849,0,636531,Vestland,2021-02-19
day,county,county46,2020,total,total,2021,3,2021-03,2020/2021,26,2021-01-20,1234,0,7660,0,1.20339779209496,0,636531,Vestland,2021-02-19
day,county,county46,2020,total,total,2021,3,2021-03,2020/2021,26,2021-01-21,782,0,8442,0,1.32625119593547,0,636531,Vestland,2021-02-19
day,county,county46,2020,total,total,2021,3,2021-03,2020/2021,26,2021-01-22,312,0,8754,0,1.37526687624012,0,636531,Vestland,2021-02-19
day,county,county46,2020,total,total,2021,3,2021-03,2020/2021,26,2021-01-23,0,0,8754,0,1.37526687624012,0,636531,Vestland,2021-02-19
day,county,county46,2020,total,total,2021,3,2021-03,2020/2021,26,2021-01-24,0,0,8754,0,1.37526687624012,0,636531,Vestland,2021-02-19
day,county,county46,2020,total,total,2021,4,2021-04,2020/2021,27,2021-01-25,1,0,8755,0,1.37542397777956,0,636531,Vestland,2021-02-19
day,county,county46,2020,total,total,2021,4,2021-04,2020/2021,27,2021-01-26,151,174,8906,174,1.39914631023469,0.0273356678622094,636531,Vestland,2021-02-19
day,county,county46,2020,total,total,2021,4,2021-04,2020/2021,27,2021-01-27,1586,1207,10492,1381,1.64830935178334,0.216957225963857,636531,Vestland,2021-02-19
day,county,county46,2020,total,total,2021,4,2021-04,2020/2021,27,2021-01-28,1924,677,12416,2058,1.95057271366202,0.323314968163373,636531,Vestland,2021-02-19
day,county,county46,2020,total,total,2021,4,2021-04,2020/2021,27,2021-01-29,480,165,12896,2223,2.02598145259225,0.349236722170641,636531,Vestland,2021-02-19
day,county,county46,2020,total,total,2021,4,2021-04,2020/2021,27,2021-01-30,1,0,12897,2223,2.02613855413169,0.349236722170641,636531,Vestland,2021-02-19
day,county,county46,2020,total,total,2021,4,2021-04,2020/2021,27,2021-01-31,0,0,12897,2223,2.02613855413169,0.349236722170641,636531,Vestland,2021-02-19
day,county,county46,2020,total,total,2021,5,2021-05,2020/2021,28,2021-02-01,12,59,12909,2282,2.02802377260495,0.358505712997482,636531,Vestland,2021-02-19
day,county,county46,2020,total,total,2021,5,2021-05,2020/2021,28,2021-02-02,708,580,13617,2862,2.13925166252704,0.449624605871513,636531,Vestland,2021-02-19
day,county,county46,2020,total,total,2021,5,2021-05,2020/2021,28,2021-02-03,2798,1038,16415,3900,2.57882176987452,0.612696003808141,636531,Vestland,2021-02-19
day,county,county46,2020,total,total,2021,5,2021-05,2020/2021,28,2021-02-04,2516,1055,18931,4955,2.97408924310049,0.778438127915216,636531,Vestland,2021-02-19
day,county,county46,2020,total,total,2021,5,2021-05,2020/2021,28,2021-02-05,878,485,19809,5440,3.11202439472704,0.854632374542638,636531,Vestland,2021-02-19
day,county,county46,2020,total,total,2021,5,2021-05,2020/2021,28,2021-02-06,0,2,19809,5442,3.11202439472704,0.854946577621514,636531,Vestland,2021-02-19
day,county,county46,2020,total,total,2021,5,2021-05,2020/2021,28,2021-02-07,2,1,19811,5443,3.11233859780592,0.855103679160952,636531,Vestland,2021-02-19
day,county,county46,2020,total,total,2021,6,2021-06,2020/2021,29,2021-02-08,9,49,19820,5492,3.11375251166086,0.862801654593413,636531,Vestland,2021-02-19
day,county,county46,2020,total,total,2021,6,2021-06,2020/2021,29,2021-02-09,869,305,20689,5797,3.25027374943247,0.910717624121999,636531,Vestland,2021-02-19
day,county,county46,2020,total,total,2021,6,2021-06,2020/2021,29,2021-02-10,2719,966,23408,6763,3.67743283516435,1.06247771121909,636531,Vestland,2021-02-19
day,county,county46,2020,total,total,2021,6,2021-06,2020/2021,29,2021-02-11,2648,831,26056,7594,4.09343771159614,1.19302909049206,636531,Vestland,2021-02-19
day,county,county46,2020,total,total,2021,6,2021-06,2020/2021,29,2021-02-12,606,455,26662,8049,4.18864124449556,1.26451029093634,636531,Vestland,2021-02-19
day,county,county46,2020,total,total,2021,6,2021-06,2020/2021,29,2021-02-13,0,0,26662,8049,4.18864124449556,1.26451029093634,636531,Vestland,2021-02-19
day,county,county46,2020,total,total,2021,6,2021-06,2020/2021,29,2021-02-14,0,1,26662,8050,4.18864124449556,1.26466739247578,636531,Vestland,2021-02-19
day,county,county46,2020,total,total,2021,7,2021-07,2020/2021,30,2021-02-15,92,1,26754,8051,4.20309458612385,1.26482449401522,636531,Vestland,2021-02-19
day,county,county46,2020,total,total,2021,7,2021-07,2020/2021,30,2021-02-16,1022,56,27776,8107,4.36365235942947,1.27362218022374,636531,Vestland,2021-02-19
day,county,county46,2020,total,total,2021,7,2021-07,2020/2021,30,2021-02-17,2531,1188,30307,9295,4.76127635574701,1.46025880907607,636531,Vestland,2021-02-19
day,county,county46,2020,total,total,2021,7,2021-07,2020/2021,30,2021-02-18,1771,1746,32078,11041,5.03950318209168,1.73455809693479,636531,Vestland,2021-02-19
day,county,county50,2020,total,total,2020,52,2020-52,2020/2021,23,2020-12-27,0,0,0,0,0,0,468702,Trøndelag,2021-02-19
day,county,county50,2020,total,total,2020,53,2020-53,2020/2021,23.5,2020-12-28,0,0,0,0,0,0,468702,Trøndelag,2021-02-19
day,county,county50,2020,total,total,2020,53,2020-53,2020/2021,23.5,2020-12-29,0,0,0,0,0,0,468702,Trøndelag,2021-02-19
day,county,county50,2020,total,total,2020,53,2020-53,2020/2021,23.5,2020-12-30,0,0,0,0,0,0,468702,Trøndelag,2021-02-19
day,county,county50,2020,total,total,2020,53,2020-53,2020/2021,23.5,2020-12-31,0,0,0,0,0,0,468702,Trøndelag,2021-02-19
day,county,county50,2020,total,total,2020,53,2020-53,2020/2021,23.5,2021-01-01,0,0,0,0,0,0,468702,Trøndelag,2021-02-19
day,county,county50,2020,total,total,2020,53,2020-53,2020/2021,23.5,2021-01-02,0,0,0,0,0,0,468702,Trøndelag,2021-02-19
day,county,county50,2020,total,total,2020,53,2020-53,2020/2021,23.5,2021-01-03,0,0,0,0,0,0,468702,Trøndelag,2021-02-19
day,county,county50,2020,total,total,2021,1,2021-01,2020/2021,24,2021-01-04,3,0,3,0,0.000640065542711574,0,468702,Trøndelag,2021-02-19
day,county,county50,2020,total,total,2021,1,2021-01,2020/2021,24,2021-01-05,407,0,410,0,0.0874756241705817,0,468702,Trøndelag,2021-02-19
day,county,county50,2020,total,total,2021,1,2021-01,2020/2021,24,2021-01-06,674,0,1084,0,0.231277016099782,0,468702,Trøndelag,2021-02-19
day,county,county50,2020,total,total,2021,1,2021-01,2020/2021,24,2021-01-07,484,0,1568,0,0.334540923657249,0,468702,Trøndelag,2021-02-19
day,county,county50,2020,total,total,2021,1,2021-01,2020/2021,24,2021-01-08,140,0,1708,0,0.364410648983789,0,468702,Trøndelag,2021-02-19
day,county,county50,2020,total,total,2021,1,2021-01,2020/2021,24,2021-01-09,0,0,1708,0,0.364410648983789,0,468702,Trøndelag,2021-02-19
day,county,county50,2020,total,total,2021,1,2021-01,2020/2021,24,2021-01-10,0,0,1708,0,0.364410648983789,0,468702,Trøndelag,2021-02-19
day,county,county50,2020,total,total,2021,2,2021-02,2020/2021,25,2021-01-11,95,0,1803,0,0.384679391169656,0,468702,Trøndelag,2021-02-19
day,county,county50,2020,total,total,2021,2,2021-02,2020/2021,25,2021-01-12,500,0,2303,0,0.491356981621585,0,468702,Trøndelag,2021-02-19
day,county,county50,2020,total,total,2021,2,2021-02,2020/2021,25,2021-01-13,859,0,3162,0,0.674629082017999,0,468702,Trøndelag,2021-02-19
day,county,county50,2020,total,total,2021,2,2021-02,2020/2021,25,2021-01-14,669,0,3831,0,0.81736369804268,0,468702,Trøndelag,2021-02-19
day,county,county50,2020,total,total,2021,2,2021-02,2020/2021,25,2021-01-15,253,0,4084,0,0.871342558811356,0,468702,Trøndelag,2021-02-19
day,county,county50,2020,total,total,2021,2,2021-02,2020/2021,25,2021-01-16,0,0,4084,0,0.871342558811356,0,468702,Trøndelag,2021-02-19
day,county,county50,2020,total,total,2021,2,2021-02,2020/2021,25,2021-01-17,0,0,4084,0,0.871342558811356,0,468702,Trøndelag,2021-02-19
day,county,county50,2020,total,total,2021,3,2021-03,2020/2021,26,2021-01-18,152,0,4236,0,0.903772546308742,0,468702,Trøndelag,2021-02-19
day,county,county50,2020,total,total,2021,3,2021-03,2020/2021,26,2021-01-19,568,0,4804,0,1.02495828906213,0,468702,Trøndelag,2021-02-19
day,county,county50,2020,total,total,2021,3,2021-03,2020/2021,26,2021-01-20,729,0,5533,0,1.18049421594105,0,468702,Trøndelag,2021-02-19
day,county,county50,2020,total,total,2021,3,2021-03,2020/2021,26,2021-01-21,522,0,6055,0,1.29186562037286,0,468702,Trøndelag,2021-02-19
day,county,county50,2020,total,total,2021,3,2021-03,2020/2021,26,2021-01-22,282,0,6337,0,1.35203178138775,0,468702,Trøndelag,2021-02-19
day,county,county50,2020,total,total,2021,3,2021-03,2020/2021,26,2021-01-23,1,0,6338,0,1.35224513656865,0,468702,Trøndelag,2021-02-19
day,county,county50,2020,total,total,2021,3,2021-03,2020/2021,26,2021-01-24,0,0,6338,0,1.35224513656865,0,468702,Trøndelag,2021-02-19
day,county,county50,2020,total,total,2021,4,2021-04,2020/2021,27,2021-01-25,1,0,6339,0,1.35245849174956,0,468702,Trøndelag,2021-02-19
day,county,county50,2020,total,total,2021,4,2021-04,2020/2021,27,2021-01-26,313,184,6652,184,1.41923866337246,0.0392573532863098,468702,Trøndelag,2021-02-19
day,county,county50,2020,total,total,2021,4,2021-04,2020/2021,27,2021-01-27,971,590,7623,774,1.62640654403011,0.165136910019586,468702,Trøndelag,2021-02-19
day,county,county50,2020,total,total,2021,4,2021-04,2020/2021,27,2021-01-28,700,474,8323,1248,1.77575517066281,0.266267265768015,468702,Trøndelag,2021-02-19
day,county,county50,2020,total,total,2021,4,2021-04,2020/2021,27,2021-01-29,410,227,8733,1475,1.86323079483339,0.31469889183319,468702,Trøndelag,2021-02-19
day,county,county50,2020,total,total,2021,4,2021-04,2020/2021,27,2021-01-30,0,0,8733,1475,1.86323079483339,0.31469889183319,468702,Trøndelag,2021-02-19
day,county,county50,2020,total,total,2021,4,2021-04,2020/2021,27,2021-01-31,0,1,8733,1476,1.86323079483339,0.314912247014094,468702,Trøndelag,2021-02-19
day,county,county50,2020,total,total,2021,5,2021-05,2020/2021,28,2021-02-01,13,86,8746,1562,1.86600441218514,0.333260792571826,468702,Trøndelag,2021-02-19
day,county,county50,2020,total,total,2021,5,2021-05,2020/2021,28,2021-02-02,833,392,9579,1954,2.04372927787805,0.416896023486138,468702,Trøndelag,2021-02-19
day,county,county50,2020,total,total,2021,5,2021-05,2020/2021,28,2021-02-03,2015,807,11594,2761,2.47363996739933,0.589073654475552,468702,Trøndelag,2021-02-19
day,county,county50,2020,total,total,2021,5,2021-05,2020/2021,28,2021-02-04,2086,594,13680,3355,2.91869887476478,0.715806631932443,468702,Trøndelag,2021-02-19
day,county,county50,2020,total,total,2021,5,2021-05,2020/2021,28,2021-02-05,1278,319,14958,3674,3.19136679595991,0.783866934640774,468702,Trøndelag,2021-02-19
day,county,county50,2020,total,total,2021,5,2021-05,2020/2021,28,2021-02-06,7,0,14965,3674,3.19286028222623,0.783866934640774,468702,Trøndelag,2021-02-19
day,county,county50,2020,total,total,2021,5,2021-05,2020/2021,28,2021-02-07,1,0,14966,3674,3.19307363740714,0.783866934640774,468702,Trøndelag,2021-02-19
day,county,county50,2020,total,total,2021,6,2021-06,2020/2021,29,2021-02-08,3,150,14969,3824,3.19371370294985,0.815870211776353,468702,Trøndelag,2021-02-19
day,county,county50,2020,total,total,2021,6,2021-06,2020/2021,29,2021-02-09,833,523,15802,4347,3.37143856864276,0.92745497138907,468702,Trøndelag,2021-02-19
day,county,county50,2020,total,total,2021,6,2021-06,2020/2021,29,2021-02-10,2079,612,17881,4959,3.81500398974188,1.05802834210223,468702,Trøndelag,2021-02-19
day,county,county50,2020,total,total,2021,6,2021-06,2020/2021,29,2021-02-11,2241,574,20122,5533,4.29313295014743,1.18049421594105,468702,Trøndelag,2021-02-19
day,county,county50,2020,total,total,2021,6,2021-06,2020/2021,29,2021-02-12,795,340,20917,5873,4.462750318966,1.25303497744836,468702,Trøndelag,2021-02-19
day,county,county50,2020,total,total,2021,6,2021-06,2020/2021,29,2021-02-13,0,0,20917,5873,4.462750318966,1.25303497744836,468702,Trøndelag,2021-02-19
day,county,county50,2020,total,total,2021,6,2021-06,2020/2021,29,2021-02-14,0,0,20917,5873,4.462750318966,1.25303497744836,468702,Trøndelag,2021-02-19
day,county,county50,2020,total,total,2021,7,2021-07,2020/2021,30,2021-02-15,0,2,20917,5875,4.462750318966,1.25346168781017,468702,Trøndelag,2021-02-19
day,county,county50,2020,total,total,2021,7,2021-07,2020/2021,30,2021-02-16,336,210,21253,6085,4.53443765974969,1.29826627579998,468702,Trøndelag,2021-02-19
day,county,county50,2020,total,total,2021,7,2021-07,2020/2021,30,2021-02-17,2059,867,23312,6952,4.97373597723074,1.48324521764362,468702,Trøndelag,2021-02-19
day,county,county50,2020,total,total,2021,7,2021-07,2020/2021,30,2021-02-18,1714,698,25026,7650,5.33942675729995,1.63216713391451,468702,Trøndelag,2021-02-19
day,county,county54,2020,total,total,2020,52,2020-52,2020/2021,23,2020-12-27,0,0,0,0,0,0,243311,Troms og Finnmark,2021-02-19
day,county,county54,2020,total,total,2020,53,2020-53,2020/2021,23.5,2020-12-28,1,0,1,0,0.000410996625717703,0,243311,Troms og Finnmark,2021-02-19
day,county,county54,2020,total,total,2020,53,2020-53,2020/2021,23.5,2020-12-29,0,0,1,0,0.000410996625717703,0,243311,Troms og Finnmark,2021-02-19
day,county,county54,2020,total,total,2020,53,2020-53,2020/2021,23.5,2020-12-30,0,0,1,0,0.000410996625717703,0,243311,Troms og Finnmark,2021-02-19
day,county,county54,2020,total,total,2020,53,2020-53,2020/2021,23.5,2020-12-31,0,0,1,0,0.000410996625717703,0,243311,Troms og Finnmark,2021-02-19
day,county,county54,2020,total,total,2020,53,2020-53,2020/2021,23.5,2021-01-01,0,0,1,0,0.000410996625717703,0,243311,Troms og Finnmark,2021-02-19
day,county,county54,2020,total,total,2020,53,2020-53,2020/2021,23.5,2021-01-02,0,0,1,0,0.000410996625717703,0,243311,Troms og Finnmark,2021-02-19
day,county,county54,2020,total,total,2020,53,2020-53,2020/2021,23.5,2021-01-03,0,0,1,0,0.000410996625717703,0,243311,Troms og Finnmark,2021-02-19
day,county,county54,2020,total,total,2021,1,2021-01,2020/2021,24,2021-01-04,0,0,1,0,0.000410996625717703,0,243311,Troms og Finnmark,2021-02-19
day,county,county54,2020,total,total,2021,1,2021-01,2020/2021,24,2021-01-05,53,0,54,0,0.022193817788756,0,243311,Troms og Finnmark,2021-02-19
day,county,county54,2020,total,total,2021,1,2021-01,2020/2021,24,2021-01-06,530,0,584,0,0.240022029419138,0,243311,Troms og Finnmark,2021-02-19
day,county,county54,2020,total,total,2021,1,2021-01,2020/2021,24,2021-01-07,188,0,772,0,0.317289395054067,0,243311,Troms og Finnmark,2021-02-19
day,county,county54,2020,total,total,2021,1,2021-01,2020/2021,24,2021-01-08,247,0,1019,0,0.418805561606339,0,243311,Troms og Finnmark,2021-02-19
day,county,county54,2020,total,total,2021,1,2021-01,2020/2021,24,2021-01-09,0,0,1019,0,0.418805561606339,0,243311,Troms og Finnmark,2021-02-19
day,county,county54,2020,total,total,2021,1,2021-01,2020/2021,24,2021-01-10,0,0,1019,0,0.418805561606339,0,243311,Troms og Finnmark,2021-02-19
day,county,county54,2020,total,total,2021,2,2021-02,2020/2021,25,2021-01-11,1,0,1020,0,0.419216558232057,0,243311,Troms og Finnmark,2021-02-19
day,county,county54,2020,total,total,2021,2,2021-02,2020/2021,25,2021-01-12,188,0,1208,0,0.496483923866985,0,243311,Troms og Finnmark,2021-02-19
day,county,county54,2020,total,total,2021,2,2021-02,2020/2021,25,2021-01-13,569,0,1777,0,0.730341003900358,0,243311,Troms og Finnmark,2021-02-19
day,county,county54,2020,total,total,2021,2,2021-02,2020/2021,25,2021-01-14,329,0,2106,0,0.865558893761482,0,243311,Troms og Finnmark,2021-02-19
day,county,county54,2020,total,total,2021,2,2021-02,2020/2021,25,2021-01-15,37,0,2143,0,0.880765768913037,0,243311,Troms og Finnmark,2021-02-19
day,county,county54,2020,total,total,2021,2,2021-02,2020/2021,25,2021-01-16,2,0,2145,0,0.881587762164473,0,243311,Troms og Finnmark,2021-02-19
day,county,county54,2020,total,total,2021,2,2021-02,2020/2021,25,2021-01-17,1,0,2146,0,0.88199875879019,0,243311,Troms og Finnmark,2021-02-19
day,county,county54,2020,total,total,2021,3,2021-03,2020/2021,26,2021-01-18,0,1,2146,1,0.88199875879019,0.000410996625717703,243311,Troms og Finnmark,2021-02-19
day,county,county54,2020,total,total,2021,3,2021-03,2020/2021,26,2021-01-19,249,0,2395,1,0.984336918593898,0.000410996625717703,243311,Troms og Finnmark,2021-02-19
day,county,county54,2020,total,total,2021,3,2021-03,2020/2021,26,2021-01-20,914,0,3309,1,1.35998783449988,0.000410996625717703,243311,Troms og Finnmark,2021-02-19
day,county,county54,2020,total,total,2021,3,2021-03,2020/2021,26,2021-01-21,249,0,3558,1,1.46232599430359,0.000410996625717703,243311,Troms og Finnmark,2021-02-19
day,county,county54,2020,total,total,2021,3,2021-03,2020/2021,26,2021-01-22,81,0,3639,1,1.49561672098672,0.000410996625717703,243311,Troms og Finnmark,2021-02-19
day,county,county54,2020,total,total,2021,3,2021-03,2020/2021,26,2021-01-23,12,0,3651,1,1.50054868049533,0.000410996625717703,243311,Troms og Finnmark,2021-02-19
day,county,county54,2020,total,total,2021,3,2021-03,2020/2021,26,2021-01-24,0,0,3651,1,1.50054868049533,0.000410996625717703,243311,Troms og Finnmark,2021-02-19
day,county,county54,2020,total,total,2021,4,2021-04,2020/2021,27,2021-01-25,6,0,3657,1,1.50301466024964,0.000410996625717703,243311,Troms og Finnmark,2021-02-19
day,county,county54,2020,total,total,2021,4,2021-04,2020/2021,27,2021-01-26,84,0,3741,1,1.53753837680993,0.000410996625717703,243311,Troms og Finnmark,2021-02-19
day,county,county54,2020,total,total,2021,4,2021-04,2020/2021,27,2021-01-27,668,357,4409,358,1.81208412278935,0.147136792006938,243311,Troms og Finnmark,2021-02-19
day,county,county54,2020,total,total,2021,4,2021-04,2020/2021,27,2021-01-28,234,276,4643,634,1.90825733320729,0.260571860705024,243311,Troms og Finnmark,2021-02-19
day,county,county54,2020,total,total,2021,4,2021-04,2020/2021,27,2021-01-29,103,243,4746,877,1.95058998565622,0.360444040754425,243311,Troms og Finnmark,2021-02-19
day,county,county54,2020,total,total,2021,4,2021-04,2020/2021,27,2021-01-30,0,0,4746,877,1.95058998565622,0.360444040754425,243311,Troms og Finnmark,2021-02-19
day,county,county54,2020,total,total,2021,4,2021-04,2020/2021,27,2021-01-31,0,0,4746,877,1.95058998565622,0.360444040754425,243311,Troms og Finnmark,2021-02-19
day,county,county54,2020,total,total,2021,5,2021-05,2020/2021,28,2021-02-01,0,2,4746,879,1.95058998565622,0.361266034005861,243311,Troms og Finnmark,2021-02-19
day,county,county54,2020,total,total,2021,5,2021-05,2020/2021,28,2021-02-02,120,21,4866,900,1.99990958074234,0.369896963145933,243311,Troms og Finnmark,2021-02-19
day,county,county54,2020,total,total,2021,5,2021-05,2020/2021,28,2021-02-03,1156,564,6022,1464,2.47502168007201,0.601699060050717,243311,Troms og Finnmark,2021-02-19
day,county,county54,2020,total,total,2021,5,2021-05,2020/2021,28,2021-02-04,1141,378,7163,1842,2.94396883001591,0.757055784572009,243311,Troms og Finnmark,2021-02-19
day,county,county54,2020,total,total,2021,5,2021-05,2020/2021,28,2021-02-05,280,140,7443,1982,3.05904788521686,0.814595312172487,243311,Troms og Finnmark,2021-02-19
day,county,county54,2020,total,total,2021,5,2021-05,2020/2021,28,2021-02-06,1,1,7444,1983,3.05945888184258,0.815006308798205,243311,Troms og Finnmark,2021-02-19
day,county,county54,2020,total,total,2021,5,2021-05,2020/2021,28,2021-02-07,0,1,7444,1984,3.05945888184258,0.815417305423923,243311,Troms og Finnmark,2021-02-19
day,county,county54,2020,total,total,2021,6,2021-06,2020/2021,29,2021-02-08,0,0,7444,1984,3.05945888184258,0.815417305423923,243311,Troms og Finnmark,2021-02-19
day,county,county54,2020,total,total,2021,6,2021-06,2020/2021,29,2021-02-09,71,26,7515,2010,3.08863964226854,0.826103217692583,243311,Troms og Finnmark,2021-02-19
day,county,county54,2020,total,total,2021,6,2021-06,2020/2021,29,2021-02-10,1402,804,8917,2814,3.66485691152476,1.15654450476962,243311,Troms og Finnmark,2021-02-19
day,county,county54,2020,total,total,2021,6,2021-06,2020/2021,29,2021-02-11,984,466,9901,3280,4.06927759123098,1.34806893235407,243311,Troms og Finnmark,2021-02-19
day,county,county54,2020,total,total,2021,6,2021-06,2020/2021,29,2021-02-12,265,113,10166,3393,4.17819169704617,1.39451155106017,243311,Troms og Finnmark,2021-02-19
day,county,county54,2020,total,total,2021,6,2021-06,2020/2021,29,2021-02-13,5,2,10171,3395,4.18024668017476,1.3953335443116,243311,Troms og Finnmark,2021-02-19
day,county,county54,2020,total,total,2021,6,2021-06,2020/2021,29,2021-02-14,0,0,10171,3395,4.18024668017476,1.3953335443116,243311,Troms og Finnmark,2021-02-19
day,county,county54,2020,total,total,2021,7,2021-07,2020/2021,30,2021-02-15,0,6,10171,3401,4.18024668017476,1.39779952406591,243311,Troms og Finnmark,2021-02-19
day,county,county54,2020,total,total,2021,7,2021-07,2020/2021,30,2021-02-16,131,52,10302,3453,4.23408723814378,1.41917134860323,243311,Troms og Finnmark,2021-02-19
day,county,county54,2020,total,total,2021,7,2021-07,2020/2021,30,2021-02-17,885,557,11187,4010,4.59781925190394,1.64809646912799,243311,Troms og Finnmark,2021-02-19
day,county,county54,2020,total,total,2021,7,2021-07,2020/2021,30,2021-02-18,1214,238,12401,4248,5.09676915552523,1.7459136660488,243311,Troms og Finnmark,2021-02-19
day,nation,norge,2020,total,total,2020,52,2020-52,2020/2021,23,2020-12-27,5,0,5,0,9.31518486915891e-05,0,5367580,Norge,2021-02-19
day,nation,norge,2020,total,total,2020,53,2020-53,2020/2021,23.5,2020-12-28,602,0,607,0,0.0113086344311589,0,5367580,Norge,2021-02-19
day,nation,norge,2020,total,total,2020,53,2020-53,2020/2021,23.5,2020-12-29,1067,0,1674,0,0.031187238941944,0,5367580,Norge,2021-02-19
day,nation,norge,2020,total,total,2020,53,2020-53,2020/2021,23.5,2020-12-30,424,0,2098,0,0.0390865157109908,0,5367580,Norge,2021-02-19
day,nation,norge,2020,total,total,2020,53,2020-53,2020/2021,23.5,2020-12-31,72,0,2170,0,0.0404279023321497,0,5367580,Norge,2021-02-19
day,nation,norge,2020,total,total,2020,53,2020-53,2020/2021,23.5,2021-01-01,6,0,2176,0,0.0405396845505796,0,5367580,Norge,2021-02-19
day,nation,norge,2020,total,total,2020,53,2020-53,2020/2021,23.5,2021-01-02,0,0,2176,0,0.0405396845505796,0,5367580,Norge,2021-02-19
day,nation,norge,2020,total,total,2020,53,2020-53,2020/2021,23.5,2021-01-03,3,0,2179,0,0.0405955756597945,0,5367580,Norge,2021-02-19
day,nation,norge,2020,total,total,2021,1,2021-01,2020/2021,24,2021-01-04,6,0,2185,0,0.0407073578782245,0,5367580,Norge,2021-02-19
day,nation,norge,2020,total,total,2021,1,2021-01,2020/2021,24,2021-01-05,3384,0,5569,0,0.103752529072692,0,5367580,Norge,2021-02-19
day,nation,norge,2020,total,total,2021,1,2021-01,2020/2021,24,2021-01-06,9061,0,14630,0,0.27256230927159,0,5367580,Norge,2021-02-19
day,nation,norge,2020,total,total,2021,1,2021-01,2020/2021,24,2021-01-07,6573,0,21203,0,0.395019729561553,0,5367580,Norge,2021-02-19
day,nation,norge,2020,total,total,2021,1,2021-01,2020/2021,24,2021-01-08,1614,0,22817,0,0.425089146319198,0,5367580,Norge,2021-02-19
day,nation,norge,2020,total,total,2021,1,2021-01,2020/2021,24,2021-01-09,134,0,22951,0,0.427585615864133,0,5367580,Norge,2021-02-19
day,nation,norge,2020,total,total,2021,1,2021-01,2020/2021,24,2021-01-10,107,0,23058,0,0.429579065426132,0,5367580,Norge,2021-02-19
day,nation,norge,2020,total,total,2021,2,2021-02,2020/2021,25,2021-01-11,348,0,23406,0,0.436062434095067,0,5367580,Norge,2021-02-19
day,nation,norge,2020,total,total,2021,2,2021-02,2020/2021,25,2021-01-12,4264,0,27670,0,0.515502330659254,0,5367580,Norge,2021-02-19
day,nation,norge,2020,total,total,2021,2,2021-02,2020/2021,25,2021-01-13,9772,0,37442,0,0.697558303742096,0,5367580,Norge,2021-02-19
day,nation,norge,2020,total,total,2021,2,2021-02,2020/2021,25,2021-01-14,8447,0,45889,0,0.854929036921667,0,5367580,Norge,2021-02-19
day,nation,norge,2020,total,total,2021,2,2021-02,2020/2021,25,2021-01-15,4470,0,50359,0,0.938206789651947,0,5367580,Norge,2021-02-19
day,nation,norge,2020,total,total,2021,2,2021-02,2020/2021,25,2021-01-16,742,0,51101,0,0.952030523997779,0,5367580,Norge,2021-02-19
day,nation,norge,2020,total,total,2021,2,2021-02,2020/2021,25,2021-01-17,342,5,51443,5,0.958402110448284,9.31518486915891e-05,5367580,Norge,2021-02-19
day,nation,norge,2020,total,total,2021,3,2021-03,2020/2021,26,2021-01-18,1287,283,52730,288,0.982379396301499,0.00536554648463553,5367580,Norge,2021-02-19
day,nation,norge,2020,total,total,2021,3,2021-03,2020/2021,26,2021-01-19,4581,771,57311,1059,1.06772512007273,0.0197295615528786,5367580,Norge,2021-02-19
day,nation,norge,2020,total,total,2021,3,2021-03,2020/2021,26,2021-01-20,10036,693,67347,1752,1.25469951076649,0.0326404077815328,5367580,Norge,2021-02-19
day,nation,norge,2020,total,total,2021,3,2021-03,2020/2021,26,2021-01-21,8417,168,75764,1920,1.41151133285391,0.0357703098975702,5367580,Norge,2021-02-19
day,nation,norge,2020,total,total,2021,3,2021-03,2020/2021,26,2021-01-22,3297,7,79061,1927,1.47293566188115,0.0359007224857385,5367580,Norge,2021-02-19
day,nation,norge,2020,total,total,2021,3,2021-03,2020/2021,26,2021-01-23,353,0,79414,1927,1.47951218239877,0.0359007224857385,5367580,Norge,2021-02-19
day,nation,norge,2020,total,total,2021,3,2021-03,2020/2021,26,2021-01-24,66,0,79480,1927,1.4807417868015,0.0359007224857385,5367580,Norge,2021-02-19
day,nation,norge,2020,total,total,2021,4,2021-04,2020/2021,27,2021-01-25,574,0,80054,1927,1.4914356190313,0.0359007224857385,5367580,Norge,2021-02-19
day,nation,norge,2020,total,total,2021,4,2021-04,2020/2021,27,2021-01-26,2247,2129,82301,4056,1.5332980598333,0.0755647796586171,5367580,Norge,2021-02-19
day,nation,norge,2020,total,total,2021,4,2021-04,2020/2021,27,2021-01-27,11312,7506,93613,11562,1.74404480231315,0.215404334914431,5367580,Norge,2021-02-19
day,nation,norge,2020,total,total,2021,4,2021-04,2020/2021,27,2021-01-28,10804,6537,104417,18099,1.94532731696593,0.337191061893814,5367580,Norge,2021-02-19
day,nation,norge,2020,total,total,2021,4,2021-04,2020/2021,27,2021-01-29,3760,2085,108177,20184,2.01537750718201,0.376035382798207,5367580,Norge,2021-02-19
day,nation,norge,2020,total,total,2021,4,2021-04,2020/2021,27,2021-01-30,129,170,108306,20354,2.01778082487825,0.379202545653721,5367580,Norge,2021-02-19
day,nation,norge,2020,total,total,2021,4,2021-04,2020/2021,27,2021-01-31,80,50,108386,20404,2.01927125445732,0.380134064140637,5367580,Norge,2021-02-19
day,nation,norge,2020,total,total,2021,5,2021-05,2020/2021,28,2021-02-01,180,298,108566,20702,2.02262472101021,0.385685914322656,5367580,Norge,2021-02-19
day,nation,norge,2020,total,total,2021,5,2021-05,2020/2021,28,2021-02-02,6299,3135,114865,23837,2.13997741999188,0.444092123452282,5367580,Norge,2021-02-19
day,nation,norge,2020,total,total,2021,5,2021-05,2020/2021,28,2021-02-03,24715,8293,139580,32130,2.6004270080744,0.598593779692152,5367580,Norge,2021-02-19
day,nation,norge,2020,total,total,2021,5,2021-05,2020/2021,28,2021-02-04,25699,8569,165279,40699,3.07920887997943,0.758237417979797,5367580,Norge,2021-02-19
day,nation,norge,2020,total,total,2021,5,2021-05,2020/2021,28,2021-02-05,10484,4820,175763,45519,3.27452967631596,0.848035800118489,5367580,Norge,2021-02-19
day,nation,norge,2020,total,total,2021,5,2021-05,2020/2021,28,2021-02-06,801,733,176564,46252,3.28945260247635,0.861691861136676,5367580,Norge,2021-02-19
day,nation,norge,2020,total,total,2021,5,2021-05,2020/2021,28,2021-02-07,320,294,176884,46546,3.29541432079261,0.867169189839742,5367580,Norge,2021-02-19
day,nation,norge,2020,total,total,2021,6,2021-06,2020/2021,29,2021-02-08,120,922,177004,47468,3.29764996516121,0.884346390738471,5367580,Norge,2021-02-19
day,nation,norge,2020,total,total,2021,6,2021-06,2020/2021,29,2021-02-09,5429,3216,182433,50684,3.39879424247054,0.944261659816901,5367580,Norge,2021-02-19
day,nation,norge,2020,total,total,2021,6,2021-06,2020/2021,29,2021-02-10,22591,8552,205024,59236,3.81967292522887,1.10358858181899,5367580,Norge,2021-02-19
day,nation,norge,2020,total,total,2021,6,2021-06,2020/2021,29,2021-02-11,20495,8466,225519,67702,4.2015023530157,1.26131329202359,5367580,Norge,2021-02-19
day,nation,norge,2020,total,total,2021,6,2021-06,2020/2021,29,2021-02-12,7858,3511,233377,71213,4.3478997984194,1.32672452017483,5367580,Norge,2021-02-19
day,nation,norge,2020,total,total,2021,6,2021-06,2020/2021,29,2021-02-13,798,303,234175,71516,4.36276683347058,1.33236952220554,5367580,Norge,2021-02-19
day,nation,norge,2020,total,total,2021,6,2021-06,2020/2021,29,2021-02-14,110,1,234285,71517,4.36481617414179,1.33238815257528,5367580,Norge,2021-02-19
day,nation,norge,2020,total,total,2021,7,2021-07,2020/2021,30,2021-02-15,800,746,235085,72263,4.37972046993245,1.34628640840006,5367580,Norge,2021-02-19
day,nation,norge,2020,total,total,2021,7,2021-07,2020/2021,30,2021-02-16,5794,2068,240879,74331,4.48766483219626,1.3848140130189,5367580,Norge,2021-02-19
day,nation,norge,2020,total,total,2021,7,2021-07,2020/2021,30,2021-02-17,20654,9458,261533,83789,4.87245648877148,1.56102005000391,5367580,Norge,2021-02-19
day,nation,norge,2020,total,total,2021,7,2021-07,2020/2021,30,2021-02-18,16846,9462,278379,93251,5.18630369738318,1.73730060846788,5367580,Norge,2021-02-19
