granularity_time,granularity_geo,location_code,border,age,sex,date,year,week,yrwk,season,x,n_dose_1,n_dose_2,n_dose_3_all,cum_pr100_dose_1,cum_pr100_dose_2,cum_pr100_dose_3_all,pop,location_name,date_of_publishing
total,county,county03,2020,total,total,1900-01-01,1900,1,1900-01,1899/1900,24,537586,476200,47088,77.1,68.3,6.8,697010,Oslo,2021-11-22
total,county,county11,2020,total,total,1900-01-01,1900,1,1900-01,1899/1900,24,361713,325136,21416,74.9,67.4,4.4,482645,Rogaland,2021-11-22
total,county,county15,2020,total,total,1900-01-01,1900,1,1900-01,1899/1900,24,209409,191583,16562,78.9,72.1,6.2,265544,Møre og Romsdal,2021-11-22
total,county,county18,2020,total,total,1900-01-01,1900,1,1900-01,1899/1900,24,191225,172611,16849,79.6,71.8,7,240345,Nordland,2021-11-22
total,county,county30,2020,total,total,1900-01-01,1900,1,1900-01,1899/1900,24,977687,868940,92345,78.1,69.4,7.4,1252384,Viken,2021-11-22
total,county,county34,2020,total,total,1900-01-01,1900,1,1900-01,1899/1900,24,300548,274063,30400,81.1,74,8.2,370603,Innlandet,2021-11-22
total,county,county38,2020,total,total,1900-01-01,1900,1,1900-01,1899/1900,24,335286,301932,32824,79.5,71.6,7.8,421882,Vestfold og Telemark,2021-11-22
total,county,county42,2020,total,total,1900-01-01,1900,1,1900-01,1899/1900,24,240483,216159,15712,77.9,70,5.1,308843,Agder,2021-11-22
total,county,county46,2020,total,total,1900-01-01,1900,1,1900-01,1899/1900,24,494275,442881,40742,77.4,69.3,6.4,638821,Vestland,2021-11-22
total,county,county50,2020,total,total,1900-01-01,1900,1,1900-01,1899/1900,24,377937,342981,30735,80.2,72.8,6.5,471124,Trøndelag,2021-11-22
total,county,county54,2020,total,total,1900-01-01,1900,1,1900-01,1899/1900,24,188531,171275,16070,77.9,70.7,6.6,242168,Troms og Finnmark,2021-11-22
total,municip,municip0301,2020,total,total,1900-01-01,1900,1,1900-01,1899/1900,24,537576,476193,47088,77.1,68.3,6.8,697010,Oslo,2021-11-22
total,municip,municip1101,2020,total,total,1900-01-01,1900,1,1900-01,1899/1900,24,11554,10579,702,78.1,71.5,4.7,14787,Eigersund,2021-11-22
total,municip,municip1103,2020,total,total,1900-01-01,1900,1,1900-01,1899/1900,24,110047,98327,6572,76.3,68.2,4.6,144147,Stavanger,2021-11-22
total,municip,municip1106,2020,total,total,1900-01-01,1900,1,1900-01,1899/1900,24,27809,25102,1062,74.5,67.3,2.8,37323,Haugesund,2021-11-22
total,municip,municip1108,2020,total,total,1900-01-01,1900,1,1900-01,1899/1900,24,58807,52851,2816,73.1,65.7,3.5,80450,Sandnes,2021-11-22
total,municip,municip1111,2020,total,total,1900-01-01,1900,1,1900-01,1899/1900,24,2423,2226,298,74.4,68.3,9.1,3257,Sokndal,2021-11-22
total,municip,municip1112,2020,total,total,1900-01-01,1900,1,1900-01,1899/1900,24,2355,2204,264,74.2,69.4,8.3,3174,Lund,2021-11-22
total,municip,municip1114,2020,total,total,1900-01-01,1900,1,1900-01,1899/1900,24,2138,1955,250,76.6,70,9,2791,Bjerkreim,2021-11-22
total,municip,municip1119,2020,total,total,1900-01-01,1900,1,1900-01,1899/1900,24,13563,12177,977,70.9,63.7,5.1,19120,Hå,2021-11-22
total,municip,municip1120,2020,total,total,1900-01-01,1900,1,1900-01,1899/1900,24,14558,13133,550,73.3,66.2,2.8,19848,Klepp,2021-11-22
total,municip,municip1121,2020,total,total,1900-01-01,1900,1,1900-01,1899/1900,24,14167,12816,294,74.1,67.1,1.5,19106,Time,2021-11-22
total,municip,municip1122,2020,total,total,1900-01-01,1900,1,1900-01,1899/1900,24,8643,7744,725,71.6,64.2,6,12064,Gjesdal,2021-11-22
total,municip,municip1124,2020,total,total,1900-01-01,1900,1,1900-01,1899/1900,24,20650,18605,1636,75.2,67.8,6,27457,Sola,2021-11-22
total,municip,municip1127,2020,total,total,1900-01-01,1900,1,1900-01,1899/1900,24,8776,7883,490,77.6,69.7,4.3,11315,Randaberg,2021-11-22
total,municip,municip1130,2020,total,total,1900-01-01,1900,1,1900-01,1899/1900,24,10012,8905,786,76.6,68.1,6,13070,Strand,2021-11-22
total,municip,municip1133,2020,total,total,1900-01-01,1900,1,1900-01,1899/1900,24,1964,1775,141,76.1,68.8,5.5,2580,Hjelmeland,2021-11-22
total,municip,municip1134,2020,total,total,1900-01-01,1900,1,1900-01,1899/1900,24,2957,2673,110,77.6,70.2,2.9,3809,Suldal,2021-11-22
total,municip,municip1135,2020,total,total,1900-01-01,1900,1,1900-01,1899/1900,24,3616,3304,88,79.3,72.4,1.9,4561,Sauda,2021-11-22
total,municip,municip1144,2020,total,total,1900-01-01,1900,1,1900-01,1899/1900,24,422,395,33,83.2,77.9,6.5,507,Kvitsøy,2021-11-22
total,municip,municip1145,2020,total,total,1900-01-01,1900,1,1900-01,1899/1900,24,694,643,10,80.8,74.9,1.2,859,Bokn,2021-11-22
total,municip,municip1146,2020,total,total,1900-01-01,1900,1,1900-01,1899/1900,24,8358,7449,613,74.8,66.6,5.5,11178,Tysvær,2021-11-22
total,municip,municip1149,2020,total,total,1900-01-01,1900,1,1900-01,1899/1900,24,31436,28321,2533,74.2,66.9,6,42345,Karmøy,2021-11-22
total,municip,municip1151,2020,total,total,1900-01-01,1900,1,1900-01,1899/1900,24,164,161,41,85.4,83.9,21.4,192,Utsira,2021-11-22
total,municip,municip1160,2020,total,total,1900-01-01,1900,1,1900-01,1899/1900,24,6593,5902,424,75.7,67.8,4.9,8705,Vindafjord,2021-11-22
total,municip,municip1505,2020,total,total,1900-01-01,1900,1,1900-01,1899/1900,24,19384,17861,2425,80.4,74.1,10.1,24099,Kristiansund,2021-11-22
total,municip,municip1506,2020,total,total,1900-01-01,1900,1,1900-01,1899/1900,24,25965,23963,2416,81.5,75.2,7.6,31870,Molde,2021-11-22
total,municip,municip1507,2020,total,total,1900-01-01,1900,1,1900-01,1899/1900,24,51464,47292,3499,77.2,70.9,5.2,66670,Ålesund,2021-11-22
total,municip,municip1511,2020,total,total,1900-01-01,1900,1,1900-01,1899/1900,24,2523,2338,200,81.8,75.8,6.5,3083,Vanylven,2021-11-22
total,municip,municip1514,2020,total,total,1900-01-01,1900,1,1900-01,1899/1900,24,1846,1695,350,75.5,69.3,14.3,2445,Sande,2021-11-22
total,municip,municip1515,2020,total,total,1900-01-01,1900,1,1900-01,1899/1900,24,6698,6037,316,75.6,68.2,3.6,8858,Herøy,2021-11-22
total,municip,municip1516,2020,total,total,1900-01-01,1900,1,1900-01,1899/1900,24,6552,5837,615,76.4,68.1,7.2,8575,Ulstein,2021-11-22
total,municip,municip1517,2020,total,total,1900-01-01,1900,1,1900-01,1899/1900,24,3749,3460,348,72.9,67.3,6.8,5140,Hareid,2021-11-22
total,municip,municip1520,2020,total,total,1900-01-01,1900,1,1900-01,1899/1900,24,8507,7815,570,78.6,72.2,5.3,10830,Ørsta,2021-11-22
total,municip,municip1525,2020,total,total,1900-01-01,1900,1,1900-01,1899/1900,24,3587,3292,211,80,73.4,4.7,4482,Stranda,2021-11-22
total,municip,municip1528,2020,total,total,1900-01-01,1900,1,1900-01,1899/1900,24,6120,5471,372,80.6,72,4.9,7596,Sykkylven,2021-11-22
total,municip,municip1531,2020,total,total,1900-01-01,1900,1,1900-01,1899/1900,24,7209,6474,640,76.6,68.8,6.8,9409,Sula,2021-11-22
total,municip,municip1532,2020,total,total,1900-01-01,1900,1,1900-01,1899/1900,24,6397,5654,486,75.2,66.5,5.7,8506,Giske,2021-11-22
total,municip,municip1535,2020,total,total,1900-01-01,1900,1,1900-01,1899/1900,24,5495,4986,596,79,71.7,8.6,6958,Vestnes,2021-11-22
total,municip,municip1539,2020,total,total,1900-01-01,1900,1,1900-01,1899/1900,24,5541,5060,221,78.9,72,3.1,7026,Rauma,2021-11-22
total,municip,municip1547,2020,total,total,1900-01-01,1900,1,1900-01,1899/1900,24,2823,2497,297,80.2,70.9,8.4,3522,Aukra,2021-11-22
total,municip,municip1554,2020,total,total,1900-01-01,1900,1,1900-01,1899/1900,24,4677,4315,188,80.5,74.3,3.2,5808,Averøy,2021-11-22
total,municip,municip1557,2020,total,total,1900-01-01,1900,1,1900-01,1899/1900,24,2084,1926,226,78.4,72.5,8.5,2658,Gjemnes,2021-11-22
total,municip,municip1560,2020,total,total,1900-01-01,1900,1,1900-01,1899/1900,24,2461,2284,405,82.4,76.5,13.6,2985,Tingvoll,2021-11-22
total,municip,municip1563,2020,total,total,1900-01-01,1900,1,1900-01,1899/1900,24,5832,5420,719,83.8,77.9,10.3,6956,Sunndal,2021-11-22
total,municip,municip1566,2020,total,total,1900-01-01,1900,1,1900-01,1899/1900,24,4913,4615,306,83.7,78.6,5.2,5872,Surnadal,2021-11-22
total,municip,municip1573,2020,total,total,1900-01-01,1900,1,1900-01,1899/1900,24,1716,1601,40,80.6,75.2,1.9,2128,Smøla,2021-11-22
total,municip,municip1576,2020,total,total,1900-01-01,1900,1,1900-01,1899/1900,24,2772,2571,366,79.9,74.1,10.6,3468,Aure,2021-11-22
total,municip,municip1577,2020,total,total,1900-01-01,1900,1,1900-01,1899/1900,24,8684,7959,224,80.5,73.8,2.1,10781,Volda,2021-11-22
total,municip,municip1578,2020,total,total,1900-01-01,1900,1,1900-01,1899/1900,24,2083,1910,185,83.3,76.3,7.4,2502,Fjord,2021-11-22
total,municip,municip1579,2020,total,total,1900-01-01,1900,1,1900-01,1899/1900,24,10328,9251,341,77.6,69.5,2.6,13317,Hustadvika,2021-11-22
total,municip,municip1804,2020,total,total,1900-01-01,1900,1,1900-01,1899/1900,24,42106,37658,4033,80.1,71.6,7.7,52560,Bodø,2021-11-22
total,municip,municip1806,2020,total,total,1900-01-01,1900,1,1900-01,1899/1900,24,17145,15531,1720,79.2,71.7,7.9,21661,Narvik,2021-11-22
total,municip,municip1811,2020,total,total,1900-01-01,1900,1,1900-01,1899/1900,24,1135,997,40,81.2,71.4,2.9,1397,Bindal,2021-11-22
total,municip,municip1812,2020,total,total,1900-01-01,1900,1,1900-01,1899/1900,24,1653,1483,154,83.1,74.5,7.7,1990,Sømna,2021-11-22
total,municip,municip1813,2020,total,total,1900-01-01,1900,1,1900-01,1899/1900,24,6295,5619,474,80.7,72,6.1,7803,Brønnøy,2021-11-22
total,municip,municip1815,2020,total,total,1900-01-01,1900,1,1900-01,1899/1900,24,985,885,12,83.3,74.9,1,1182,Vega,2021-11-22
total,municip,municip1816,2020,total,total,1900-01-01,1900,1,1900-01,1899/1900,24,380,347,51,81.7,74.6,11,465,Vevelstad,2021-11-22
total,municip,municip1818,2020,total,total,1900-01-01,1900,1,1900-01,1899/1900,24,1364,1221,101,76.1,68.1,5.6,1793,Herøy,2021-11-22
total,municip,municip1820,2020,total,total,1900-01-01,1900,1,1900-01,1899/1900,24,5898,5386,765,79.8,72.8,10.3,7394,Alstahaug,2021-11-22
total,municip,municip1822,2020,total,total,1900-01-01,1900,1,1900-01,1899/1900,24,1734,1565,117,76.1,68.7,5.1,2278,Leirfjord,2021-11-22
total,municip,municip1824,2020,total,total,1900-01-01,1900,1,1900-01,1899/1900,24,10692,9702,161,80.6,73.1,1.2,13268,Vefsn,2021-11-22
total,municip,municip1825,2020,total,total,1900-01-01,1900,1,1900-01,1899/1900,24,1188,1092,66,81.8,75.2,4.5,1453,Grane,2021-11-22
total,municip,municip1826,2020,total,total,1900-01-01,1900,1,1900-01,1899/1900,24,1074,970,134,84.8,76.6,10.6,1267,Hattfjelldal,2021-11-22
total,municip,municip1827,2020,total,total,1900-01-01,1900,1,1900-01,1899/1900,24,1097,1000,120,80,72.9,8.8,1371,Dønna,2021-11-22
total,municip,municip1828,2020,total,total,1900-01-01,1900,1,1900-01,1899/1900,24,1316,1188,195,77.4,69.8,11.5,1701,Nesna,2021-11-22
total,municip,municip1832,2020,total,total,1900-01-01,1900,1,1900-01,1899/1900,24,3451,3135,273,77.9,70.8,6.2,4428,Hemnes,2021-11-22
total,municip,municip1833,2020,total,total,1900-01-01,1900,1,1900-01,1899/1900,24,20826,18519,647,79.8,71,2.5,26083,Rana,2021-11-22
total,municip,municip1834,2020,total,total,1900-01-01,1900,1,1900-01,1899/1900,24,1470,1317,58,78.4,70.2,3.1,1876,Lurøy,2021-11-22
total,municip,municip1835,2020,total,total,1900-01-01,1900,1,1900-01,1899/1900,24,344,307,36,77.8,69.5,8.1,442,Træna,2021-11-22
total,municip,municip1836,2020,total,total,1900-01-01,1900,1,1900-01,1899/1900,24,905,786,37,75,65.2,3.1,1206,Rødøy,2021-11-22
total,municip,municip1837,2020,total,total,1900-01-01,1900,1,1900-01,1899/1900,24,4840,4289,359,77.5,68.7,5.7,6247,Meløy,2021-11-22
total,municip,municip1838,2020,total,total,1900-01-01,1900,1,1900-01,1899/1900,24,1503,1382,260,78.3,72,13.5,1920,Gildeskål,2021-11-22
total,municip,municip1839,2020,total,total,1900-01-01,1900,1,1900-01,1899/1900,24,857,806,79,85.8,80.7,7.9,999,Beiarn,2021-11-22
total,municip,municip1840,2020,total,total,1900-01-01,1900,1,1900-01,1899/1900,24,3675,3345,354,79.3,72.2,7.6,4632,Saltdal,2021-11-22
total,municip,municip1841,2020,total,total,1900-01-01,1900,1,1900-01,1899/1900,24,7843,7141,783,81.4,74.1,8.1,9640,Fauske,2021-11-22
total,municip,municip1845,2020,total,total,1900-01-01,1900,1,1900-01,1899/1900,24,1544,1423,217,80.8,74.4,11.3,1912,Sørfold,2021-11-22
total,municip,municip1848,2020,total,total,1900-01-01,1900,1,1900-01,1899/1900,24,2041,1855,270,78.9,71.7,10.4,2586,Steigen,2021-11-22
total,municip,municip1851,2020,total,total,1900-01-01,1900,1,1900-01,1899/1900,24,1629,1533,167,81.3,76.5,8.3,2003,Lødingen,2021-11-22
total,municip,municip1853,2020,total,total,1900-01-01,1900,1,1900-01,1899/1900,24,1065,997,112,80.4,75.3,8.5,1324,Evenes,2021-11-22
total,municip,municip1856,2020,total,total,1900-01-01,1900,1,1900-01,1899/1900,24,420,383,61,86.1,78.5,12.5,488,Røst,2021-11-22
total,municip,municip1857,2020,total,total,1900-01-01,1900,1,1900-01,1899/1900,24,530,482,45,75.9,69.1,6.4,698,Værøy,2021-11-22
total,municip,municip1859,2020,total,total,1900-01-01,1900,1,1900-01,1899/1900,24,988,910,115,79.8,73.5,9.3,1238,Flakstad,2021-11-22
total,municip,municip1860,2020,total,total,1900-01-01,1900,1,1900-01,1899/1900,24,8928,8175,1225,77.5,71,10.6,11521,Vestvågøy,2021-11-22
total,municip,municip1865,2020,total,total,1900-01-01,1900,1,1900-01,1899/1900,24,7551,6746,763,78.1,69.8,7.9,9670,Vågan,2021-11-22
total,municip,municip1866,2020,total,total,1900-01-01,1900,1,1900-01,1899/1900,24,6364,5815,481,78.9,72.1,6,8065,Hadsel,2021-11-22
total,municip,municip1867,2020,total,total,1900-01-01,1900,1,1900-01,1899/1900,24,2062,1928,224,80,74.8,8.7,2576,Bø,2021-11-22
total,municip,municip1868,2020,total,total,1900-01-01,1900,1,1900-01,1899/1900,24,3393,3080,401,76.8,69.7,9.1,4416,Øksnes,2021-11-22
total,municip,municip1870,2020,total,total,1900-01-01,1900,1,1900-01,1899/1900,24,8231,7463,1008,78.3,71,9.6,10514,Sortland,2021-11-22
total,municip,municip1871,2020,total,total,1900-01-01,1900,1,1900-01,1899/1900,24,3721,3428,493,81.1,74.7,10.7,4588,Andøy,2021-11-22
total,municip,municip1874,2020,total,total,1900-01-01,1900,1,1900-01,1899/1900,24,797,734,90,80.6,74.2,9.1,989,Moskenes,2021-11-22
total,municip,municip1875,2020,total,total,1900-01-01,1900,1,1900-01,1899/1900,24,2180,1984,147,80.7,73.5,5.4,2701,Hamarøy,2021-11-22
total,municip,municip3001,2020,total,total,1900-01-01,1900,1,1900-01,1899/1900,24,24839,22404,3723,79.1,71.4,11.9,31387,Halden,2021-11-22
total,municip,municip3002,2020,total,total,1900-01-01,1900,1,1900-01,1899/1900,24,40309,35680,4757,81.2,71.8,9.6,49668,Moss,2021-11-22
total,municip,municip3003,2020,total,total,1900-01-01,1900,1,1900-01,1899/1900,24,45917,41256,7870,80,71.9,13.7,57372,Sarpsborg,2021-11-22
total,municip,municip3004,2020,total,total,1900-01-01,1900,1,1900-01,1899/1900,24,65345,58207,7945,78.5,70,9.6,83193,Fredrikstad,2021-11-22
total,municip,municip3005,2020,total,total,1900-01-01,1900,1,1900-01,1899/1900,24,77867,68548,7670,76.4,67.3,7.5,101859,Drammen,2021-11-22
total,municip,municip3006,2020,total,total,1900-01-01,1900,1,1900-01,1899/1900,24,21851,19383,2006,78.9,70,7.2,27694,Kongsberg,2021-11-22
total,municip,municip3007,2020,total,total,1900-01-01,1900,1,1900-01,1899/1900,24,24472,21994,701,79.4,71.3,2.3,30835,Ringerike,2021-11-22
total,municip,municip3011,2020,total,total,1900-01-01,1900,1,1900-01,1899/1900,24,4040,3697,386,86.1,78.8,8.2,4694,Hvaler,2021-11-22
total,municip,municip3012,2020,total,total,1900-01-01,1900,1,1900-01,1899/1900,24,1120,1053,153,84.5,79.5,11.5,1325,Aremark,2021-11-22
total,municip,municip3013,2020,total,total,1900-01-01,1900,1,1900-01,1899/1900,24,2992,2748,571,83.1,76.3,15.9,3601,Marker,2021-11-22
total,municip,municip3014,2020,total,total,1900-01-01,1900,1,1900-01,1899/1900,24,34455,31681,4608,76.2,70.1,10.2,45201,Indre Østfold,2021-11-22
total,municip,municip3015,2020,total,total,1900-01-01,1900,1,1900-01,1899/1900,24,3013,2720,474,78.8,71.1,12.4,3825,Skiptvet,2021-11-22
total,municip,municip3016,2020,total,total,1900-01-01,1900,1,1900-01,1899/1900,24,6519,5868,497,79.3,71.4,6,8222,Rakkestad,2021-11-22
total,municip,municip3017,2020,total,total,1900-01-01,1900,1,1900-01,1899/1900,24,5957,5366,761,78.7,70.9,10.1,7568,Råde,2021-11-22
total,municip,municip3018,2020,total,total,1900-01-01,1900,1,1900-01,1899/1900,24,4403,3917,398,75.8,67.5,6.9,5805,Våler,2021-11-22
total,municip,municip3019,2020,total,total,1900-01-01,1900,1,1900-01,1899/1900,24,14001,12505,1140,76.6,68.4,6.2,18290,Vestby,2021-11-22
total,municip,municip3020,2020,total,total,1900-01-01,1900,1,1900-01,1899/1900,24,46829,41226,3021,78,68.7,5,60034,Nordre Follo,2021-11-22
total,municip,municip3021,2020,total,total,1900-01-01,1900,1,1900-01,1899/1900,24,15815,13978,1576,77.4,68.4,7.7,20439,Ås,2021-11-22
total,municip,municip3022,2020,total,total,1900-01-01,1900,1,1900-01,1899/1900,24,12849,11525,1316,80.5,72.2,8.2,15953,Frogn,2021-11-22
total,municip,municip3023,2020,total,total,1900-01-01,1900,1,1900-01,1899/1900,24,15079,13249,1520,76.1,66.9,7.7,19805,Nesodden,2021-11-22
total,municip,municip3024,2020,total,total,1900-01-01,1900,1,1900-01,1899/1900,24,100695,88122,7928,78.5,68.7,6.2,128233,Bærum,2021-11-22
total,municip,municip3025,2020,total,total,1900-01-01,1900,1,1900-01,1899/1900,24,73818,64920,5580,77.8,68.4,5.9,94915,Asker,2021-11-22
total,municip,municip3026,2020,total,total,1900-01-01,1900,1,1900-01,1899/1900,24,13896,12446,1289,79,70.8,7.3,17591,Aurskog-Høland,2021-11-22
total,municip,municip3027,2020,total,total,1900-01-01,1900,1,1900-01,1899/1900,24,14046,12255,652,75,65.4,3.5,18730,Rælingen,2021-11-22
total,municip,municip3028,2020,total,total,1900-01-01,1900,1,1900-01,1899/1900,24,8611,7465,776,77.8,67.5,7,11065,Enebakk,2021-11-22
total,municip,municip3029,2020,total,total,1900-01-01,1900,1,1900-01,1899/1900,24,33496,29116,2780,78.4,68.1,6.5,42740,Lørenskog,2021-11-22
total,municip,municip3030,2020,total,total,1900-01-01,1900,1,1900-01,1899/1900,24,67353,58912,4584,77.5,67.8,5.3,86953,Lillestrøm,2021-11-22
total,municip,municip3031,2020,total,total,1900-01-01,1900,1,1900-01,1899/1900,24,19558,17477,2523,80,71.5,10.3,24454,Nittedal,2021-11-22
total,municip,municip3032,2020,total,total,1900-01-01,1900,1,1900-01,1899/1900,24,5405,4803,313,76.7,68.2,4.4,7043,Gjerdrum,2021-11-22
total,municip,municip3033,2020,total,total,1900-01-01,1900,1,1900-01,1899/1900,24,30301,26947,2799,74.9,66.6,6.9,40459,Ullensaker,2021-11-22
total,municip,municip3034,2020,total,total,1900-01-01,1900,1,1900-01,1899/1900,24,18114,16548,1093,77.3,70.7,4.7,23422,Nes,2021-11-22
total,municip,municip3035,2020,total,total,1900-01-01,1900,1,1900-01,1899/1900,24,20354,18422,1835,78.2,70.8,7,26031,Eidsvoll,2021-11-22
total,municip,municip3036,2020,total,total,1900-01-01,1900,1,1900-01,1899/1900,24,11311,10063,745,77.3,68.8,5.1,14637,Nannestad,2021-11-22
total,municip,municip3037,2020,total,total,1900-01-01,1900,1,1900-01,1899/1900,24,2211,2035,235,77.9,71.7,8.3,2838,Hurdal,2021-11-22
total,municip,municip3038,2020,total,total,1900-01-01,1900,1,1900-01,1899/1900,24,5147,4628,217,75.6,67.9,3.2,6811,Hole,2021-11-22
total,municip,municip3039,2020,total,total,1900-01-01,1900,1,1900-01,1899/1900,24,847,785,93,80.7,74.8,8.9,1049,Flå,2021-11-22
total,municip,municip3040,2020,total,total,1900-01-01,1900,1,1900-01,1899/1900,24,2674,2475,215,82,75.9,6.6,3262,Nesbyen,2021-11-22
total,municip,municip3041,2020,total,total,1900-01-01,1900,1,1900-01,1899/1900,24,3711,3300,321,80,71.2,6.9,4636,Gol,2021-11-22
total,municip,municip3042,2020,total,total,1900-01-01,1900,1,1900-01,1899/1900,24,1916,1730,175,75.3,67.9,6.9,2546,Hemsedal,2021-11-22
total,municip,municip3043,2020,total,total,1900-01-01,1900,1,1900-01,1899/1900,24,3672,3368,346,79,72.5,7.4,4648,Ål,2021-11-22
total,municip,municip3044,2020,total,total,1900-01-01,1900,1,1900-01,1899/1900,24,3498,3153,329,78.9,71.1,7.4,4434,Hol,2021-11-22
total,municip,municip3045,2020,total,total,1900-01-01,1900,1,1900-01,1899/1900,24,2802,2528,304,80.9,73,8.8,3465,Sigdal,2021-11-22
total,municip,municip3046,2020,total,total,1900-01-01,1900,1,1900-01,1899/1900,24,1714,1531,126,77.2,69,5.7,2219,Krødsherad,2021-11-22
total,municip,municip3047,2020,total,total,1900-01-01,1900,1,1900-01,1899/1900,24,11113,10254,1094,78.4,72.4,7.7,14166,Modum,2021-11-22
total,municip,municip3048,2020,total,total,1900-01-01,1900,1,1900-01,1899/1900,24,14700,13451,1307,74.6,68.2,6.6,19709,Øvre Eiker,2021-11-22
total,municip,municip3049,2020,total,total,1900-01-01,1900,1,1900-01,1899/1900,24,21076,18805,1352,77.7,69.3,5,27118,Lier,2021-11-22
total,municip,municip3050,2020,total,total,1900-01-01,1900,1,1900-01,1899/1900,24,2125,1948,277,78.3,71.8,10.2,2713,Flesberg,2021-11-22
total,municip,municip3051,2020,total,total,1900-01-01,1900,1,1900-01,1899/1900,24,1150,1058,91,83,76.3,6.6,1386,Rollag,2021-11-22
total,municip,municip3052,2020,total,total,1900-01-01,1900,1,1900-01,1899/1900,24,1906,1774,80,79,73.5,3.3,2412,Nore og Uvdal,2021-11-22
total,municip,municip3053,2020,total,total,1900-01-01,1900,1,1900-01,1899/1900,24,5516,5033,1157,80.3,73.3,16.8,6867,Jevnaker,2021-11-22
total,municip,municip3054,2020,total,total,1900-01-01,1900,1,1900-01,1899/1900,24,7232,6542,629,79.8,72.2,6.9,9062,Lunner,2021-11-22
total,municip,municip3401,2020,total,total,1900-01-01,1900,1,1900-01,1899/1900,24,14805,13441,1611,82.9,75.3,9,17851,Kongsvinger,2021-11-22
total,municip,municip3403,2020,total,total,1900-01-01,1900,1,1900-01,1899/1900,24,25960,23335,2872,82.4,74.1,9.1,31509,Hamar,2021-11-22
total,municip,municip3405,2020,total,total,1900-01-01,1900,1,1900-01,1899/1900,24,23321,21471,3123,81.8,75.4,11,28493,Lillehammer,2021-11-22
total,municip,municip3407,2020,total,total,1900-01-01,1900,1,1900-01,1899/1900,24,24542,22147,1449,80.7,72.9,4.8,30395,Gjøvik,2021-11-22
total,municip,municip3411,2020,total,total,1900-01-01,1900,1,1900-01,1899/1900,24,27926,25518,1582,80,73.1,4.5,34897,Ringsaker,2021-11-22
total,municip,municip3412,2020,total,total,1900-01-01,1900,1,1900-01,1899/1900,24,6056,5613,644,79.4,73.6,8.4,7625,Løten,2021-11-22
total,municip,municip3413,2020,total,total,1900-01-01,1900,1,1900-01,1899/1900,24,16500,15239,848,78.3,72.3,4,21072,Stange,2021-11-22
total,municip,municip3414,2020,total,total,1900-01-01,1900,1,1900-01,1899/1900,24,4136,3775,429,82.1,74.9,8.5,5038,Nord-Odal,2021-11-22
total,municip,municip3415,2020,total,total,1900-01-01,1900,1,1900-01,1899/1900,24,6390,5834,595,80.7,73.7,7.5,7914,Sør-Odal,2021-11-22
total,municip,municip3416,2020,total,total,1900-01-01,1900,1,1900-01,1899/1900,24,5176,4859,946,84.9,79.7,15.5,6099,Eidskog,2021-11-22
total,municip,municip3417,2020,total,total,1900-01-01,1900,1,1900-01,1899/1900,24,3878,3578,479,85.3,78.7,10.5,4545,Grue,2021-11-22
total,municip,municip3418,2020,total,total,1900-01-01,1900,1,1900-01,1899/1900,24,5964,5415,815,82.5,74.9,11.3,7227,Åsnes,2021-11-22
total,municip,municip3419,2020,total,total,1900-01-01,1900,1,1900-01,1899/1900,24,2923,2669,376,81.5,74.4,10.5,3587,Våler,2021-11-22
total,municip,municip3420,2020,total,total,1900-01-01,1900,1,1900-01,1899/1900,24,17131,15672,1701,80.5,73.6,8,21292,Elverum,2021-11-22
total,municip,municip3421,2020,total,total,1900-01-01,1900,1,1900-01,1899/1900,24,5442,4960,945,82.7,75.4,14.4,6580,Trysil,2021-11-22
total,municip,municip3422,2020,total,total,1900-01-01,1900,1,1900-01,1899/1900,24,3489,3220,477,80.4,74.2,11,4338,Åmot,2021-11-22
total,municip,municip3423,2020,total,total,1900-01-01,1900,1,1900-01,1899/1900,24,1920,1778,325,80.7,74.8,13.7,2378,Stor-Elvdal,2021-11-22
total,municip,municip3424,2020,total,total,1900-01-01,1900,1,1900-01,1899/1900,24,1490,1394,34,85.6,80.1,2,1741,Rendalen,2021-11-22
total,municip,municip3425,2020,total,total,1900-01-01,1900,1,1900-01,1899/1900,24,1094,1014,175,87.5,81.1,14,1250,Engerdal,2021-11-22
total,municip,municip3426,2020,total,total,1900-01-01,1900,1,1900-01,1899/1900,24,1281,1161,91,82,74.3,5.8,1563,Tolga,2021-11-22
total,municip,municip3427,2020,total,total,1900-01-01,1900,1,1900-01,1899/1900,24,4548,4181,269,82.1,75.5,4.9,5537,Tynset,2021-11-22
total,municip,municip3428,2020,total,total,1900-01-01,1900,1,1900-01,1899/1900,24,1959,1806,43,81.5,75.1,1.8,2405,Alvdal,2021-11-22
total,municip,municip3429,2020,total,total,1900-01-01,1900,1,1900-01,1899/1900,24,1314,1222,52,86.6,80.5,3.4,1518,Folldal,2021-11-22
total,municip,municip3430,2020,total,total,1900-01-01,1900,1,1900-01,1899/1900,24,1571,1465,131,84,78.3,7,1870,Os,2021-11-22
total,municip,municip3431,2020,total,total,1900-01-01,1900,1,1900-01,1899/1900,24,2029,1865,260,80.8,74.2,10.4,2512,Dovre,2021-11-22
total,municip,municip3432,2020,total,total,1900-01-01,1900,1,1900-01,1899/1900,24,1584,1431,211,80,72.3,10.7,1980,Lesja,2021-11-22
total,municip,municip3433,2020,total,total,1900-01-01,1900,1,1900-01,1899/1900,24,1812,1670,212,83,76.5,9.7,2183,Skjåk,2021-11-22
total,municip,municip3434,2020,total,total,1900-01-01,1900,1,1900-01,1899/1900,24,1876,1715,310,85.1,77.8,14.1,2204,Lom,2021-11-22
total,municip,municip3435,2020,total,total,1900-01-01,1900,1,1900-01,1899/1900,24,2897,2603,220,81.3,73,6.2,3564,Vågå,2021-11-22
total,municip,municip3436,2020,total,total,1900-01-01,1900,1,1900-01,1899/1900,24,4364,3858,645,76.5,67.6,11.3,5705,Nord-Fron,2021-11-22
total,municip,municip3437,2020,total,total,1900-01-01,1900,1,1900-01,1899/1900,24,4509,4039,291,80.6,72.2,5.2,5592,Sel,2021-11-22
total,municip,municip3438,2020,total,total,1900-01-01,1900,1,1900-01,1899/1900,24,2343,2102,219,76.5,68.6,7.1,3064,Sør-Fron,2021-11-22
total,municip,municip3439,2020,total,total,1900-01-01,1900,1,1900-01,1899/1900,24,3501,3127,625,79.4,70.9,14.2,4408,Ringebu,2021-11-22
total,municip,municip3440,2020,total,total,1900-01-01,1900,1,1900-01,1899/1900,24,4027,3664,477,79.1,71.9,9.4,5093,Øyer,2021-11-22
total,municip,municip3441,2020,total,total,1900-01-01,1900,1,1900-01,1899/1900,24,4966,4460,491,82.5,74,8.2,6023,Gausdal,2021-11-22
total,municip,municip3442,2020,total,total,1900-01-01,1900,1,1900-01,1899/1900,24,11825,10707,1249,79.5,72,8.4,14871,Østre Toten,2021-11-22
total,municip,municip3443,2020,total,total,1900-01-01,1900,1,1900-01,1899/1900,24,11088,10145,933,82.4,75.4,6.9,13459,Vestre Toten,2021-11-22
total,municip,municip3446,2020,total,total,1900-01-01,1900,1,1900-01,1899/1900,24,11063,10164,1170,81.3,74.7,8.6,13611,Gran,2021-11-22
total,municip,municip3447,2020,total,total,1900-01-01,1900,1,1900-01,1899/1900,24,4506,4109,495,80.8,73.7,8.9,5579,Søndre Land,2021-11-22
total,municip,municip3448,2020,total,total,1900-01-01,1900,1,1900-01,1899/1900,24,5347,4850,842,81.2,73.7,12.8,6581,Nordre Land,2021-11-22
total,municip,municip3449,2020,total,total,1900-01-01,1900,1,1900-01,1899/1900,24,2339,2141,243,80.5,73.7,8.4,2904,Sør-Aurdal,2021-11-22
total,municip,municip3450,2020,total,total,1900-01-01,1900,1,1900-01,1899/1900,24,1044,978,166,83.1,77.8,13.2,1257,Etnedal,2021-11-22
total,municip,municip3451,2020,total,total,1900-01-01,1900,1,1900-01,1899/1900,24,5047,4640,625,79.4,73,9.8,6360,Nord-Aurdal,2021-11-22
total,municip,municip3452,2020,total,total,1900-01-01,1900,1,1900-01,1899/1900,24,1672,1500,63,78.9,70.8,3,2120,Vestre Slidre,2021-11-22
total,municip,municip3453,2020,total,total,1900-01-01,1900,1,1900-01,1899/1900,24,2632,2387,333,81.3,73.8,10.3,3236,Øystre Slidre,2021-11-22
total,municip,municip3454,2020,total,total,1900-01-01,1900,1,1900-01,1899/1900,24,1238,1121,307,78.7,71.3,19.5,1573,Vang,2021-11-22
total,municip,municip3801,2020,total,total,1900-01-01,1900,1,1900-01,1899/1900,24,21810,19772,2268,79.3,71.9,8.2,27510,Horten,2021-11-22
total,municip,municip3802,2020,total,total,1900-01-01,1900,1,1900-01,1899/1900,24,19594,17699,2211,78.3,70.8,8.8,25011,Holmestrand,2021-11-22
total,municip,municip3803,2020,total,total,1900-01-01,1900,1,1900-01,1899/1900,24,45747,41022,4790,80.2,71.9,8.4,57026,Tønsberg,2021-11-22
total,municip,municip3804,2020,total,total,1900-01-01,1900,1,1900-01,1899/1900,24,50368,45046,5733,78.3,70,8.9,64345,Sandefjord,2021-11-22
total,municip,municip3805,2020,total,total,1900-01-01,1900,1,1900-01,1899/1900,24,38293,34567,2930,80.6,72.8,6.2,47499,Larvik,2021-11-22
total,municip,municip3806,2020,total,total,1900-01-01,1900,1,1900-01,1899/1900,24,29013,26098,2435,79.4,71.5,6.7,36526,Porsgrunn,2021-11-22
total,municip,municip3807,2020,total,total,1900-01-01,1900,1,1900-01,1899/1900,24,43595,38705,4011,79.1,70.2,7.3,55144,Skien,2021-11-22
total,municip,municip3808,2020,total,total,1900-01-01,1900,1,1900-01,1899/1900,24,10191,9094,1316,78.4,70,10.1,12994,Notodden,2021-11-22
total,municip,municip3811,2020,total,total,1900-01-01,1900,1,1900-01,1899/1900,24,21766,19873,2082,80.7,73.7,7.7,26957,Færder,2021-11-22
total,municip,municip3812,2020,total,total,1900-01-01,1900,1,1900-01,1899/1900,24,1907,1750,313,81.3,74.6,13.3,2347,Siljan,2021-11-22
total,municip,municip3813,2020,total,total,1900-01-01,1900,1,1900-01,1899/1900,24,11301,10272,1121,80.6,73.3,8,14014,Bamble,2021-11-22
total,municip,municip3814,2020,total,total,1900-01-01,1900,1,1900-01,1899/1900,24,8573,7817,675,82.3,75,6.5,10416,Kragerø,2021-11-22
total,municip,municip3815,2020,total,total,1900-01-01,1900,1,1900-01,1899/1900,24,3298,3050,314,81,74.9,7.7,4071,Drangedal,2021-11-22
total,municip,municip3816,2020,total,total,1900-01-01,1900,1,1900-01,1899/1900,24,5063,4616,337,78,71.1,5.2,6488,Nome,2021-11-22
total,municip,municip3817,2020,total,total,1900-01-01,1900,1,1900-01,1899/1900,24,7833,7035,504,74.9,67.2,4.8,10461,Midt-Telemark,2021-11-22
total,municip,municip3818,2020,total,total,1900-01-01,1900,1,1900-01,1899/1900,24,4584,4170,745,81.8,74.4,13.3,5604,Tinn,2021-11-22
total,municip,municip3819,2020,total,total,1900-01-01,1900,1,1900-01,1899/1900,24,1173,1074,37,75.1,68.8,2.4,1561,Hjartdal,2021-11-22
total,municip,municip3820,2020,total,total,1900-01-01,1900,1,1900-01,1899/1900,24,2346,2155,299,80.9,74.3,10.3,2900,Seljord,2021-11-22
total,municip,municip3821,2020,total,total,1900-01-01,1900,1,1900-01,1899/1900,24,1972,1831,117,81.2,75.3,4.8,2430,Kviteseid,2021-11-22
total,municip,municip3822,2020,total,total,1900-01-01,1900,1,1900-01,1899/1900,24,1132,1027,127,79.2,71.8,8.9,1430,Nissedal,2021-11-22
total,municip,municip3823,2020,total,total,1900-01-01,1900,1,1900-01,1899/1900,24,948,849,95,77.2,69.1,7.7,1228,Fyresdal,2021-11-22
total,municip,municip3824,2020,total,total,1900-01-01,1900,1,1900-01,1899/1900,24,1703,1539,120,78.7,71.1,5.5,2164,Tokke,2021-11-22
total,municip,municip3825,2020,total,total,1900-01-01,1900,1,1900-01,1899/1900,24,3045,2841,242,81.1,75.6,6.4,3756,Vinje,2021-11-22
total,municip,municip4201,2020,total,total,1900-01-01,1900,1,1900-01,1899/1900,24,5603,5163,364,82.9,76.4,5.4,6762,Risør,2021-11-22
total,municip,municip4202,2020,total,total,1900-01-01,1900,1,1900-01,1899/1900,24,18579,16591,494,77.8,69.4,2.1,23891,Grimstad,2021-11-22
total,municip,municip4203,2020,total,total,1900-01-01,1900,1,1900-01,1899/1900,24,35665,32832,1106,79.1,72.9,2.5,45065,Arendal,2021-11-22
total,municip,municip4204,2020,total,total,1900-01-01,1900,1,1900-01,1899/1900,24,88057,78048,7916,78.2,69.3,7,112588,Kristiansand,2021-11-22
total,municip,municip4205,2020,total,total,1900-01-01,1900,1,1900-01,1899/1900,24,17773,15806,968,77.1,68.6,4.2,23055,Lindesnes,2021-11-22
total,municip,municip4206,2020,total,total,1900-01-01,1900,1,1900-01,1899/1900,24,7468,6730,312,77.4,69.8,3.2,9645,Farsund,2021-11-22
total,municip,municip4207,2020,total,total,1900-01-01,1900,1,1900-01,1899/1900,24,6995,6519,445,77.5,72.2,4.9,9027,Flekkefjord,2021-11-22
total,municip,municip4211,2020,total,total,1900-01-01,1900,1,1900-01,1899/1900,24,1968,1772,47,81,72.9,1.9,2430,Gjerstad,2021-11-22
total,municip,municip4212,2020,total,total,1900-01-01,1900,1,1900-01,1899/1900,24,1665,1528,312,78.2,71.8,14.7,2128,Vegårshei,2021-11-22
total,municip,municip4213,2020,total,total,1900-01-01,1900,1,1900-01,1899/1900,24,4958,4544,176,81.7,74.9,2.9,6067,Tvedestrand,2021-11-22
total,municip,municip4214,2020,total,total,1900-01-01,1900,1,1900-01,1899/1900,24,4538,4072,398,75.6,67.8,6.6,6004,Froland,2021-11-22
total,municip,municip4215,2020,total,total,1900-01-01,1900,1,1900-01,1899/1900,24,8887,7932,848,79.5,70.9,7.6,11180,Lillesand,2021-11-22
total,municip,municip4216,2020,total,total,1900-01-01,1900,1,1900-01,1899/1900,24,4079,3595,157,77.3,68.2,3,5274,Birkenes,2021-11-22
total,municip,municip4217,2020,total,total,1900-01-01,1900,1,1900-01,1899/1900,24,1327,1225,123,72.8,67.2,6.8,1822,Åmli,2021-11-22
total,municip,municip4218,2020,total,total,1900-01-01,1900,1,1900-01,1899/1900,24,963,870,40,72.1,65.2,3,1335,Iveland,2021-11-22
total,municip,municip4219,2020,total,total,1900-01-01,1900,1,1900-01,1899/1900,24,2876,2678,413,79.5,74,11.4,3619,Evje og Hornnes,2021-11-22
total,municip,municip4220,2020,total,total,1900-01-01,1900,1,1900-01,1899/1900,24,896,832,55,78.5,72.9,4.8,1142,Bygland,2021-11-22
total,municip,municip4221,2020,total,total,1900-01-01,1900,1,1900-01,1899/1900,24,947,870,98,81,74.4,8.4,1169,Valle,2021-11-22
total,municip,municip4222,2020,total,total,1900-01-01,1900,1,1900-01,1899/1900,24,758,710,104,81.5,76.3,11.2,930,Bykle,2021-11-22
total,municip,municip4223,2020,total,total,1900-01-01,1900,1,1900-01,1899/1900,24,11172,9941,486,74.8,66.6,3.3,14935,Vennesla,2021-11-22
total,municip,municip4224,2020,total,total,1900-01-01,1900,1,1900-01,1899/1900,24,679,619,105,73.2,66.8,11.3,927,Åseral,2021-11-22
total,municip,municip4225,2020,total,total,1900-01-01,1900,1,1900-01,1899/1900,24,7497,6777,405,71.6,64.8,3.9,10464,Lyngdal,2021-11-22
total,municip,municip4226,2020,total,total,1900-01-01,1900,1,1900-01,1899/1900,24,1285,1158,108,76,68.5,6.4,1690,Hægebostad,2021-11-22
total,municip,municip4227,2020,total,total,1900-01-01,1900,1,1900-01,1899/1900,24,4480,4093,168,75.7,69.1,2.8,5922,Kvinesdal,2021-11-22
total,municip,municip4228,2020,total,total,1900-01-01,1900,1,1900-01,1899/1900,24,1359,1245,64,76.7,70.3,3.6,1772,Sirdal,2021-11-22
total,municip,municip4601,2020,total,total,1900-01-01,1900,1,1900-01,1899/1900,24,222058,198209,19779,77.8,69.4,6.9,285601,Bergen,2021-11-22
total,municip,municip4602,2020,total,total,1900-01-01,1900,1,1900-01,1899/1900,24,13552,12020,1673,79,70,9.7,17160,Kinn,2021-11-22
total,municip,municip4611,2020,total,total,1900-01-01,1900,1,1900-01,1899/1900,24,3116,2761,106,76.9,68.1,2.6,4053,Etne,2021-11-22
total,municip,municip4612,2020,total,total,1900-01-01,1900,1,1900-01,1899/1900,24,4231,3798,296,73,65.5,5.1,5798,Sveio,2021-11-22
total,municip,municip4613,2020,total,total,1900-01-01,1900,1,1900-01,1899/1900,24,9177,8151,152,76.8,68.2,1.3,11953,Bømlo,2021-11-22
total,municip,municip4614,2020,total,total,1900-01-01,1900,1,1900-01,1899/1900,24,14466,13024,526,76.7,69.1,2.8,18861,Stord,2021-11-22
total,municip,municip4615,2020,total,total,1900-01-01,1900,1,1900-01,1899/1900,24,2360,2104,90,75,66.9,2.9,3147,Fitjar,2021-11-22
total,municip,municip4616,2020,total,total,1900-01-01,1900,1,1900-01,1899/1900,24,2317,2142,279,79.2,73.3,9.5,2924,Tysnes,2021-11-22
total,municip,municip4617,2020,total,total,1900-01-01,1900,1,1900-01,1899/1900,24,10255,9358,609,78.6,71.8,4.7,13039,Kvinnherad,2021-11-22
total,municip,municip4618,2020,total,total,1900-01-01,1900,1,1900-01,1899/1900,24,8848,8022,524,80.4,72.9,4.8,11002,Ullensvang,2021-11-22
total,municip,municip4619,2020,total,total,1900-01-01,1900,1,1900-01,1899/1900,24,736,680,46,81.5,75.3,5.1,903,Eidfjord,2021-11-22
total,municip,municip4620,2020,total,total,1900-01-01,1900,1,1900-01,1899/1900,24,839,743,65,79.1,70,6.1,1061,Ulvik,2021-11-22
total,municip,municip4621,2020,total,total,1900-01-01,1900,1,1900-01,1899/1900,24,12099,11202,1088,76.6,71,6.9,15787,Voss herad,2021-11-22
total,municip,municip4622,2020,total,total,1900-01-01,1900,1,1900-01,1899/1900,24,6689,5969,918,79.1,70.5,10.8,8461,Kvam,2021-11-22
total,municip,municip4623,2020,total,total,1900-01-01,1900,1,1900-01,1899/1900,24,1946,1779,192,77.7,71,7.7,2504,Samnanger,2021-11-22
total,municip,municip4624,2020,total,total,1900-01-01,1900,1,1900-01,1899/1900,24,19020,17264,3002,75.9,68.9,12,25049,Bjørnafjorden,2021-11-22
total,municip,municip4625,2020,total,total,1900-01-01,1900,1,1900-01,1899/1900,24,3991,3505,394,75.6,66.4,7.5,5276,Austevoll,2021-11-22
total,municip,municip4626,2020,total,total,1900-01-01,1900,1,1900-01,1899/1900,24,28514,25434,1167,73.7,65.8,3,38664,Øygarden,2021-11-22
total,municip,municip4627,2020,total,total,1900-01-01,1900,1,1900-01,1899/1900,24,21922,19412,1490,74.1,65.6,5,29594,Askøy,2021-11-22
total,municip,municip4628,2020,total,total,1900-01-01,1900,1,1900-01,1899/1900,24,3090,2792,345,78.9,71.3,8.8,3918,Vaksdal,2021-11-22
total,municip,municip4629,2020,total,total,1900-01-01,1900,1,1900-01,1899/1900,24,293,268,68,77.9,71.3,18.1,376,Modalen,2021-11-22
total,municip,municip4630,2020,total,total,1900-01-01,1900,1,1900-01,1899/1900,24,6033,5288,197,74.7,65.4,2.4,8080,Osterøy,2021-11-22
total,municip,municip4631,2020,total,total,1900-01-01,1900,1,1900-01,1899/1900,24,22419,20462,1880,76.4,69.7,6.4,29337,Alver,2021-11-22
total,municip,municip4632,2020,total,total,1900-01-01,1900,1,1900-01,1899/1900,24,2242,2053,127,78.4,71.8,4.4,2860,Austrheim,2021-11-22
total,municip,municip4633,2020,total,total,1900-01-01,1900,1,1900-01,1899/1900,24,411,383,87,78.3,73,16.6,525,Fedje,2021-11-22
total,municip,municip4634,2020,total,total,1900-01-01,1900,1,1900-01,1899/1900,24,1326,1224,39,79.9,73.7,2.3,1660,Masfjorden,2021-11-22
total,municip,municip4635,2020,total,total,1900-01-01,1900,1,1900-01,1899/1900,24,1828,1653,136,80.5,72.8,6,2272,Gulen,2021-11-22
total,municip,municip4636,2020,total,total,1900-01-01,1900,1,1900-01,1899/1900,24,641,579,94,81.6,73.7,12,786,Solund,2021-11-22
total,municip,municip4637,2020,total,total,1900-01-01,1900,1,1900-01,1899/1900,24,1037,948,108,80.1,73.3,8.3,1294,Hyllestad,2021-11-22
total,municip,municip4638,2020,total,total,1900-01-01,1900,1,1900-01,1899/1900,24,3166,2905,314,78.2,71.7,7.8,4049,Høyanger,2021-11-22
total,municip,municip4639,2020,total,total,1900-01-01,1900,1,1900-01,1899/1900,24,2096,1866,269,80.3,71.5,10.3,2611,Vik,2021-11-22
total,municip,municip4640,2020,total,total,1900-01-01,1900,1,1900-01,1899/1900,24,9570,8599,744,80.2,72,6.2,11938,Sogndal,2021-11-22
total,municip,municip4641,2020,total,total,1900-01-01,1900,1,1900-01,1899/1900,24,1414,1281,212,79.6,72.1,11.9,1777,Aurland,2021-11-22
total,municip,municip4642,2020,total,total,1900-01-01,1900,1,1900-01,1899/1900,24,1783,1645,85,83.7,77.3,4,2129,Lærdal,2021-11-22
total,municip,municip4643,2020,total,total,1900-01-01,1900,1,1900-01,1899/1900,24,4320,3940,151,83.6,76.2,2.9,5170,Årdal,2021-11-22
total,municip,municip4644,2020,total,total,1900-01-01,1900,1,1900-01,1899/1900,24,4230,3788,586,81.5,73,11.3,5189,Luster,2021-11-22
total,municip,municip4645,2020,total,total,1900-01-01,1900,1,1900-01,1899/1900,24,2395,2175,260,80.1,72.7,8.7,2991,Askvoll,2021-11-22
total,municip,municip4646,2020,total,total,1900-01-01,1900,1,1900-01,1899/1900,24,2256,2077,208,78.2,72,7.2,2885,Fjaler,2021-11-22
total,municip,municip4647,2020,total,total,1900-01-01,1900,1,1900-01,1899/1900,24,16928,14790,419,76.9,67.2,1.9,22020,Sunnfjord,2021-11-22
total,municip,municip4648,2020,total,total,1900-01-01,1900,1,1900-01,1899/1900,24,2866,2601,413,79.7,72.3,11.5,3597,Bremanger,2021-11-22
total,municip,municip4649,2020,total,total,1900-01-01,1900,1,1900-01,1899/1900,24,7515,6701,509,79,70.4,5.3,9517,Stad,2021-11-22
total,municip,municip4650,2020,total,total,1900-01-01,1900,1,1900-01,1899/1900,24,4744,4235,473,80.6,72,8,5885,Gloppen,2021-11-22
total,municip,municip4651,2020,total,total,1900-01-01,1900,1,1900-01,1899/1900,24,5511,5028,615,77.4,70.6,8.6,7118,Stryn,2021-11-22
total,municip,municip5001,2020,total,total,1900-01-01,1900,1,1900-01,1899/1900,24,167038,150867,12346,80.5,72.7,5.9,207595,Trondheim,2021-11-22
total,municip,municip5006,2020,total,total,1900-01-01,1900,1,1900-01,1899/1900,24,19645,18189,2463,81.3,75.3,10.2,24152,Steinkjer,2021-11-22
total,municip,municip5007,2020,total,total,1900-01-01,1900,1,1900-01,1899/1900,24,12323,11361,415,81.6,75.3,2.7,15096,Namsos,2021-11-22
total,municip,municip5014,2020,total,total,1900-01-01,1900,1,1900-01,1899/1900,24,3804,3432,266,73.1,65.9,5.1,5204,Frøya,2021-11-22
total,municip,municip5020,2020,total,total,1900-01-01,1900,1,1900-01,1899/1900,24,774,706,24,83.7,76.3,2.6,925,Osen,2021-11-22
total,municip,municip5021,2020,total,total,1900-01-01,1900,1,1900-01,1899/1900,24,5697,5200,686,81.6,74.5,9.8,6981,Oppdal,2021-11-22
total,municip,municip5022,2020,total,total,1900-01-01,1900,1,1900-01,1899/1900,24,2011,1830,258,81.9,74.6,10.5,2454,Rennebu,2021-11-22
total,municip,municip5025,2020,total,total,1900-01-01,1900,1,1900-01,1899/1900,24,4608,4264,377,83,76.8,6.8,5550,Røros,2021-11-22
total,municip,municip5026,2020,total,total,1900-01-01,1900,1,1900-01,1899/1900,24,1626,1482,84,82.6,75.3,4.3,1968,Holtålen,2021-11-22
total,municip,municip5027,2020,total,total,1900-01-01,1900,1,1900-01,1899/1900,24,4713,4296,92,75.5,68.8,1.5,6243,Midtre Gauldal,2021-11-22
total,municip,municip5028,2020,total,total,1900-01-01,1900,1,1900-01,1899/1900,24,13506,12109,901,79.7,71.4,5.3,16949,Melhus,2021-11-22
total,municip,municip5029,2020,total,total,1900-01-01,1900,1,1900-01,1899/1900,24,6483,5723,507,77.5,68.4,6.1,8367,Skaun,2021-11-22
total,municip,municip5031,2020,total,total,1900-01-01,1900,1,1900-01,1899/1900,24,11183,10030,696,78,70,4.9,14334,Malvik,2021-11-22
total,municip,municip5032,2020,total,total,1900-01-01,1900,1,1900-01,1899/1900,24,3311,2901,118,81.4,71.3,2.9,4069,Selbu,2021-11-22
total,municip,municip5033,2020,total,total,1900-01-01,1900,1,1900-01,1899/1900,24,639,600,134,84.2,79.1,17.7,759,Tydal,2021-11-22
total,municip,municip5034,2020,total,total,1900-01-01,1900,1,1900-01,1899/1900,24,1940,1780,296,80.4,73.8,12.3,2413,Meråker,2021-11-22
total,municip,municip5035,2020,total,total,1900-01-01,1900,1,1900-01,1899/1900,24,19515,17357,1560,80.4,71.5,6.4,24283,Stjørdal,2021-11-22
total,municip,municip5036,2020,total,total,1900-01-01,1900,1,1900-01,1899/1900,24,2143,1976,523,82.1,75.7,20,2609,Frosta,2021-11-22
total,municip,municip5037,2020,total,total,1900-01-01,1900,1,1900-01,1899/1900,24,16196,14587,980,80.3,72.3,4.9,20170,Levanger,2021-11-22
total,municip,municip5038,2020,total,total,1900-01-01,1900,1,1900-01,1899/1900,24,12367,11219,820,82.5,74.9,5.5,14986,Verdal,2021-11-22
total,municip,municip5041,2020,total,total,1900-01-01,1900,1,1900-01,1899/1900,24,1658,1543,338,80.7,75.1,16.5,2054,Snåase - Snåsa,2021-11-22
total,municip,municip5042,2020,total,total,1900-01-01,1900,1,1900-01,1899/1900,24,1105,1014,60,83.2,76.4,4.5,1328,Lierne,2021-11-22
total,municip,municip5043,2020,total,total,1900-01-01,1900,1,1900-01,1899/1900,24,377,349,45,82.1,76,9.8,459,Røyrvik,2021-11-22
total,municip,municip5044,2020,total,total,1900-01-01,1900,1,1900-01,1899/1900,24,677,628,24,80,74.2,2.8,846,Namsskogan,2021-11-22
total,municip,municip5045,2020,total,total,1900-01-01,1900,1,1900-01,1899/1900,24,1852,1684,241,78.9,71.8,10.3,2347,Grong,2021-11-22
total,municip,municip5046,2020,total,total,1900-01-01,1900,1,1900-01,1899/1900,24,999,879,67,82.2,72.3,5.5,1215,Høylandet,2021-11-22
total,municip,municip5047,2020,total,total,1900-01-01,1900,1,1900-01,1899/1900,24,3004,2783,140,77.7,72,3.6,3865,Overhalla,2021-11-22
total,municip,municip5049,2020,total,total,1900-01-01,1900,1,1900-01,1899/1900,24,917,872,114,83.4,79.3,10.4,1100,Flatanger,2021-11-22
total,municip,municip5052,2020,total,total,1900-01-01,1900,1,1900-01,1899/1900,24,461,424,78,81.9,75.3,13.9,563,Leka,2021-11-22
total,municip,municip5053,2020,total,total,1900-01-01,1900,1,1900-01,1899/1900,24,5521,4942,481,81.6,73.1,7.1,6764,Inderøy,2021-11-22
total,municip,municip5054,2020,total,total,1900-01-01,1900,1,1900-01,1899/1900,24,7961,7333,891,80,73.7,9,9948,Indre Fosen,2021-11-22
total,municip,municip5055,2020,total,total,1900-01-01,1900,1,1900-01,1899/1900,24,4840,4454,738,81.5,75,12.4,5941,Heim,2021-11-22
total,municip,municip5056,2020,total,total,1900-01-01,1900,1,1900-01,1899/1900,24,3824,3471,442,74.4,67.5,8.6,5140,Hitra,2021-11-22
total,municip,municip5057,2020,total,total,1900-01-01,1900,1,1900-01,1899/1900,24,7972,7426,1186,77.4,72.1,11.5,10306,Ørland,2021-11-22
total,municip,municip5058,2020,total,total,1900-01-01,1900,1,1900-01,1899/1900,24,3519,3191,71,82.4,74.7,1.7,4271,Åfjord,2021-11-22
total,municip,municip5059,2020,total,total,1900-01-01,1900,1,1900-01,1899/1900,24,14408,13452,1049,78.7,73.5,5.7,18300,Orkland,2021-11-22
total,municip,municip5060,2020,total,total,1900-01-01,1900,1,1900-01,1899/1900,24,7646,7036,1074,79.8,73.4,11.2,9581,Nærøysund,2021-11-22
total,municip,municip5061,2020,total,total,1900-01-01,1900,1,1900-01,1899/1900,24,1674,1590,150,84.2,79.9,7.5,1989,Rindal,2021-11-22
total,municip,municip5401,2020,total,total,1900-01-01,1900,1,1900-01,1899/1900,24,60284,54821,4555,78.2,71.1,5.9,77095,Tromsø,2021-11-22
total,municip,municip5402,2020,total,total,1900-01-01,1900,1,1900-01,1899/1900,24,19663,17709,1694,79.5,71.6,6.8,24738,Harstad,2021-11-22
total,municip,municip5403,2020,total,total,1900-01-01,1900,1,1900-01,1899/1900,24,15196,13551,1426,72.9,65,6.8,20847,Alta,2021-11-22
total,municip,municip5404,2020,total,total,1900-01-01,1900,1,1900-01,1899/1900,24,1496,1378,182,76.4,70.3,9.3,1959,Vardø,2021-11-22
total,municip,municip5405,2020,total,total,1900-01-01,1900,1,1900-01,1899/1900,24,4490,4059,503,79.6,71.9,8.9,5642,Vadsø,2021-11-22
total,municip,municip5406,2020,total,total,1900-01-01,1900,1,1900-01,1899/1900,24,8389,7422,423,74,65.5,3.7,11331,Hammerfest,2021-11-22
total,municip,municip5411,2020,total,total,1900-01-01,1900,1,1900-01,1899/1900,24,2279,2104,183,80.8,74.6,6.5,2822,Kvæfjord,2021-11-22
total,municip,municip5412,2020,total,total,1900-01-01,1900,1,1900-01,1899/1900,24,3247,3043,281,77.1,72.3,6.7,4209,Tjeldsund,2021-11-22
total,municip,municip5413,2020,total,total,1900-01-01,1900,1,1900-01,1899/1900,24,1054,987,125,79.8,74.8,9.5,1320,Ibestad,2021-11-22
total,municip,municip5414,2020,total,total,1900-01-01,1900,1,1900-01,1899/1900,24,866,807,122,79.3,73.9,11.2,1092,Gratangen,2021-11-22
total,municip,municip5415,2020,total,total,1900-01-01,1900,1,1900-01,1899/1900,24,790,730,78,77.5,71.6,7.6,1020,Loabák - Lavangen,2021-11-22
total,municip,municip5416,2020,total,total,1900-01-01,1900,1,1900-01,1899/1900,24,3356,2998,215,84.8,75.7,5.4,3959,Bardu,2021-11-22
total,municip,municip5417,2020,total,total,1900-01-01,1900,1,1900-01,1899/1900,24,1714,1591,253,82,76.2,12.1,2089,Salangen,2021-11-22
total,municip,municip5418,2020,total,total,1900-01-01,1900,1,1900-01,1899/1900,24,5326,4834,399,80.6,73.1,6,6609,Målselv,2021-11-22
total,municip,municip5419,2020,total,total,1900-01-01,1900,1,1900-01,1899/1900,24,2710,2479,172,78.2,71.5,5,3465,Sørreisa,2021-11-22
total,municip,municip5420,2020,total,total,1900-01-01,1900,1,1900-01,1899/1900,24,890,828,93,83.7,77.9,8.7,1063,Dyrøy,2021-11-22
total,municip,municip5421,2020,total,total,1900-01-01,1900,1,1900-01,1899/1900,24,11334,10362,1101,77,70.4,7.5,14725,Senja,2021-11-22
total,municip,municip5422,2020,total,total,1900-01-01,1900,1,1900-01,1899/1900,24,4507,4093,296,81.1,73.6,5.3,5559,Balsfjord,2021-11-22
total,municip,municip5423,2020,total,total,1900-01-01,1900,1,1900-01,1899/1900,24,1755,1621,337,80.8,74.6,15.5,2172,Karlsøy,2021-11-22
total,municip,municip5424,2020,total,total,1900-01-01,1900,1,1900-01,1899/1900,24,2285,2108,296,82.4,76,10.7,2773,Lyngen,2021-11-22
total,municip,municip5425,2020,total,total,1900-01-01,1900,1,1900-01,1899/1900,24,1526,1433,188,83.3,78.3,10.3,1831,Storfjord - Omasvuotna - Omasvuono,2021-11-22
total,municip,municip5426,2020,total,total,1900-01-01,1900,1,1900-01,1899/1900,24,1688,1569,218,81.5,75.7,10.5,2072,Gáivuotna - Kåfjord - Kaivuono,2021-11-22
total,municip,municip5427,2020,total,total,1900-01-01,1900,1,1900-01,1899/1900,24,2121,1937,45,73.3,67,1.6,2893,Skjervøy,2021-11-22
total,municip,municip5428,2020,total,total,1900-01-01,1900,1,1900-01,1899/1900,24,3837,3491,120,79.7,72.5,2.5,4812,Nordreisa,2021-11-22
total,municip,municip5429,2020,total,total,1900-01-01,1900,1,1900-01,1899/1900,24,942,872,12,80.8,74.8,1,1166,Kvænangen,2021-11-22
total,municip,municip5430,2020,total,total,1900-01-01,1900,1,1900-01,1899/1900,24,2096,1914,197,71.8,65.5,6.7,2920,Guovdageaidnu - Kautokeino,2021-11-22
total,municip,municip5432,2020,total,total,1900-01-01,1900,1,1900-01,1899/1900,24,700,655,131,81.4,76.2,15.2,860,Loppa,2021-11-22
total,municip,municip5433,2020,total,total,1900-01-01,1900,1,1900-01,1899/1900,24,694,637,80,70.6,64.8,8.1,983,Hasvik,2021-11-22
total,municip,municip5434,2020,total,total,1900-01-01,1900,1,1900-01,1899/1900,24,876,766,66,73.2,64,5.5,1197,Måsøy,2021-11-22
total,municip,municip5435,2020,total,total,1900-01-01,1900,1,1900-01,1899/1900,24,2392,2185,249,77.8,71.1,8.1,3075,Nordkapp,2021-11-22
total,municip,municip5436,2020,total,total,1900-01-01,1900,1,1900-01,1899/1900,24,3074,2750,47,78.4,70.1,1.2,3921,Porsanger - Porsáŋgu - Porsanki,2021-11-22
total,municip,municip5437,2020,total,total,1900-01-01,1900,1,1900-01,1899/1900,24,2084,1958,42,78.9,74.1,1.6,2641,Kárášjohka - Karasjok,2021-11-22
total,municip,municip5438,2020,total,total,1900-01-01,1900,1,1900-01,1899/1900,24,866,802,54,68.1,63.1,4.2,1271,Lebesby,2021-11-22
total,municip,municip5439,2020,total,total,1900-01-01,1900,1,1900-01,1899/1900,24,752,689,108,68.6,62.8,9.8,1097,Gamvik,2021-11-22
total,municip,municip5440,2020,total,total,1900-01-01,1900,1,1900-01,1899/1900,24,717,650,101,77.3,70,10.9,928,Berlevåg,2021-11-22
total,municip,municip5441,2020,total,total,1900-01-01,1900,1,1900-01,1899/1900,24,2162,1998,317,76.4,70.6,11.2,2829,Deatnu - Tana,2021-11-22
total,municip,municip5442,2020,total,total,1900-01-01,1900,1,1900-01,1899/1900,24,684,635,43,77.7,72.2,4.9,880,Unjárga - Nesseby,2021-11-22
total,municip,municip5443,2020,total,total,1900-01-01,1900,1,1900-01,1899/1900,24,1512,1384,204,68.7,62.9,9.3,2200,Båtsfjord,2021-11-22
total,municip,municip5444,2020,total,total,1900-01-01,1900,1,1900-01,1899/1900,24,8175,7423,1114,80.9,73.5,11,10103,Sør-Varanger,2021-11-22
total,nation,norge,2020,total,total,1900-01-01,1900,1,1900-01,1899/1900,24,4228840,3794614,360867,78.4,70.4,6.7,5391369,Norge,2021-11-22
