location_code,date,n,granularity_time,granularity_geo,border,age,sex,yrwk,season,year,week,x,pop,pr100000,location_name,date_of_publishing
county03,1900-01-01,257107,total,county,2020,total,total,1900-01,1899/1900,1900,1,24,699827,36738.6511237777,Oslo,2022-04-29
county11,1900-01-01,121326,total,county,2020,total,total,1900-01,1899/1900,1900,1,24,485797,24974.6293204775,Rogaland,2022-04-29
county15,1900-01-01,53245,total,county,2020,total,total,1900-01,1899/1900,1900,1,24,265848,20028.3620715597,Møre og Romsdal,2022-04-29
county18,1900-01-01,39329,total,county,2020,total,total,1900-01,1899/1900,1900,1,24,240190,16374.120487947,Nordland,2022-04-29
county30,1900-01-01,383166,total,county,2020,total,total,1900-01,1899/1900,1900,1,24,1269230,30188.8546599119,Viken,2022-04-29
county34,1900-01-01,78295,total,county,2020,total,total,1900-01,1899/1900,1900,1,24,371253,21089.391870234,Innlandet,2022-04-29
county38,1900-01-01,101918,total,county,2020,total,total,1900-01,1899/1900,1900,1,24,424832,23990.1890629708,Vestfold og Telemark,2022-04-29
county42,1900-01-01,79439,total,county,2020,total,total,1900-01,1899/1900,1900,1,24,311134,25532.0858536836,Agder,2022-04-29
county46,1900-01-01,143308,total,county,2020,total,total,1900-01,1899/1900,1900,1,24,641292,22346.7624732571,Vestland,2022-04-29
county50,1900-01-01,99656,total,county,2020,total,total,1900-01,1899/1900,1900,1,24,474131,21018.6636182827,Trøndelag,2022-04-29
county54,1900-01-01,47783,total,county,2020,total,total,1900-01,1899/1900,1900,1,24,241736,19766.6048912864,Troms og Finnmark,2022-04-29
municip0301,1900-01-01,257091,total,municip,2020,total,total,1900-01,1899/1900,1900,1,24,699827,36736.3648444544,Oslo,2022-04-29
municip1101,1900-01-01,2623,total,municip,2020,total,total,1900-01,1899/1900,1900,1,24,14860,17651.4131897712,Eigersund,2022-04-29
municip1103,1900-01-01,39119,total,municip,2020,total,total,1900-01,1899/1900,1900,1,24,144699,27034.7410832141,Stavanger,2022-04-29
municip1106,1900-01-01,9554,total,municip,2020,total,total,1900-01,1899/1900,1900,1,24,37444,25515.4363850016,Haugesund,2022-04-29
municip1108,1900-01-01,20557,total,municip,2020,total,total,1900-01,1899/1900,1900,1,24,81305,25283.807883894,Sandnes,2022-04-29
municip1111,1900-01-01,769,total,municip,2020,total,total,1900-01,1899/1900,1900,1,24,3281,23437.9762267601,Sokndal,2022-04-29
municip1112,1900-01-01,612,total,municip,2020,total,total,1900-01,1899/1900,1900,1,24,3178,19257.3945877911,Lund,2022-04-29
municip1114,1900-01-01,599,total,municip,2020,total,total,1900-01,1899/1900,1900,1,24,2789,21477.2319827895,Bjerkreim,2022-04-29
municip1119,1900-01-01,4566,total,municip,2020,total,total,1900-01,1899/1900,1900,1,24,19296,23662.9353233831,Hå,2022-04-29
municip1120,1900-01-01,5976,total,municip,2020,total,total,1900-01,1899/1900,1900,1,24,20163,29638.4466597233,Klepp,2022-04-29
municip1121,1900-01-01,5220,total,municip,2020,total,total,1900-01,1899/1900,1900,1,24,19353,26972.5623934274,Time,2022-04-29
municip1122,1900-01-01,3323,total,municip,2020,total,total,1900-01,1899/1900,1900,1,24,12131,27392.6304509109,Gjesdal,2022-04-29
municip1124,1900-01-01,7175,total,municip,2020,total,total,1900-01,1899/1900,1900,1,24,27568,26026.5525246663,Sola,2022-04-29
municip1127,1900-01-01,3164,total,municip,2020,total,total,1900-01,1899/1900,1900,1,24,11454,27623.537628776,Randaberg,2022-04-29
municip1130,1900-01-01,2838,total,municip,2020,total,total,1900-01,1899/1900,1900,1,24,13268,21389.8100693398,Strand,2022-04-29
municip1133,1900-01-01,415,total,municip,2020,total,total,1900-01,1899/1900,1900,1,24,2534,16377.2691397001,Hjelmeland,2022-04-29
municip1134,1900-01-01,491,total,municip,2020,total,total,1900-01,1899/1900,1900,1,24,3784,12975.6871035941,Suldal,2022-04-29
municip1135,1900-01-01,622,total,municip,2020,total,total,1900-01,1899/1900,1900,1,24,4525,13745.8563535912,Sauda,2022-04-29
municip1144,1900-01-01,56,total,municip,2020,total,total,1900-01,1899/1900,1900,1,24,523,10707.4569789675,Kvitsøy,2022-04-29
municip1145,1900-01-01,148,total,municip,2020,total,total,1900-01,1899/1900,1900,1,24,855,17309.9415204678,Bokn,2022-04-29
municip1146,1900-01-01,2864,total,municip,2020,total,total,1900-01,1899/1900,1900,1,24,11283,25383.3200389967,Tysvær,2022-04-29
municip1149,1900-01-01,9095,total,municip,2020,total,total,1900-01,1899/1900,1900,1,24,42541,21379.3751909922,Karmøy,2022-04-29
municip1151,1900-01-01,23,total,municip,2020,total,total,1900-01,1899/1900,1900,1,24,188,12234.0425531915,Utsira,2022-04-29
municip1160,1900-01-01,1490,total,municip,2020,total,total,1900-01,1899/1900,1900,1,24,8775,16980.056980057,Vindafjord,2022-04-29
municip1505,1900-01-01,6020,total,municip,2020,total,total,1900-01,1899/1900,1900,1,24,24013,25069.7538833132,Kristiansund,2022-04-29
municip1506,1900-01-01,6255,total,municip,2020,total,total,1900-01,1899/1900,1900,1,24,32002,19545.6533966627,Molde,2022-04-29
municip1507,1900-01-01,14657,total,municip,2020,total,total,1900-01,1899/1900,1900,1,24,67114,21838.9605745448,Ålesund,2022-04-29
municip1511,1900-01-01,345,total,municip,2020,total,total,1900-01,1899/1900,1900,1,24,3045,11330.0492610837,Vanylven,2022-04-29
municip1514,1900-01-01,361,total,municip,2020,total,total,1900-01,1899/1900,1900,1,24,2422,14905.0371593724,Sande,2022-04-29
municip1515,1900-01-01,1442,total,municip,2020,total,total,1900-01,1899/1900,1900,1,24,8765,16451.7969195665,Herøy,2022-04-29
municip1516,1900-01-01,1353,total,municip,2020,total,total,1900-01,1899/1900,1900,1,24,8557,15811.6162206381,Ulstein,2022-04-29
municip1517,1900-01-01,934,total,municip,2020,total,total,1900-01,1899/1900,1900,1,24,5126,18220.8349590324,Hareid,2022-04-29
municip1520,1900-01-01,3987,total,municip,2020,total,total,1900-01,1899/1900,1900,1,24,10833,36804.209360288,Ørsta,2022-04-29
municip1525,1900-01-01,577,total,municip,2020,total,total,1900-01,1899/1900,1900,1,24,4467,12916.9464965301,Stranda,2022-04-29
municip1528,1900-01-01,1222,total,municip,2020,total,total,1900-01,1899/1900,1900,1,24,7558,16168.2984916645,Sykkylven,2022-04-29
municip1531,1900-01-01,2245,total,municip,2020,total,total,1900-01,1899/1900,1900,1,24,9547,23515.2403896512,Sula,2022-04-29
municip1532,1900-01-01,1998,total,municip,2020,total,total,1900-01,1899/1900,1900,1,24,8597,23240.6653483773,Giske,2022-04-29
municip1535,1900-01-01,1822,total,municip,2020,total,total,1900-01,1899/1900,1900,1,24,6936,26268.7427912341,Vestnes,2022-04-29
municip1539,1900-01-01,708,total,municip,2020,total,total,1900-01,1899/1900,1900,1,24,7019,10086.9069668044,Rauma,2022-04-29
municip1547,1900-01-01,992,total,municip,2020,total,total,1900-01,1899/1900,1900,1,24,3518,28197.8396816373,Aukra,2022-04-29
municip1554,1900-01-01,1022,total,municip,2020,total,total,1900-01,1899/1900,1900,1,24,5828,17536.0329444063,Averøy,2022-04-29
municip1557,1900-01-01,273,total,municip,2020,total,total,1900-01,1899/1900,1900,1,24,2669,10228.5500187336,Gjemnes,2022-04-29
municip1560,1900-01-01,363,total,municip,2020,total,total,1900-01,1899/1900,1900,1,24,2960,12263.5135135135,Tingvoll,2022-04-29
municip1563,1900-01-01,523,total,municip,2020,total,total,1900-01,1899/1900,1900,1,24,6932,7544.72013848817,Sunndal,2022-04-29
municip1566,1900-01-01,268,total,municip,2020,total,total,1900-01,1899/1900,1900,1,24,5849,4581.97982561122,Surnadal,2022-04-29
municip1573,1900-01-01,242,total,municip,2020,total,total,1900-01,1899/1900,1900,1,24,2120,11415.0943396226,Smøla,2022-04-29
municip1576,1900-01-01,352,total,municip,2020,total,total,1900-01,1899/1900,1900,1,24,3384,10401.8912529551,Aure,2022-04-29
municip1577,1900-01-01,2508,total,municip,2020,total,total,1900-01,1899/1900,1900,1,24,10809,23202.886483486,Volda,2022-04-29
municip1578,1900-01-01,277,total,municip,2020,total,total,1900-01,1899/1900,1900,1,24,2491,11120.0321156162,Fjord,2022-04-29
municip1579,1900-01-01,2413,total,municip,2020,total,total,1900-01,1899/1900,1900,1,24,13287,18160.6081131933,Hustadvika,2022-04-29
municip1804,1900-01-01,9818,total,municip,2020,total,total,1900-01,1899/1900,1900,1,24,52803,18593.6405128497,Bodø,2022-04-29
municip1806,1900-01-01,5181,total,municip,2020,total,total,1900-01,1899/1900,1900,1,24,21530,24064.0966093823,Narvik,2022-04-29
municip1811,1900-01-01,103,total,municip,2020,total,total,1900-01,1899/1900,1900,1,24,1406,7325.74679943101,Bindal,2022-04-29
municip1812,1900-01-01,196,total,municip,2020,total,total,1900-01,1899/1900,1900,1,24,1981,9893.99293286219,Sømna,2022-04-29
municip1813,1900-01-01,1199,total,municip,2020,total,total,1900-01,1899/1900,1900,1,24,7777,15417.2560113154,Brønnøy,2022-04-29
municip1815,1900-01-01,84,total,municip,2020,total,total,1900-01,1899/1900,1900,1,24,1175,7148.93617021277,Vega,2022-04-29
municip1816,1900-01-01,45,total,municip,2020,total,total,1900-01,1899/1900,1900,1,24,462,9740.25974025974,Vevelstad,2022-04-29
municip1818,1900-01-01,336,total,municip,2020,total,total,1900-01,1899/1900,1900,1,24,1825,18410.9589041096,Herøy,2022-04-29
municip1820,1900-01-01,1145,total,municip,2020,total,total,1900-01,1899/1900,1900,1,24,7333,15614.3461066412,Alstahaug,2022-04-29
municip1822,1900-01-01,266,total,municip,2020,total,total,1900-01,1899/1900,1900,1,24,2257,11785.5560478511,Leirfjord,2022-04-29
municip1824,1900-01-01,2286,total,municip,2020,total,total,1900-01,1899/1900,1900,1,24,13233,17274.9943323509,Vefsn,2022-04-29
municip1825,1900-01-01,76,total,municip,2020,total,total,1900-01,1899/1900,1900,1,24,1461,5201.91649555099,Grane,2022-04-29
municip1826,1900-01-01,71,total,municip,2020,total,total,1900-01,1899/1900,1900,1,24,1273,5577.37627651218,Hattfjelldal,2022-04-29
municip1827,1900-01-01,345,total,municip,2020,total,total,1900-01,1899/1900,1900,1,24,1369,25200.8765522279,Dønna,2022-04-29
municip1828,1900-01-01,168,total,municip,2020,total,total,1900-01,1899/1900,1900,1,24,1698,9893.99293286219,Nesna,2022-04-29
municip1832,1900-01-01,334,total,municip,2020,total,total,1900-01,1899/1900,1900,1,24,4420,7556.56108597285,Hemnes,2022-04-29
municip1833,1900-01-01,3817,total,municip,2020,total,total,1900-01,1899/1900,1900,1,24,26092,14629.0050590219,Rana,2022-04-29
municip1834,1900-01-01,167,total,municip,2020,total,total,1900-01,1899/1900,1900,1,24,1869,8935.25949705725,Lurøy,2022-04-29
municip1835,1900-01-01,30,total,municip,2020,total,total,1900-01,1899/1900,1900,1,24,450,6666.66666666667,Træna,2022-04-29
municip1836,1900-01-01,99,total,municip,2020,total,total,1900-01,1899/1900,1900,1,24,1153,8586.29661751951,Rødøy,2022-04-29
municip1837,1900-01-01,611,total,municip,2020,total,total,1900-01,1899/1900,1900,1,24,6214,9832.6359832636,Meløy,2022-04-29
municip1838,1900-01-01,238,total,municip,2020,total,total,1900-01,1899/1900,1900,1,24,1894,12565.9978880676,Gildeskål,2022-04-29
municip1839,1900-01-01,77,total,municip,2020,total,total,1900-01,1899/1900,1900,1,24,1012,7608.69565217391,Beiarn,2022-04-29
municip1840,1900-01-01,827,total,municip,2020,total,total,1900-01,1899/1900,1900,1,24,4617,17912.0641108945,Saltdal,2022-04-29
municip1841,1900-01-01,1602,total,municip,2020,total,total,1900-01,1899/1900,1900,1,24,9603,16682.2867853796,Fauske,2022-04-29
municip1845,1900-01-01,245,total,municip,2020,total,total,1900-01,1899/1900,1900,1,24,1869,13108.6142322097,Sørfold,2022-04-29
municip1848,1900-01-01,226,total,municip,2020,total,total,1900-01,1899/1900,1900,1,24,2591,8722.50096487843,Steigen,2022-04-29
municip1851,1900-01-01,303,total,municip,2020,total,total,1900-01,1899/1900,1900,1,24,1976,15334.008097166,Lødingen,2022-04-29
municip1853,1900-01-01,234,total,municip,2020,total,total,1900-01,1899/1900,1900,1,24,1334,17541.2293853073,Evenes,2022-04-29
municip1856,1900-01-01,55,total,municip,2020,total,total,1900-01,1899/1900,1900,1,24,469,11727.078891258,Røst,2022-04-29
municip1857,1900-01-01,50,total,municip,2020,total,total,1900-01,1899/1900,1900,1,24,678,7374.63126843658,Værøy,2022-04-29
municip1859,1900-01-01,108,total,municip,2020,total,total,1900-01,1899/1900,1900,1,24,1216,8881.57894736842,Flakstad,2022-04-29
municip1860,1900-01-01,2613,total,municip,2020,total,total,1900-01,1899/1900,1900,1,24,11566,22592.0802351721,Vestvågøy,2022-04-29
municip1865,1900-01-01,1492,total,municip,2020,total,total,1900-01,1899/1900,1900,1,24,9724,15343.4800493624,Vågan,2022-04-29
municip1866,1900-01-01,1696,total,municip,2020,total,total,1900-01,1899/1900,1900,1,24,8107,20920.1924262983,Hadsel,2022-04-29
municip1867,1900-01-01,161,total,municip,2020,total,total,1900-01,1899/1900,1900,1,24,2565,6276.80311890838,Bø,2022-04-29
municip1868,1900-01-01,735,total,municip,2020,total,total,1900-01,1899/1900,1900,1,24,4458,16487.2139973082,Øksnes,2022-04-29
municip1870,1900-01-01,1260,total,municip,2020,total,total,1900-01,1899/1900,1900,1,24,10468,12036.6832250669,Sortland,2022-04-29
municip1871,1900-01-01,665,total,municip,2020,total,total,1900-01,1899/1900,1900,1,24,4572,14545.0568678915,Andøy,2022-04-29
municip1874,1900-01-01,87,total,municip,2020,total,total,1900-01,1899/1900,1900,1,24,982,8859.47046843177,Moskenes,2022-04-29
municip1875,1900-01-01,273,total,municip,2020,total,total,1900-01,1899/1900,1900,1,24,2708,10081.2407680945,Hamarøy,2022-04-29
municip3001,1900-01-01,8062,total,municip,2020,total,total,1900-01,1899/1900,1900,1,24,31444,25639.2316499173,Halden,2022-04-29
municip3002,1900-01-01,11634,total,municip,2020,total,total,1900-01,1899/1900,1900,1,24,50290,23133.8238218334,Moss,2022-04-29
municip3003,1900-01-01,15399,total,municip,2020,total,total,1900-01,1899/1900,1900,1,24,58182,26466.9485407858,Sarpsborg,2022-04-29
municip3004,1900-01-01,25077,total,municip,2020,total,total,1900-01,1899/1900,1900,1,24,83892,29892.0040051495,Fredrikstad,2022-04-29
municip3005,1900-01-01,34994,total,municip,2020,total,total,1900-01,1899/1900,1900,1,24,102273,34216.2643121841,Drammen,2022-04-29
municip3006,1900-01-01,5646,total,municip,2020,total,total,1900-01,1899/1900,1900,1,24,27879,20251.802431938,Kongsberg,2022-04-29
municip3007,1900-01-01,7032,total,municip,2020,total,total,1900-01,1899/1900,1900,1,24,31011,22675.8247073619,Ringerike,2022-04-29
municip3011,1900-01-01,895,total,municip,2020,total,total,1900-01,1899/1900,1900,1,24,4741,18877.8738662729,Hvaler,2022-04-29
municip3012,1900-01-01,237,total,municip,2020,total,total,1900-01,1899/1900,1900,1,24,1315,18022.8136882129,Aremark,2022-04-29
municip3013,1900-01-01,972,total,municip,2020,total,total,1900-01,1899/1900,1900,1,24,3578,27166.0145332588,Marker,2022-04-29
municip3014,1900-01-01,13447,total,municip,2020,total,total,1900-01,1899/1900,1900,1,24,45608,29483.8624802666,Indre Østfold,2022-04-29
municip3015,1900-01-01,916,total,municip,2020,total,total,1900-01,1899/1900,1900,1,24,3846,23816.9526781071,Skiptvet,2022-04-29
municip3016,1900-01-01,2014,total,municip,2020,total,total,1900-01,1899/1900,1900,1,24,8312,24230.0288739172,Rakkestad,2022-04-29
municip3017,1900-01-01,2120,total,municip,2020,total,total,1900-01,1899/1900,1900,1,24,7633,27774.1386086729,Råde,2022-04-29
municip3018,1900-01-01,1327,total,municip,2020,total,total,1900-01,1899/1900,1900,1,24,5913,22442.0767799763,Våler,2022-04-29
municip3019,1900-01-01,5343,total,municip,2020,total,total,1900-01,1899/1900,1900,1,24,18699,28573.7205198139,Vestby,2022-04-29
municip3020,1900-01-01,20414,total,municip,2020,total,total,1900-01,1899/1900,1900,1,24,61032,33448.0272643859,Nordre Follo,2022-04-29
municip3021,1900-01-01,6380,total,municip,2020,total,total,1900-01,1899/1900,1900,1,24,20780,30702.5986525505,Ås,2022-04-29
municip3022,1900-01-01,4433,total,municip,2020,total,total,1900-01,1899/1900,1900,1,24,16084,27561.5518527729,Frogn,2022-04-29
municip3023,1900-01-01,5981,total,municip,2020,total,total,1900-01,1899/1900,1900,1,24,19939,29996.4892923416,Nesodden,2022-04-29
municip3024,1900-01-01,41910,total,municip,2020,total,total,1900-01,1899/1900,1900,1,24,128982,32492.9059868819,Bærum,2022-04-29
municip3025,1900-01-01,30442,total,municip,2020,total,total,1900-01,1899/1900,1900,1,24,96088,31681.3754058779,Asker,2022-04-29
municip3026,1900-01-01,3808,total,municip,2020,total,total,1900-01,1899/1900,1900,1,24,17754,21448.6876196913,Aurskog-Høland,2022-04-29
municip3027,1900-01-01,7513,total,municip,2020,total,total,1900-01,1899/1900,1900,1,24,19024,39492.220353238,Rælingen,2022-04-29
municip3028,1900-01-01,3770,total,municip,2020,total,total,1900-01,1899/1900,1900,1,24,11249,33514.0901413459,Enebakk,2022-04-29
municip3029,1900-01-01,16598,total,municip,2020,total,total,1900-01,1899/1900,1900,1,24,44693,37137.806815385,Lørenskog,2022-04-29
municip3030,1900-01-01,30802,total,municip,2020,total,total,1900-01,1899/1900,1900,1,24,89095,34572.085975644,Lillestrøm,2022-04-29
municip3031,1900-01-01,8854,total,municip,2020,total,total,1900-01,1899/1900,1900,1,24,24947,35491.2414318355,Nittedal,2022-04-29
municip3032,1900-01-01,2053,total,municip,2020,total,total,1900-01,1899/1900,1900,1,24,6989,29374.7317212763,Gjerdrum,2022-04-29
municip3033,1900-01-01,16625,total,municip,2020,total,total,1900-01,1899/1900,1900,1,24,41565,39997.5941296764,Ullensaker,2022-04-29
municip3034,1900-01-01,6544,total,municip,2020,total,total,1900-01,1899/1900,1900,1,24,23898,27383.0446062432,Nes,2022-04-29
municip3035,1900-01-01,7799,total,municip,2020,total,total,1900-01,1899/1900,1900,1,24,26716,29192.2443479563,Eidsvoll,2022-04-29
municip3036,1900-01-01,4743,total,municip,2020,total,total,1900-01,1899/1900,1900,1,24,15074,31464.7737826722,Nannestad,2022-04-29
municip3037,1900-01-01,629,total,municip,2020,total,total,1900-01,1899/1900,1900,1,24,2905,21652.3235800344,Hurdal,2022-04-29
municip3038,1900-01-01,1779,total,municip,2020,total,total,1900-01,1899/1900,1900,1,24,6859,25936.7254701852,Hole,2022-04-29
municip3039,1900-01-01,82,total,municip,2020,total,total,1900-01,1899/1900,1900,1,24,1057,7757.80510879849,Flå,2022-04-29
municip3040,1900-01-01,378,total,municip,2020,total,total,1900-01,1899/1900,1900,1,24,3273,11549.0375802017,Nesbyen,2022-04-29
municip3041,1900-01-01,1242,total,municip,2020,total,total,1900-01,1899/1900,1900,1,24,4667,26612.384829655,Gol,2022-04-29
municip3042,1900-01-01,708,total,municip,2020,total,total,1900-01,1899/1900,1900,1,24,2611,27116.0474913826,Hemsedal,2022-04-29
municip3043,1900-01-01,959,total,municip,2020,total,total,1900-01,1899/1900,1900,1,24,4650,20623.6559139785,Ål,2022-04-29
municip3044,1900-01-01,1045,total,municip,2020,total,total,1900-01,1899/1900,1900,1,24,4504,23201.5985790409,Hol,2022-04-29
municip3045,1900-01-01,565,total,municip,2020,total,total,1900-01,1899/1900,1900,1,24,3492,16179.8396334479,Sigdal,2022-04-29
municip3046,1900-01-01,467,total,municip,2020,total,total,1900-01,1899/1900,1900,1,24,2189,21333.9424394701,Krødsherad,2022-04-29
municip3047,1900-01-01,2397,total,municip,2020,total,total,1900-01,1899/1900,1900,1,24,14273,16793.9466124851,Modum,2022-04-29
municip3048,1900-01-01,5353,total,municip,2020,total,total,1900-01,1899/1900,1900,1,24,20044,26706.2462582319,Øvre Eiker,2022-04-29
municip3049,1900-01-01,9562,total,municip,2020,total,total,1900-01,1899/1900,1900,1,24,27584,34665.0232018562,Lier,2022-04-29
municip3050,1900-01-01,387,total,municip,2020,total,total,1900-01,1899/1900,1900,1,24,2720,14227.9411764706,Flesberg,2022-04-29
municip3051,1900-01-01,100,total,municip,2020,total,total,1900-01,1899/1900,1900,1,24,1370,7299.2700729927,Rollag,2022-04-29
municip3052,1900-01-01,383,total,municip,2020,total,total,1900-01,1899/1900,1900,1,24,2455,15600.8146639511,Nore og Uvdal,2022-04-29
municip3053,1900-01-01,1377,total,municip,2020,total,total,1900-01,1899/1900,1900,1,24,6908,19933.4105385061,Jevnaker,2022-04-29
municip3054,1900-01-01,1928,total,municip,2020,total,total,1900-01,1899/1900,1900,1,24,9144,21084.864391951,Lunner,2022-04-29
municip3401,1900-01-01,4375,total,municip,2020,total,total,1900-01,1899/1900,1900,1,24,17949,24374.6169703048,Kongsvinger,2022-04-29
municip3403,1900-01-01,8152,total,municip,2020,total,total,1900-01,1899/1900,1900,1,24,31999,25475.7961186287,Hamar,2022-04-29
municip3405,1900-01-01,5714,total,municip,2020,total,total,1900-01,1899/1900,1900,1,24,28425,20102.0228671944,Lillehammer,2022-04-29
municip3407,1900-01-01,7825,total,municip,2020,total,total,1900-01,1899/1900,1900,1,24,30267,25853.2395017676,Gjøvik,2022-04-29
municip3411,1900-01-01,7934,total,municip,2020,total,total,1900-01,1899/1900,1900,1,24,35073,22621.3896729678,Ringsaker,2022-04-29
municip3412,1900-01-01,1553,total,municip,2020,total,total,1900-01,1899/1900,1900,1,24,7715,20129.6176279974,Løten,2022-04-29
municip3413,1900-01-01,5214,total,municip,2020,total,total,1900-01,1899/1900,1900,1,24,21156,24645.4906409529,Stange,2022-04-29
municip3414,1900-01-01,859,total,municip,2020,total,total,1900-01,1899/1900,1900,1,24,5016,17125.1993620415,Nord-Odal,2022-04-29
municip3415,1900-01-01,2034,total,municip,2020,total,total,1900-01,1899/1900,1900,1,24,7978,25495.1115567811,Sør-Odal,2022-04-29
municip3416,1900-01-01,1194,total,municip,2020,total,total,1900-01,1899/1900,1900,1,24,6032,19794.4297082228,Eidskog,2022-04-29
municip3417,1900-01-01,889,total,municip,2020,total,total,1900-01,1899/1900,1900,1,24,4548,19547.053649956,Grue,2022-04-29
municip3418,1900-01-01,1959,total,municip,2020,total,total,1900-01,1899/1900,1900,1,24,7211,27166.8284565248,Åsnes,2022-04-29
municip3419,1900-01-01,908,total,municip,2020,total,total,1900-01,1899/1900,1900,1,24,3597,25243.2582707812,Våler,2022-04-29
municip3420,1900-01-01,5391,total,municip,2020,total,total,1900-01,1899/1900,1900,1,24,21435,25150.4548635409,Elverum,2022-04-29
municip3421,1900-01-01,1123,total,municip,2020,total,total,1900-01,1899/1900,1900,1,24,6603,17007.4208693018,Trysil,2022-04-29
municip3422,1900-01-01,776,total,municip,2020,total,total,1900-01,1899/1900,1900,1,24,4195,18498.2121573302,Åmot,2022-04-29
municip3423,1900-01-01,351,total,municip,2020,total,total,1900-01,1899/1900,1900,1,24,2318,15142.3641069888,Stor-Elvdal,2022-04-29
municip3424,1900-01-01,223,total,municip,2020,total,total,1900-01,1899/1900,1900,1,24,1722,12950.0580720093,Rendalen,2022-04-29
municip3425,1900-01-01,213,total,municip,2020,total,total,1900-01,1899/1900,1900,1,24,1253,16999.201915403,Engerdal,2022-04-29
municip3426,1900-01-01,148,total,municip,2020,total,total,1900-01,1899/1900,1900,1,24,1551,9542.23081882656,Tolga,2022-04-29
municip3427,1900-01-01,966,total,municip,2020,total,total,1900-01,1899/1900,1900,1,24,5581,17308.7260347608,Tynset,2022-04-29
municip3428,1900-01-01,285,total,municip,2020,total,total,1900-01,1899/1900,1900,1,24,2445,11656.4417177914,Alvdal,2022-04-29
municip3429,1900-01-01,74,total,municip,2020,total,total,1900-01,1899/1900,1900,1,24,1530,4836.60130718954,Folldal,2022-04-29
municip3430,1900-01-01,155,total,municip,2020,total,total,1900-01,1899/1900,1900,1,24,1855,8355.79514824798,Os,2022-04-29
municip3431,1900-01-01,401,total,municip,2020,total,total,1900-01,1899/1900,1900,1,24,2498,16052.8422738191,Dovre,2022-04-29
municip3432,1900-01-01,152,total,municip,2020,total,total,1900-01,1899/1900,1900,1,24,1986,7653.57502517623,Lesja,2022-04-29
municip3433,1900-01-01,153,total,municip,2020,total,total,1900-01,1899/1900,1900,1,24,2151,7112.97071129707,Skjåk,2022-04-29
municip3434,1900-01-01,129,total,municip,2020,total,total,1900-01,1899/1900,1900,1,24,2211,5834.46404341927,Lom,2022-04-29
municip3435,1900-01-01,424,total,municip,2020,total,total,1900-01,1899/1900,1900,1,24,3591,11807.2960178223,Vågå,2022-04-29
municip3436,1900-01-01,1536,total,municip,2020,total,total,1900-01,1899/1900,1900,1,24,5628,27292.1108742004,Nord-Fron,2022-04-29
municip3437,1900-01-01,752,total,municip,2020,total,total,1900-01,1899/1900,1900,1,24,5531,13596.0947387453,Sel,2022-04-29
municip3438,1900-01-01,617,total,municip,2020,total,total,1900-01,1899/1900,1900,1,24,3064,20137.0757180157,Sør-Fron,2022-04-29
municip3439,1900-01-01,609,total,municip,2020,total,total,1900-01,1899/1900,1900,1,24,4385,13888.2554161916,Ringebu,2022-04-29
municip3440,1900-01-01,1073,total,municip,2020,total,total,1900-01,1899/1900,1900,1,24,5082,21113.7347500984,Øyer,2022-04-29
municip3441,1900-01-01,1129,total,municip,2020,total,total,1900-01,1899/1900,1900,1,24,6079,18572.1335746011,Gausdal,2022-04-29
municip3442,1900-01-01,3723,total,municip,2020,total,total,1900-01,1899/1900,1900,1,24,14827,25109.5973561745,Østre Toten,2022-04-29
municip3443,1900-01-01,2478,total,municip,2020,total,total,1900-01,1899/1900,1900,1,24,13572,18258.1786030062,Vestre Toten,2022-04-29
municip3446,1900-01-01,2554,total,municip,2020,total,total,1900-01,1899/1900,1900,1,24,13633,18733.9543754126,Gran,2022-04-29
municip3447,1900-01-01,769,total,municip,2020,total,total,1900-01,1899/1900,1900,1,24,5535,13893.4056007227,Søndre Land,2022-04-29
municip3448,1900-01-01,1200,total,municip,2020,total,total,1900-01,1899/1900,1900,1,24,6577,18245.400638589,Nordre Land,2022-04-29
municip3449,1900-01-01,363,total,municip,2020,total,total,1900-01,1899/1900,1900,1,24,2889,12564.9013499481,Sør-Aurdal,2022-04-29
municip3450,1900-01-01,346,total,municip,2020,total,total,1900-01,1899/1900,1900,1,24,1256,27547.7707006369,Etnedal,2022-04-29
municip3451,1900-01-01,623,total,municip,2020,total,total,1900-01,1899/1900,1900,1,24,6354,9804.84734025811,Nord-Aurdal,2022-04-29
municip3452,1900-01-01,357,total,municip,2020,total,total,1900-01,1899/1900,1900,1,24,2111,16911.4163903363,Vestre Slidre,2022-04-29
municip3453,1900-01-01,429,total,municip,2020,total,total,1900-01,1899/1900,1900,1,24,3252,13191.8819188192,Øystre Slidre,2022-04-29
municip3454,1900-01-01,163,total,municip,2020,total,total,1900-01,1899/1900,1900,1,24,1587,10270.9514807814,Vang,2022-04-29
municip3801,1900-01-01,5988,total,municip,2020,total,total,1900-01,1899/1900,1900,1,24,27502,21772.9619664024,Horten,2022-04-29
municip3802,1900-01-01,7046,total,municip,2020,total,total,1900-01,1899/1900,1900,1,24,25681,27436.6262995989,Holmestrand,2022-04-29
municip3803,1900-01-01,14963,total,municip,2020,total,total,1900-01,1899/1900,1900,1,24,57794,25890.2308198083,Tønsberg,2022-04-29
municip3804,1900-01-01,18941,total,municip,2020,total,total,1900-01,1899/1900,1900,1,24,64943,29165.5759666169,Sandefjord,2022-04-29
municip3805,1900-01-01,10803,total,municip,2020,total,total,1900-01,1899/1900,1900,1,24,47777,22611.2983234611,Larvik,2022-04-29
municip3806,1900-01-01,8913,total,municip,2020,total,total,1900-01,1899/1900,1900,1,24,36624,24336.500655308,Porsgrunn,2022-04-29
municip3807,1900-01-01,14098,total,municip,2020,total,total,1900-01,1899/1900,1900,1,24,55513,25395.8532235693,Skien,2022-04-29
municip3808,1900-01-01,1769,total,municip,2020,total,total,1900-01,1899/1900,1900,1,24,13029,13577.4042520531,Notodden,2022-04-29
municip3811,1900-01-01,6500,total,municip,2020,total,total,1900-01,1899/1900,1900,1,24,27165,23927.8483342536,Færder,2022-04-29
municip3812,1900-01-01,386,total,municip,2020,total,total,1900-01,1899/1900,1900,1,24,2349,16432.5244785015,Siljan,2022-04-29
municip3813,1900-01-01,3148,total,municip,2020,total,total,1900-01,1899/1900,1900,1,24,14056,22396.1297666477,Bamble,2022-04-29
municip3814,1900-01-01,1414,total,municip,2020,total,total,1900-01,1899/1900,1900,1,24,10351,13660.5158921843,Kragerø,2022-04-29
municip3815,1900-01-01,686,total,municip,2020,total,total,1900-01,1899/1900,1900,1,24,4093,16760.3225018324,Drangedal,2022-04-29
municip3816,1900-01-01,1709,total,municip,2020,total,total,1900-01,1899/1900,1900,1,24,6494,26316.5999384047,Nome,2022-04-29
municip3817,1900-01-01,2528,total,municip,2020,total,total,1900-01,1899/1900,1900,1,24,10539,23987.0955498624,Midt-Telemark,2022-04-29
municip3818,1900-01-01,694,total,municip,2020,total,total,1900-01,1899/1900,1900,1,24,5512,12590.7111756168,Tinn,2022-04-29
municip3819,1900-01-01,312,total,municip,2020,total,total,1900-01,1899/1900,1900,1,24,1562,19974.3918053777,Hjartdal,2022-04-29
municip3820,1900-01-01,425,total,municip,2020,total,total,1900-01,1899/1900,1900,1,24,2889,14710.9726548979,Seljord,2022-04-29
municip3821,1900-01-01,362,total,municip,2020,total,total,1900-01,1899/1900,1900,1,24,2452,14763.4584013051,Kviteseid,2022-04-29
municip3822,1900-01-01,197,total,municip,2020,total,total,1900-01,1899/1900,1900,1,24,1414,13932.1074964639,Nissedal,2022-04-29
municip3823,1900-01-01,246,total,municip,2020,total,total,1900-01,1899/1900,1900,1,24,1198,20534.223706177,Fyresdal,2022-04-29
municip3824,1900-01-01,355,total,municip,2020,total,total,1900-01,1899/1900,1900,1,24,2140,16588.785046729,Tokke,2022-04-29
municip3825,1900-01-01,430,total,municip,2020,total,total,1900-01,1899/1900,1900,1,24,3755,11451.3981358189,Vinje,2022-04-29
municip4201,1900-01-01,989,total,municip,2020,total,total,1900-01,1899/1900,1900,1,24,6735,14684.4840386043,Risør,2022-04-29
municip4202,1900-01-01,5301,total,municip,2020,total,total,1900-01,1899/1900,1900,1,24,24017,22071.8657617521,Grimstad,2022-04-29
municip4203,1900-01-01,8769,total,municip,2020,total,total,1900-01,1899/1900,1900,1,24,45509,19268.7160781384,Arendal,2022-04-29
municip4204,1900-01-01,36196,total,municip,2020,total,total,1900-01,1899/1900,1900,1,24,113737,31824.2964031054,Kristiansand,2022-04-29
municip4205,1900-01-01,5810,total,municip,2020,total,total,1900-01,1899/1900,1900,1,24,23147,25100.4449820711,Lindesnes,2022-04-29
municip4206,1900-01-01,2497,total,municip,2020,total,total,1900-01,1899/1900,1900,1,24,9622,25950.9457493245,Farsund,2022-04-29
municip4207,1900-01-01,1830,total,municip,2020,total,total,1900-01,1899/1900,1900,1,24,9048,20225.4641909814,Flekkefjord,2022-04-29
municip4211,1900-01-01,511,total,municip,2020,total,total,1900-01,1899/1900,1900,1,24,2427,21054.8001648125,Gjerstad,2022-04-29
municip4212,1900-01-01,294,total,municip,2020,total,total,1900-01,1899/1900,1900,1,24,2131,13796.3397465978,Vegårshei,2022-04-29
municip4213,1900-01-01,894,total,municip,2020,total,total,1900-01,1899/1900,1900,1,24,6115,14619.7874080131,Tvedestrand,2022-04-29
municip4214,1900-01-01,1026,total,municip,2020,total,total,1900-01,1899/1900,1900,1,24,6098,16825.1885864218,Froland,2022-04-29
municip4215,1900-01-01,2716,total,municip,2020,total,total,1900-01,1899/1900,1900,1,24,11279,24080.1489493749,Lillesand,2022-04-29
municip4216,1900-01-01,959,total,municip,2020,total,total,1900-01,1899/1900,1900,1,24,5342,17952.0778734556,Birkenes,2022-04-29
municip4217,1900-01-01,293,total,municip,2020,total,total,1900-01,1899/1900,1900,1,24,1801,16268.7395891172,Åmli,2022-04-29
municip4218,1900-01-01,311,total,municip,2020,total,total,1900-01,1899/1900,1900,1,24,1323,23507.1806500378,Iveland,2022-04-29
municip4219,1900-01-01,501,total,municip,2020,total,total,1900-01,1899/1900,1900,1,24,3653,13714.7549958938,Evje og Hornnes,2022-04-29
municip4220,1900-01-01,106,total,municip,2020,total,total,1900-01,1899/1900,1900,1,24,1134,9347.44268077601,Bygland,2022-04-29
municip4221,1900-01-01,117,total,municip,2020,total,total,1900-01,1899/1900,1900,1,24,1169,10008.5543199316,Valle,2022-04-29
municip4222,1900-01-01,129,total,municip,2020,total,total,1900-01,1899/1900,1900,1,24,935,13796.7914438503,Bykle,2022-04-29
municip4223,1900-01-01,4796,total,municip,2020,total,total,1900-01,1899/1900,1900,1,24,15123,31713.2844012431,Vennesla,2022-04-29
municip4224,1900-01-01,131,total,municip,2020,total,total,1900-01,1899/1900,1900,1,24,912,14364.0350877193,Åseral,2022-04-29
municip4225,1900-01-01,3230,total,municip,2020,total,total,1900-01,1899/1900,1900,1,24,10480,30820.6106870229,Lyngdal,2022-04-29
municip4226,1900-01-01,452,total,municip,2020,total,total,1900-01,1899/1900,1900,1,24,1704,26525.8215962441,Hægebostad,2022-04-29
municip4227,1900-01-01,1201,total,municip,2020,total,total,1900-01,1899/1900,1900,1,24,5883,20414.7543770185,Kvinesdal,2022-04-29
municip4228,1900-01-01,377,total,municip,2020,total,total,1900-01,1899/1900,1900,1,24,1810,20828.729281768,Sirdal,2022-04-29
municip4601,1900-01-01,76985,total,municip,2020,total,total,1900-01,1899/1900,1900,1,24,286930,26830.5858571777,Bergen,2022-04-29
municip4602,1900-01-01,1478,total,municip,2020,total,total,1900-01,1899/1900,1900,1,24,17131,8627.63411359524,Kinn,2022-04-29
municip4611,1900-01-01,495,total,municip,2020,total,total,1900-01,1899/1900,1900,1,24,4043,12243.3836260203,Etne,2022-04-29
municip4612,1900-01-01,1060,total,municip,2020,total,total,1900-01,1899/1900,1900,1,24,5775,18354.9783549784,Sveio,2022-04-29
municip4613,1900-01-01,2477,total,municip,2020,total,total,1900-01,1899/1900,1900,1,24,12061,20537.2688831772,Bømlo,2022-04-29
municip4614,1900-01-01,3622,total,municip,2020,total,total,1900-01,1899/1900,1900,1,24,18919,19144.775093821,Stord,2022-04-29
municip4615,1900-01-01,529,total,municip,2020,total,total,1900-01,1899/1900,1900,1,24,3117,16971.4469040744,Fitjar,2022-04-29
municip4616,1900-01-01,495,total,municip,2020,total,total,1900-01,1899/1900,1900,1,24,2883,17169.6149843913,Tysnes,2022-04-29
municip4617,1900-01-01,1376,total,municip,2020,total,total,1900-01,1899/1900,1900,1,24,13017,10570.7920411769,Kvinnherad,2022-04-29
municip4618,1900-01-01,1407,total,municip,2020,total,total,1900-01,1899/1900,1900,1,24,10881,12930.7968017645,Ullensvang,2022-04-29
municip4619,1900-01-01,92,total,municip,2020,total,total,1900-01,1899/1900,1900,1,24,937,9818.56990394877,Eidfjord,2022-04-29
municip4620,1900-01-01,297,total,municip,2020,total,total,1900-01,1899/1900,1900,1,24,1051,28258.8011417697,Ulvik,2022-04-29
municip4621,1900-01-01,3175,total,municip,2020,total,total,1900-01,1899/1900,1900,1,24,15875,20000,Voss herad,2022-04-29
municip4622,1900-01-01,1594,total,municip,2020,total,total,1900-01,1899/1900,1900,1,24,8497,18759.562198423,Kvam,2022-04-29
municip4623,1900-01-01,403,total,municip,2020,total,total,1900-01,1899/1900,1900,1,24,2501,16113.5545781687,Samnanger,2022-04-29
municip4624,1900-01-01,6259,total,municip,2020,total,total,1900-01,1899/1900,1900,1,24,25213,24824.4953000436,Bjørnafjorden,2022-04-29
municip4625,1900-01-01,892,total,municip,2020,total,total,1900-01,1899/1900,1900,1,24,5283,16884.3460155215,Austevoll,2022-04-29
municip4626,1900-01-01,11317,total,municip,2020,total,total,1900-01,1899/1900,1900,1,24,39032,28994.1586390654,Øygarden,2022-04-29
municip4627,1900-01-01,8783,total,municip,2020,total,total,1900-01,1899/1900,1900,1,24,29816,29457.3383418299,Askøy,2022-04-29
municip4628,1900-01-01,843,total,municip,2020,total,total,1900-01,1899/1900,1900,1,24,3867,21799.844840962,Vaksdal,2022-04-29
municip4629,1900-01-01,117,total,municip,2020,total,total,1900-01,1899/1900,1900,1,24,378,30952.380952381,Modalen,2022-04-29
municip4630,1900-01-01,2144,total,municip,2020,total,total,1900-01,1899/1900,1900,1,24,8131,26368.2203910958,Osterøy,2022-04-29
municip4631,1900-01-01,5822,total,municip,2020,total,total,1900-01,1899/1900,1900,1,24,29593,19673.5714527084,Alver,2022-04-29
municip4632,1900-01-01,344,total,municip,2020,total,total,1900-01,1899/1900,1900,1,24,2889,11907.2343371409,Austrheim,2022-04-29
municip4633,1900-01-01,28,total,municip,2020,total,total,1900-01,1899/1900,1900,1,24,502,5577.68924302789,Fedje,2022-04-29
municip4634,1900-01-01,136,total,municip,2020,total,total,1900-01,1899/1900,1900,1,24,1629,8348.68017188459,Masfjorden,2022-04-29
municip4635,1900-01-01,253,total,municip,2020,total,total,1900-01,1899/1900,1900,1,24,2230,11345.2914798206,Gulen,2022-04-29
municip4636,1900-01-01,66,total,municip,2020,total,total,1900-01,1899/1900,1900,1,24,768,8593.75,Solund,2022-04-29
municip4637,1900-01-01,214,total,municip,2020,total,total,1900-01,1899/1900,1900,1,24,1290,16589.1472868217,Hyllestad,2022-04-29
municip4638,1900-01-01,263,total,municip,2020,total,total,1900-01,1899/1900,1900,1,24,3965,6633.03909205549,Høyanger,2022-04-29
municip4639,1900-01-01,562,total,municip,2020,total,total,1900-01,1899/1900,1900,1,24,2560,21953.125,Vik,2022-04-29
municip4640,1900-01-01,1435,total,municip,2020,total,total,1900-01,1899/1900,1900,1,24,12097,11862.4452343556,Sogndal,2022-04-29
municip4641,1900-01-01,155,total,municip,2020,total,total,1900-01,1899/1900,1900,1,24,1766,8776.89694224236,Aurland,2022-04-29
municip4642,1900-01-01,238,total,municip,2020,total,total,1900-01,1899/1900,1900,1,24,2117,11242.3240434577,Lærdal,2022-04-29
municip4643,1900-01-01,593,total,municip,2020,total,total,1900-01,1899/1900,1900,1,24,5204,11395.0807071483,Årdal,2022-04-29
municip4644,1900-01-01,477,total,municip,2020,total,total,1900-01,1899/1900,1900,1,24,5246,9092.64201296226,Luster,2022-04-29
municip4645,1900-01-01,232,total,municip,2020,total,total,1900-01,1899/1900,1900,1,24,2951,7861.74178244663,Askvoll,2022-04-29
municip4646,1900-01-01,290,total,municip,2020,total,total,1900-01,1899/1900,1900,1,24,2901,9996.55291278869,Fjaler,2022-04-29
municip4647,1900-01-01,2745,total,municip,2020,total,total,1900-01,1899/1900,1900,1,24,22116,12411.8285404232,Sunnfjord,2022-04-29
municip4648,1900-01-01,248,total,municip,2020,total,total,1900-01,1899/1900,1900,1,24,3521,7043.45356432832,Bremanger,2022-04-29
municip4649,1900-01-01,914,total,municip,2020,total,total,1900-01,1899/1900,1900,1,24,9527,9593.78608166264,Stad,2022-04-29
municip4650,1900-01-01,698,total,municip,2020,total,total,1900-01,1899/1900,1900,1,24,5875,11880.8510638298,Gloppen,2022-04-29
municip4651,1900-01-01,1750,total,municip,2020,total,total,1900-01,1899/1900,1900,1,24,7207,24281.948106008,Stryn,2022-04-29
municip5001,1900-01-01,52800,total,municip,2020,total,total,1900-01,1899/1900,1900,1,24,210496,25083.6120401338,Trondheim,2022-04-29
municip5006,1900-01-01,4166,total,municip,2020,total,total,1900-01,1899/1900,1900,1,24,24004,17355.4407598734,Steinkjer,2022-04-29
municip5007,1900-01-01,2044,total,municip,2020,total,total,1900-01,1899/1900,1900,1,24,15001,13625.7582827811,Namsos,2022-04-29
municip5014,1900-01-01,1134,total,municip,2020,total,total,1900-01,1899/1900,1900,1,24,5265,21538.4615384615,Frøya,2022-04-29
municip5020,1900-01-01,55,total,municip,2020,total,total,1900-01,1899/1900,1900,1,24,904,6084.07079646018,Osen,2022-04-29
municip5021,1900-01-01,1300,total,municip,2020,total,total,1900-01,1899/1900,1900,1,24,7066,18397.9620718936,Oppdal,2022-04-29
municip5022,1900-01-01,263,total,municip,2020,total,total,1900-01,1899/1900,1900,1,24,2443,10765.4523127302,Rennebu,2022-04-29
municip5025,1900-01-01,753,total,municip,2020,total,total,1900-01,1899/1900,1900,1,24,5572,13513.9985642498,Røros,2022-04-29
municip5026,1900-01-01,194,total,municip,2020,total,total,1900-01,1899/1900,1900,1,24,1953,9933.43573988735,Holtålen,2022-04-29
municip5027,1900-01-01,897,total,municip,2020,total,total,1900-01,1899/1900,1900,1,24,6120,14656.862745098,Midtre Gauldal,2022-04-29
municip5028,1900-01-01,2721,total,municip,2020,total,total,1900-01,1899/1900,1900,1,24,17123,15890.9069672371,Melhus,2022-04-29
municip5029,1900-01-01,1529,total,municip,2020,total,total,1900-01,1899/1900,1900,1,24,8360,18289.4736842105,Skaun,2022-04-29
municip5031,1900-01-01,3845,total,municip,2020,total,total,1900-01,1899/1900,1900,1,24,14425,26655.1126516465,Malvik,2022-04-29
municip5032,1900-01-01,943,total,municip,2020,total,total,1900-01,1899/1900,1900,1,24,4090,23056.2347188264,Selbu,2022-04-29
municip5033,1900-01-01,78,total,municip,2020,total,total,1900-01,1899/1900,1900,1,24,750,10400,Tydal,2022-04-29
municip5034,1900-01-01,431,total,municip,2020,total,total,1900-01,1899/1900,1900,1,24,2399,17965.819091288,Meråker,2022-04-29
municip5035,1900-01-01,5857,total,municip,2020,total,total,1900-01,1899/1900,1900,1,24,24287,24115.7821056532,Stjørdal,2022-04-29
municip5036,1900-01-01,446,total,municip,2020,total,total,1900-01,1899/1900,1900,1,24,2608,17101.226993865,Frosta,2022-04-29
municip5037,1900-01-01,4690,total,municip,2020,total,total,1900-01,1899/1900,1900,1,24,20171,23251.2022210104,Levanger,2022-04-29
municip5038,1900-01-01,3376,total,municip,2020,total,total,1900-01,1899/1900,1900,1,24,14955,22574.3898361752,Verdal,2022-04-29
municip5041,1900-01-01,328,total,municip,2020,total,total,1900-01,1899/1900,1900,1,24,2033,16133.7924249877,Snåase - Snåsa,2022-04-29
municip5042,1900-01-01,192,total,municip,2020,total,total,1900-01,1899/1900,1900,1,24,1309,14667.6852559206,Lierne,2022-04-29
municip5043,1900-01-01,35,total,municip,2020,total,total,1900-01,1899/1900,1900,1,24,441,7936.50793650794,Røyrvik,2022-04-29
municip5044,1900-01-01,32,total,municip,2020,total,total,1900-01,1899/1900,1900,1,24,818,3911.9804400978,Namsskogan,2022-04-29
municip5045,1900-01-01,198,total,municip,2020,total,total,1900-01,1899/1900,1900,1,24,2287,8657.63008307827,Grong,2022-04-29
municip5046,1900-01-01,113,total,municip,2020,total,total,1900-01,1899/1900,1900,1,24,1193,9471.91953059514,Høylandet,2022-04-29
municip5047,1900-01-01,620,total,municip,2020,total,total,1900-01,1899/1900,1900,1,24,3817,16243.1228713649,Overhalla,2022-04-29
municip5049,1900-01-01,63,total,municip,2020,total,total,1900-01,1899/1900,1900,1,24,1101,5722.07084468665,Flatanger,2022-04-29
municip5052,1900-01-01,48,total,municip,2020,total,total,1900-01,1899/1900,1900,1,24,570,8421.05263157895,Leka,2022-04-29
municip5053,1900-01-01,1027,total,municip,2020,total,total,1900-01,1899/1900,1900,1,24,6794,15116.2790697674,Inderøy,2022-04-29
municip5054,1900-01-01,1406,total,municip,2020,total,total,1900-01,1899/1900,1900,1,24,9899,14203.4548944338,Indre Fosen,2022-04-29
municip5055,1900-01-01,746,total,municip,2020,total,total,1900-01,1899/1900,1900,1,24,5884,12678.4500339905,Heim,2022-04-29
municip5056,1900-01-01,1099,total,municip,2020,total,total,1900-01,1899/1900,1900,1,24,5156,21314.9728471684,Hitra,2022-04-29
municip5057,1900-01-01,1134,total,municip,2020,total,total,1900-01,1899/1900,1900,1,24,10371,10934.3361295921,Ørland,2022-04-29
municip5058,1900-01-01,394,total,municip,2020,total,total,1900-01,1899/1900,1900,1,24,4252,9266.22765757291,Åfjord,2022-04-29
municip5059,1900-01-01,2608,total,municip,2020,total,total,1900-01,1899/1900,1900,1,24,18502,14095.7734298995,Orkland,2022-04-29
municip5060,1900-01-01,1871,total,municip,2020,total,total,1900-01,1899/1900,1900,1,24,9732,19225.2363337444,Nærøysund,2022-04-29
municip5061,1900-01-01,213,total,municip,2020,total,total,1900-01,1899/1900,1900,1,24,1980,10757.5757575758,Rindal,2022-04-29
municip5401,1900-01-01,18383,total,municip,2020,total,total,1900-01,1899/1900,1900,1,24,77544,23706.5408026411,Tromsø,2022-04-29
municip5402,1900-01-01,5094,total,municip,2020,total,total,1900-01,1899/1900,1900,1,24,24804,20537.0101596517,Harstad,2022-04-29
municip5403,1900-01-01,4186,total,municip,2020,total,total,1900-01,1899/1900,1900,1,24,21144,19797.5785092698,Alta,2022-04-29
municip5404,1900-01-01,251,total,municip,2020,total,total,1900-01,1899/1900,1900,1,24,1897,13231.418028466,Vardø,2022-04-29
municip5405,1900-01-01,1210,total,municip,2020,total,total,1900-01,1899/1900,1900,1,24,5568,21731.3218390805,Vadsø,2022-04-29
municip5406,1900-01-01,3586,total,municip,2020,total,total,1900-01,1899/1900,1900,1,24,11274,31807.6991307433,Hammerfest,2022-04-29
municip5411,1900-01-01,390,total,municip,2020,total,total,1900-01,1899/1900,1900,1,24,2789,13983.5066332019,Kvæfjord,2022-04-29
municip5412,1900-01-01,662,total,municip,2020,total,total,1900-01,1899/1900,1900,1,24,4201,15758.152820757,Tjeldsund,2022-04-29
municip5413,1900-01-01,164,total,municip,2020,total,total,1900-01,1899/1900,1900,1,24,1289,12723.0411171451,Ibestad,2022-04-29
municip5414,1900-01-01,94,total,municip,2020,total,total,1900-01,1899/1900,1900,1,24,1070,8785.04672897196,Gratangen,2022-04-29
municip5415,1900-01-01,168,total,municip,2020,total,total,1900-01,1899/1900,1900,1,24,970,17319.587628866,Loabák - Lavangen,2022-04-29
municip5416,1900-01-01,669,total,municip,2020,total,total,1900-01,1899/1900,1900,1,24,3993,16754.3200601052,Bardu,2022-04-29
municip5417,1900-01-01,204,total,municip,2020,total,total,1900-01,1899/1900,1900,1,24,2087,9774.7963584092,Salangen,2022-04-29
municip5418,1900-01-01,1089,total,municip,2020,total,total,1900-01,1899/1900,1900,1,24,6599,16502.5003788453,Målselv,2022-04-29
municip5419,1900-01-01,457,total,municip,2020,total,total,1900-01,1899/1900,1900,1,24,3414,13386.057410662,Sørreisa,2022-04-29
municip5420,1900-01-01,122,total,municip,2020,total,total,1900-01,1899/1900,1900,1,24,1068,11423.2209737828,Dyrøy,2022-04-29
municip5421,1900-01-01,2722,total,municip,2020,total,total,1900-01,1899/1900,1900,1,24,14738,18469.2631293256,Senja,2022-04-29
municip5422,1900-01-01,630,total,municip,2020,total,total,1900-01,1899/1900,1900,1,24,5576,11298.4218077475,Balsfjord,2022-04-29
municip5423,1900-01-01,300,total,municip,2020,total,total,1900-01,1899/1900,1900,1,24,2179,13767.7833868747,Karlsøy,2022-04-29
municip5424,1900-01-01,319,total,municip,2020,total,total,1900-01,1899/1900,1900,1,24,2729,11689.2634664712,Lyngen,2022-04-29
municip5425,1900-01-01,193,total,municip,2020,total,total,1900-01,1899/1900,1900,1,24,1836,10511.9825708061,Storfjord - Omasvuotna - Omasvuono,2022-04-29
municip5426,1900-01-01,219,total,municip,2020,total,total,1900-01,1899/1900,1900,1,24,2012,10884.6918489066,Gáivuotna - Kåfjord - Kaivuono,2022-04-29
municip5427,1900-01-01,645,total,municip,2020,total,total,1900-01,1899/1900,1900,1,24,2804,23002.8530670471,Skjervøy,2022-04-29
municip5428,1900-01-01,690,total,municip,2020,total,total,1900-01,1899/1900,1900,1,24,4746,14538.5587863464,Nordreisa,2022-04-29
municip5429,1900-01-01,128,total,municip,2020,total,total,1900-01,1899/1900,1900,1,24,1159,11044.0034512511,Kvænangen,2022-04-29
municip5430,1900-01-01,641,total,municip,2020,total,total,1900-01,1899/1900,1900,1,24,2877,22280.1529370872,Guovdageaidnu - Kautokeino,2022-04-29
municip5432,1900-01-01,135,total,municip,2020,total,total,1900-01,1899/1900,1900,1,24,859,15715.9487776484,Loppa,2022-04-29
municip5433,1900-01-01,80,total,municip,2020,total,total,1900-01,1899/1900,1900,1,24,964,8298.75518672199,Hasvik,2022-04-29
municip5434,1900-01-01,253,total,municip,2020,total,total,1900-01,1899/1900,1900,1,24,1162,21772.8055077453,Måsøy,2022-04-29
municip5435,1900-01-01,414,total,municip,2020,total,total,1900-01,1899/1900,1900,1,24,2947,14048.1845945029,Nordkapp,2022-04-29
municip5436,1900-01-01,512,total,municip,2020,total,total,1900-01,1899/1900,1900,1,24,3904,13114.7540983607,Porsanger - Porsáŋgu - Porsanki,2022-04-29
municip5437,1900-01-01,303,total,municip,2020,total,total,1900-01,1899/1900,1900,1,24,2584,11726.0061919505,Kárášjohka - Karasjok,2022-04-29
municip5438,1900-01-01,252,total,municip,2020,total,total,1900-01,1899/1900,1900,1,24,1221,20638.8206388206,Lebesby,2022-04-29
municip5439,1900-01-01,134,total,municip,2020,total,total,1900-01,1899/1900,1900,1,24,1057,12677.3888363292,Gamvik,2022-04-29
municip5440,1900-01-01,95,total,municip,2020,total,total,1900-01,1899/1900,1900,1,24,906,10485.651214128,Berlevåg,2022-04-29
municip5441,1900-01-01,273,total,municip,2020,total,total,1900-01,1899/1900,1900,1,24,2821,9677.41935483871,Deatnu - Tana,2022-04-29
municip5442,1900-01-01,82,total,municip,2020,total,total,1900-01,1899/1900,1900,1,24,854,9601.87353629976,Unjárga - Nesseby,2022-04-29
municip5443,1900-01-01,439,total,municip,2020,total,total,1900-01,1899/1900,1900,1,24,2165,20277.1362586605,Båtsfjord,2022-04-29
municip5444,1900-01-01,1545,total,municip,2020,total,total,1900-01,1899/1900,1900,1,24,9925,15566.7506297229,Sør-Varanger,2022-04-29
norge,1900-01-01,1425462,total,nation,2020,total,total,1900-01,1899/1900,1900,1,24,5425270,26274.4895645747,Norge,2022-04-29
