granularity_time,granularity_geo,location_code,border,age,sex,year,week,yrwk,season,x,date,n_icu,n_hospital_main_cause,date_of_publishing
day,nation,norge,2020,total,total,2020,8,2020-08,2019/2020,31,2020-02-21,0,0,2022-07-27
day,nation,norge,2020,total,total,2020,8,2020-08,2019/2020,31,2020-02-22,0,0,2022-07-27
day,nation,norge,2020,total,total,2020,8,2020-08,2019/2020,31,2020-02-23,0,0,2022-07-27
day,nation,norge,2020,total,total,2020,9,2020-09,2019/2020,32,2020-02-24,0,0,2022-07-27
day,nation,norge,2020,total,total,2020,9,2020-09,2019/2020,32,2020-02-25,0,0,2022-07-27
day,nation,norge,2020,total,total,2020,9,2020-09,2019/2020,32,2020-02-26,0,0,2022-07-27
day,nation,norge,2020,total,total,2020,9,2020-09,2019/2020,32,2020-02-27,0,0,2022-07-27
day,nation,norge,2020,total,total,2020,9,2020-09,2019/2020,32,2020-02-28,0,0,2022-07-27
day,nation,norge,2020,total,total,2020,9,2020-09,2019/2020,32,2020-02-29,0,0,2022-07-27
day,nation,norge,2020,total,total,2020,9,2020-09,2019/2020,32,2020-03-01,0,0,2022-07-27
day,nation,norge,2020,total,total,2020,10,2020-10,2019/2020,33,2020-03-02,0,0,2022-07-27
day,nation,norge,2020,total,total,2020,10,2020-10,2019/2020,33,2020-03-03,0,0,2022-07-27
day,nation,norge,2020,total,total,2020,10,2020-10,2019/2020,33,2020-03-04,0,0,2022-07-27
day,nation,norge,2020,total,total,2020,10,2020-10,2019/2020,33,2020-03-05,0,0,2022-07-27
day,nation,norge,2020,total,total,2020,10,2020-10,2019/2020,33,2020-03-06,0,1,2022-07-27
day,nation,norge,2020,total,total,2020,10,2020-10,2019/2020,33,2020-03-07,0,0,2022-07-27
day,nation,norge,2020,total,total,2020,10,2020-10,2019/2020,33,2020-03-08,0,1,2022-07-27
day,nation,norge,2020,total,total,2020,11,2020-11,2019/2020,34,2020-03-09,0,3,2022-07-27
day,nation,norge,2020,total,total,2020,11,2020-11,2019/2020,34,2020-03-10,3,7,2022-07-27
day,nation,norge,2020,total,total,2020,11,2020-11,2019/2020,34,2020-03-11,2,8,2022-07-27
day,nation,norge,2020,total,total,2020,11,2020-11,2019/2020,34,2020-03-12,1,4,2022-07-27
day,nation,norge,2020,total,total,2020,11,2020-11,2019/2020,34,2020-03-13,1,9,2022-07-27
day,nation,norge,2020,total,total,2020,11,2020-11,2019/2020,34,2020-03-14,1,11,2022-07-27
day,nation,norge,2020,total,total,2020,11,2020-11,2019/2020,34,2020-03-15,3,8,2022-07-27
day,nation,norge,2020,total,total,2020,12,2020-12,2019/2020,35,2020-03-16,6,19,2022-07-27
day,nation,norge,2020,total,total,2020,12,2020-12,2019/2020,35,2020-03-17,4,19,2022-07-27
day,nation,norge,2020,total,total,2020,12,2020-12,2019/2020,35,2020-03-18,5,24,2022-07-27
day,nation,norge,2020,total,total,2020,12,2020-12,2019/2020,35,2020-03-19,6,38,2022-07-27
day,nation,norge,2020,total,total,2020,12,2020-12,2019/2020,35,2020-03-20,9,32,2022-07-27
day,nation,norge,2020,total,total,2020,12,2020-12,2019/2020,35,2020-03-21,6,28,2022-07-27
day,nation,norge,2020,total,total,2020,12,2020-12,2019/2020,35,2020-03-22,8,28,2022-07-27
day,nation,norge,2020,total,total,2020,13,2020-13,2019/2020,36,2020-03-23,11,43,2022-07-27
day,nation,norge,2020,total,total,2020,13,2020-13,2019/2020,36,2020-03-24,14,46,2022-07-27
day,nation,norge,2020,total,total,2020,13,2020-13,2019/2020,36,2020-03-25,17,60,2022-07-27
day,nation,norge,2020,total,total,2020,13,2020-13,2019/2020,36,2020-03-26,9,45,2022-07-27
day,nation,norge,2020,total,total,2020,13,2020-13,2019/2020,36,2020-03-27,13,36,2022-07-27
day,nation,norge,2020,total,total,2020,13,2020-13,2019/2020,36,2020-03-28,7,34,2022-07-27
day,nation,norge,2020,total,total,2020,13,2020-13,2019/2020,36,2020-03-29,6,24,2022-07-27
day,nation,norge,2020,total,total,2020,14,2020-14,2019/2020,37,2020-03-30,9,33,2022-07-27
day,nation,norge,2020,total,total,2020,14,2020-14,2019/2020,37,2020-03-31,7,38,2022-07-27
day,nation,norge,2020,total,total,2020,14,2020-14,2019/2020,37,2020-04-01,4,27,2022-07-27
day,nation,norge,2020,total,total,2020,14,2020-14,2019/2020,37,2020-04-02,4,37,2022-07-27
day,nation,norge,2020,total,total,2020,14,2020-14,2019/2020,37,2020-04-03,5,21,2022-07-27
day,nation,norge,2020,total,total,2020,14,2020-14,2019/2020,37,2020-04-04,3,27,2022-07-27
day,nation,norge,2020,total,total,2020,14,2020-14,2019/2020,37,2020-04-05,4,14,2022-07-27
day,nation,norge,2020,total,total,2020,15,2020-15,2019/2020,38,2020-04-06,1,19,2022-07-27
day,nation,norge,2020,total,total,2020,15,2020-15,2019/2020,38,2020-04-07,2,14,2022-07-27
day,nation,norge,2020,total,total,2020,15,2020-15,2019/2020,38,2020-04-08,2,22,2022-07-27
day,nation,norge,2020,total,total,2020,15,2020-15,2019/2020,38,2020-04-09,2,10,2022-07-27
day,nation,norge,2020,total,total,2020,15,2020-15,2019/2020,38,2020-04-10,2,6,2022-07-27
day,nation,norge,2020,total,total,2020,15,2020-15,2019/2020,38,2020-04-11,2,11,2022-07-27
day,nation,norge,2020,total,total,2020,15,2020-15,2019/2020,38,2020-04-12,1,9,2022-07-27
day,nation,norge,2020,total,total,2020,16,2020-16,2019/2020,39,2020-04-13,0,10,2022-07-27
day,nation,norge,2020,total,total,2020,16,2020-16,2019/2020,39,2020-04-14,2,11,2022-07-27
day,nation,norge,2020,total,total,2020,16,2020-16,2019/2020,39,2020-04-15,4,12,2022-07-27
day,nation,norge,2020,total,total,2020,16,2020-16,2019/2020,39,2020-04-16,3,4,2022-07-27
day,nation,norge,2020,total,total,2020,16,2020-16,2019/2020,39,2020-04-17,1,15,2022-07-27
day,nation,norge,2020,total,total,2020,16,2020-16,2019/2020,39,2020-04-18,2,9,2022-07-27
day,nation,norge,2020,total,total,2020,16,2020-16,2019/2020,39,2020-04-19,3,5,2022-07-27
day,nation,norge,2020,total,total,2020,17,2020-17,2019/2020,40,2020-04-20,1,5,2022-07-27
day,nation,norge,2020,total,total,2020,17,2020-17,2019/2020,40,2020-04-21,1,4,2022-07-27
day,nation,norge,2020,total,total,2020,17,2020-17,2019/2020,40,2020-04-22,3,8,2022-07-27
day,nation,norge,2020,total,total,2020,17,2020-17,2019/2020,40,2020-04-23,4,5,2022-07-27
day,nation,norge,2020,total,total,2020,17,2020-17,2019/2020,40,2020-04-24,2,8,2022-07-27
day,nation,norge,2020,total,total,2020,17,2020-17,2019/2020,40,2020-04-25,1,4,2022-07-27
day,nation,norge,2020,total,total,2020,17,2020-17,2019/2020,40,2020-04-26,1,6,2022-07-27
day,nation,norge,2020,total,total,2020,18,2020-18,2019/2020,41,2020-04-27,1,2,2022-07-27
day,nation,norge,2020,total,total,2020,18,2020-18,2019/2020,41,2020-04-28,1,7,2022-07-27
day,nation,norge,2020,total,total,2020,18,2020-18,2019/2020,41,2020-04-29,0,0,2022-07-27
day,nation,norge,2020,total,total,2020,18,2020-18,2019/2020,41,2020-04-30,0,2,2022-07-27
day,nation,norge,2020,total,total,2020,18,2020-18,2019/2020,41,2020-05-01,1,2,2022-07-27
day,nation,norge,2020,total,total,2020,18,2020-18,2019/2020,41,2020-05-02,0,2,2022-07-27
day,nation,norge,2020,total,total,2020,18,2020-18,2019/2020,41,2020-05-03,0,1,2022-07-27
day,nation,norge,2020,total,total,2020,19,2020-19,2019/2020,42,2020-05-04,0,2,2022-07-27
day,nation,norge,2020,total,total,2020,19,2020-19,2019/2020,42,2020-05-05,1,3,2022-07-27
day,nation,norge,2020,total,total,2020,19,2020-19,2019/2020,42,2020-05-06,1,4,2022-07-27
day,nation,norge,2020,total,total,2020,19,2020-19,2019/2020,42,2020-05-07,0,2,2022-07-27
day,nation,norge,2020,total,total,2020,19,2020-19,2019/2020,42,2020-05-08,1,4,2022-07-27
day,nation,norge,2020,total,total,2020,19,2020-19,2019/2020,42,2020-05-09,0,1,2022-07-27
day,nation,norge,2020,total,total,2020,19,2020-19,2019/2020,42,2020-05-10,1,1,2022-07-27
day,nation,norge,2020,total,total,2020,20,2020-20,2019/2020,43,2020-05-11,1,2,2022-07-27
day,nation,norge,2020,total,total,2020,20,2020-20,2019/2020,43,2020-05-12,0,3,2022-07-27
day,nation,norge,2020,total,total,2020,20,2020-20,2019/2020,43,2020-05-13,0,3,2022-07-27
day,nation,norge,2020,total,total,2020,20,2020-20,2019/2020,43,2020-05-14,0,2,2022-07-27
day,nation,norge,2020,total,total,2020,20,2020-20,2019/2020,43,2020-05-15,1,1,2022-07-27
day,nation,norge,2020,total,total,2020,20,2020-20,2019/2020,43,2020-05-16,1,0,2022-07-27
day,nation,norge,2020,total,total,2020,20,2020-20,2019/2020,43,2020-05-17,0,0,2022-07-27
day,nation,norge,2020,total,total,2020,21,2020-21,2019/2020,44,2020-05-18,0,5,2022-07-27
day,nation,norge,2020,total,total,2020,21,2020-21,2019/2020,44,2020-05-19,0,1,2022-07-27
day,nation,norge,2020,total,total,2020,21,2020-21,2019/2020,44,2020-05-20,0,1,2022-07-27
day,nation,norge,2020,total,total,2020,21,2020-21,2019/2020,44,2020-05-21,0,2,2022-07-27
day,nation,norge,2020,total,total,2020,21,2020-21,2019/2020,44,2020-05-22,1,1,2022-07-27
day,nation,norge,2020,total,total,2020,21,2020-21,2019/2020,44,2020-05-23,0,0,2022-07-27
day,nation,norge,2020,total,total,2020,21,2020-21,2019/2020,44,2020-05-24,0,0,2022-07-27
day,nation,norge,2020,total,total,2020,22,2020-22,2019/2020,45,2020-05-25,0,0,2022-07-27
day,nation,norge,2020,total,total,2020,22,2020-22,2019/2020,45,2020-05-26,0,1,2022-07-27
day,nation,norge,2020,total,total,2020,22,2020-22,2019/2020,45,2020-05-27,0,4,2022-07-27
day,nation,norge,2020,total,total,2020,22,2020-22,2019/2020,45,2020-05-28,0,2,2022-07-27
day,nation,norge,2020,total,total,2020,22,2020-22,2019/2020,45,2020-05-29,1,1,2022-07-27
day,nation,norge,2020,total,total,2020,22,2020-22,2019/2020,45,2020-05-30,0,0,2022-07-27
day,nation,norge,2020,total,total,2020,22,2020-22,2019/2020,45,2020-05-31,0,2,2022-07-27
day,nation,norge,2020,total,total,2020,23,2020-23,2019/2020,46,2020-06-01,0,1,2022-07-27
day,nation,norge,2020,total,total,2020,23,2020-23,2019/2020,46,2020-06-02,0,0,2022-07-27
day,nation,norge,2020,total,total,2020,23,2020-23,2019/2020,46,2020-06-03,0,0,2022-07-27
day,nation,norge,2020,total,total,2020,23,2020-23,2019/2020,46,2020-06-04,0,0,2022-07-27
day,nation,norge,2020,total,total,2020,23,2020-23,2019/2020,46,2020-06-05,0,1,2022-07-27
day,nation,norge,2020,total,total,2020,23,2020-23,2019/2020,46,2020-06-06,0,0,2022-07-27
day,nation,norge,2020,total,total,2020,23,2020-23,2019/2020,46,2020-06-07,0,0,2022-07-27
day,nation,norge,2020,total,total,2020,24,2020-24,2019/2020,47,2020-06-08,0,1,2022-07-27
day,nation,norge,2020,total,total,2020,24,2020-24,2019/2020,47,2020-06-09,0,2,2022-07-27
day,nation,norge,2020,total,total,2020,24,2020-24,2019/2020,47,2020-06-10,0,1,2022-07-27
day,nation,norge,2020,total,total,2020,24,2020-24,2019/2020,47,2020-06-11,2,2,2022-07-27
day,nation,norge,2020,total,total,2020,24,2020-24,2019/2020,47,2020-06-12,0,1,2022-07-27
day,nation,norge,2020,total,total,2020,24,2020-24,2019/2020,47,2020-06-13,1,0,2022-07-27
day,nation,norge,2020,total,total,2020,24,2020-24,2019/2020,47,2020-06-14,1,1,2022-07-27
day,nation,norge,2020,total,total,2020,25,2020-25,2019/2020,48,2020-06-15,0,1,2022-07-27
day,nation,norge,2020,total,total,2020,25,2020-25,2019/2020,48,2020-06-16,0,1,2022-07-27
day,nation,norge,2020,total,total,2020,25,2020-25,2019/2020,48,2020-06-17,0,3,2022-07-27
day,nation,norge,2020,total,total,2020,25,2020-25,2019/2020,48,2020-06-18,0,1,2022-07-27
day,nation,norge,2020,total,total,2020,25,2020-25,2019/2020,48,2020-06-19,2,1,2022-07-27
day,nation,norge,2020,total,total,2020,25,2020-25,2019/2020,48,2020-06-20,0,0,2022-07-27
day,nation,norge,2020,total,total,2020,25,2020-25,2019/2020,48,2020-06-21,0,0,2022-07-27
day,nation,norge,2020,total,total,2020,26,2020-26,2019/2020,49,2020-06-22,0,2,2022-07-27
day,nation,norge,2020,total,total,2020,26,2020-26,2019/2020,49,2020-06-23,0,1,2022-07-27
day,nation,norge,2020,total,total,2020,26,2020-26,2019/2020,49,2020-06-24,0,2,2022-07-27
day,nation,norge,2020,total,total,2020,26,2020-26,2019/2020,49,2020-06-25,0,1,2022-07-27
day,nation,norge,2020,total,total,2020,26,2020-26,2019/2020,49,2020-06-26,0,3,2022-07-27
day,nation,norge,2020,total,total,2020,26,2020-26,2019/2020,49,2020-06-27,0,2,2022-07-27
day,nation,norge,2020,total,total,2020,26,2020-26,2019/2020,49,2020-06-28,0,2,2022-07-27
day,nation,norge,2020,total,total,2020,27,2020-27,2019/2020,50,2020-06-29,0,0,2022-07-27
day,nation,norge,2020,total,total,2020,27,2020-27,2019/2020,50,2020-06-30,1,2,2022-07-27
day,nation,norge,2020,total,total,2020,27,2020-27,2019/2020,50,2020-07-01,0,0,2022-07-27
day,nation,norge,2020,total,total,2020,27,2020-27,2019/2020,50,2020-07-02,0,2,2022-07-27
day,nation,norge,2020,total,total,2020,27,2020-27,2019/2020,50,2020-07-03,0,1,2022-07-27
day,nation,norge,2020,total,total,2020,27,2020-27,2019/2020,50,2020-07-04,0,0,2022-07-27
day,nation,norge,2020,total,total,2020,27,2020-27,2019/2020,50,2020-07-05,0,1,2022-07-27
day,nation,norge,2020,total,total,2020,28,2020-28,2019/2020,51,2020-07-06,0,0,2022-07-27
day,nation,norge,2020,total,total,2020,28,2020-28,2019/2020,51,2020-07-07,1,0,2022-07-27
day,nation,norge,2020,total,total,2020,28,2020-28,2019/2020,51,2020-07-08,0,1,2022-07-27
day,nation,norge,2020,total,total,2020,28,2020-28,2019/2020,51,2020-07-09,0,0,2022-07-27
day,nation,norge,2020,total,total,2020,28,2020-28,2019/2020,51,2020-07-10,0,0,2022-07-27
day,nation,norge,2020,total,total,2020,28,2020-28,2019/2020,51,2020-07-11,0,1,2022-07-27
day,nation,norge,2020,total,total,2020,28,2020-28,2019/2020,51,2020-07-12,0,0,2022-07-27
day,nation,norge,2020,total,total,2020,29,2020-29,2019/2020,52,2020-07-13,0,2,2022-07-27
day,nation,norge,2020,total,total,2020,29,2020-29,2019/2020,52,2020-07-14,0,0,2022-07-27
day,nation,norge,2020,total,total,2020,29,2020-29,2019/2020,52,2020-07-15,0,1,2022-07-27
day,nation,norge,2020,total,total,2020,29,2020-29,2019/2020,52,2020-07-16,0,2,2022-07-27
day,nation,norge,2020,total,total,2020,29,2020-29,2019/2020,52,2020-07-17,1,1,2022-07-27
day,nation,norge,2020,total,total,2020,29,2020-29,2019/2020,52,2020-07-18,0,2,2022-07-27
day,nation,norge,2020,total,total,2020,29,2020-29,2019/2020,52,2020-07-19,0,0,2022-07-27
day,nation,norge,2020,total,total,2020,30,2020-30,2020/2021,1,2020-07-20,0,0,2022-07-27
day,nation,norge,2020,total,total,2020,30,2020-30,2020/2021,1,2020-07-21,0,0,2022-07-27
day,nation,norge,2020,total,total,2020,30,2020-30,2020/2021,1,2020-07-22,0,0,2022-07-27
day,nation,norge,2020,total,total,2020,30,2020-30,2020/2021,1,2020-07-23,0,0,2022-07-27
day,nation,norge,2020,total,total,2020,30,2020-30,2020/2021,1,2020-07-24,1,2,2022-07-27
day,nation,norge,2020,total,total,2020,30,2020-30,2020/2021,1,2020-07-25,0,0,2022-07-27
day,nation,norge,2020,total,total,2020,30,2020-30,2020/2021,1,2020-07-26,0,1,2022-07-27
day,nation,norge,2020,total,total,2020,31,2020-31,2020/2021,2,2020-07-27,0,1,2022-07-27
day,nation,norge,2020,total,total,2020,31,2020-31,2020/2021,2,2020-07-28,0,0,2022-07-27
day,nation,norge,2020,total,total,2020,31,2020-31,2020/2021,2,2020-07-29,0,0,2022-07-27
day,nation,norge,2020,total,total,2020,31,2020-31,2020/2021,2,2020-07-30,0,2,2022-07-27
day,nation,norge,2020,total,total,2020,31,2020-31,2020/2021,2,2020-07-31,0,5,2022-07-27
day,nation,norge,2020,total,total,2020,31,2020-31,2020/2021,2,2020-08-01,0,2,2022-07-27
day,nation,norge,2020,total,total,2020,31,2020-31,2020/2021,2,2020-08-02,0,1,2022-07-27
day,nation,norge,2020,total,total,2020,32,2020-32,2020/2021,3,2020-08-03,0,2,2022-07-27
day,nation,norge,2020,total,total,2020,32,2020-32,2020/2021,3,2020-08-04,0,1,2022-07-27
day,nation,norge,2020,total,total,2020,32,2020-32,2020/2021,3,2020-08-05,0,5,2022-07-27
day,nation,norge,2020,total,total,2020,32,2020-32,2020/2021,3,2020-08-06,0,2,2022-07-27
day,nation,norge,2020,total,total,2020,32,2020-32,2020/2021,3,2020-08-07,1,1,2022-07-27
day,nation,norge,2020,total,total,2020,32,2020-32,2020/2021,3,2020-08-08,0,3,2022-07-27
day,nation,norge,2020,total,total,2020,32,2020-32,2020/2021,3,2020-08-09,0,2,2022-07-27
day,nation,norge,2020,total,total,2020,33,2020-33,2020/2021,4,2020-08-10,0,3,2022-07-27
day,nation,norge,2020,total,total,2020,33,2020-33,2020/2021,4,2020-08-11,0,1,2022-07-27
day,nation,norge,2020,total,total,2020,33,2020-33,2020/2021,4,2020-08-12,0,0,2022-07-27
day,nation,norge,2020,total,total,2020,33,2020-33,2020/2021,4,2020-08-13,1,0,2022-07-27
day,nation,norge,2020,total,total,2020,33,2020-33,2020/2021,4,2020-08-14,0,1,2022-07-27
day,nation,norge,2020,total,total,2020,33,2020-33,2020/2021,4,2020-08-15,0,3,2022-07-27
day,nation,norge,2020,total,total,2020,33,2020-33,2020/2021,4,2020-08-16,0,2,2022-07-27
day,nation,norge,2020,total,total,2020,34,2020-34,2020/2021,5,2020-08-17,0,1,2022-07-27
day,nation,norge,2020,total,total,2020,34,2020-34,2020/2021,5,2020-08-18,0,1,2022-07-27
day,nation,norge,2020,total,total,2020,34,2020-34,2020/2021,5,2020-08-19,0,1,2022-07-27
day,nation,norge,2020,total,total,2020,34,2020-34,2020/2021,5,2020-08-20,0,3,2022-07-27
day,nation,norge,2020,total,total,2020,34,2020-34,2020/2021,5,2020-08-21,1,3,2022-07-27
day,nation,norge,2020,total,total,2020,34,2020-34,2020/2021,5,2020-08-22,0,2,2022-07-27
day,nation,norge,2020,total,total,2020,34,2020-34,2020/2021,5,2020-08-23,0,1,2022-07-27
day,nation,norge,2020,total,total,2020,35,2020-35,2020/2021,6,2020-08-24,0,3,2022-07-27
day,nation,norge,2020,total,total,2020,35,2020-35,2020/2021,6,2020-08-25,0,1,2022-07-27
day,nation,norge,2020,total,total,2020,35,2020-35,2020/2021,6,2020-08-26,0,2,2022-07-27
day,nation,norge,2020,total,total,2020,35,2020-35,2020/2021,6,2020-08-27,0,3,2022-07-27
day,nation,norge,2020,total,total,2020,35,2020-35,2020/2021,6,2020-08-28,1,2,2022-07-27
day,nation,norge,2020,total,total,2020,35,2020-35,2020/2021,6,2020-08-29,0,1,2022-07-27
day,nation,norge,2020,total,total,2020,35,2020-35,2020/2021,6,2020-08-30,0,0,2022-07-27
day,nation,norge,2020,total,total,2020,36,2020-36,2020/2021,7,2020-08-31,0,1,2022-07-27
day,nation,norge,2020,total,total,2020,36,2020-36,2020/2021,7,2020-09-01,0,2,2022-07-27
day,nation,norge,2020,total,total,2020,36,2020-36,2020/2021,7,2020-09-02,0,2,2022-07-27
day,nation,norge,2020,total,total,2020,36,2020-36,2020/2021,7,2020-09-03,0,2,2022-07-27
day,nation,norge,2020,total,total,2020,36,2020-36,2020/2021,7,2020-09-04,0,3,2022-07-27
day,nation,norge,2020,total,total,2020,36,2020-36,2020/2021,7,2020-09-05,1,0,2022-07-27
day,nation,norge,2020,total,total,2020,36,2020-36,2020/2021,7,2020-09-06,0,2,2022-07-27
day,nation,norge,2020,total,total,2020,37,2020-37,2020/2021,8,2020-09-07,0,4,2022-07-27
day,nation,norge,2020,total,total,2020,37,2020-37,2020/2021,8,2020-09-08,0,2,2022-07-27
day,nation,norge,2020,total,total,2020,37,2020-37,2020/2021,8,2020-09-09,0,4,2022-07-27
day,nation,norge,2020,total,total,2020,37,2020-37,2020/2021,8,2020-09-10,0,4,2022-07-27
day,nation,norge,2020,total,total,2020,37,2020-37,2020/2021,8,2020-09-11,0,3,2022-07-27
day,nation,norge,2020,total,total,2020,37,2020-37,2020/2021,8,2020-09-12,1,2,2022-07-27
day,nation,norge,2020,total,total,2020,37,2020-37,2020/2021,8,2020-09-13,1,1,2022-07-27
day,nation,norge,2020,total,total,2020,38,2020-38,2020/2021,9,2020-09-14,1,6,2022-07-27
day,nation,norge,2020,total,total,2020,38,2020-38,2020/2021,9,2020-09-15,1,1,2022-07-27
day,nation,norge,2020,total,total,2020,38,2020-38,2020/2021,9,2020-09-16,0,4,2022-07-27
day,nation,norge,2020,total,total,2020,38,2020-38,2020/2021,9,2020-09-17,0,2,2022-07-27
day,nation,norge,2020,total,total,2020,38,2020-38,2020/2021,9,2020-09-18,0,3,2022-07-27
day,nation,norge,2020,total,total,2020,38,2020-38,2020/2021,9,2020-09-19,0,5,2022-07-27
day,nation,norge,2020,total,total,2020,38,2020-38,2020/2021,9,2020-09-20,0,2,2022-07-27
day,nation,norge,2020,total,total,2020,39,2020-39,2020/2021,10,2020-09-21,1,3,2022-07-27
day,nation,norge,2020,total,total,2020,39,2020-39,2020/2021,10,2020-09-22,0,3,2022-07-27
day,nation,norge,2020,total,total,2020,39,2020-39,2020/2021,10,2020-09-23,1,3,2022-07-27
day,nation,norge,2020,total,total,2020,39,2020-39,2020/2021,10,2020-09-24,0,3,2022-07-27
day,nation,norge,2020,total,total,2020,39,2020-39,2020/2021,10,2020-09-25,1,1,2022-07-27
day,nation,norge,2020,total,total,2020,39,2020-39,2020/2021,10,2020-09-26,0,1,2022-07-27
day,nation,norge,2020,total,total,2020,39,2020-39,2020/2021,10,2020-09-27,0,1,2022-07-27
day,nation,norge,2020,total,total,2020,40,2020-40,2020/2021,11,2020-09-28,1,6,2022-07-27
day,nation,norge,2020,total,total,2020,40,2020-40,2020/2021,11,2020-09-29,0,4,2022-07-27
day,nation,norge,2020,total,total,2020,40,2020-40,2020/2021,11,2020-09-30,0,3,2022-07-27
day,nation,norge,2020,total,total,2020,40,2020-40,2020/2021,11,2020-10-01,1,5,2022-07-27
day,nation,norge,2020,total,total,2020,40,2020-40,2020/2021,11,2020-10-02,0,4,2022-07-27
day,nation,norge,2020,total,total,2020,40,2020-40,2020/2021,11,2020-10-03,0,0,2022-07-27
day,nation,norge,2020,total,total,2020,40,2020-40,2020/2021,11,2020-10-04,1,1,2022-07-27
day,nation,norge,2020,total,total,2020,41,2020-41,2020/2021,12,2020-10-05,0,2,2022-07-27
day,nation,norge,2020,total,total,2020,41,2020-41,2020/2021,12,2020-10-06,0,1,2022-07-27
day,nation,norge,2020,total,total,2020,41,2020-41,2020/2021,12,2020-10-07,2,5,2022-07-27
day,nation,norge,2020,total,total,2020,41,2020-41,2020/2021,12,2020-10-08,0,3,2022-07-27
day,nation,norge,2020,total,total,2020,41,2020-41,2020/2021,12,2020-10-09,0,10,2022-07-27
day,nation,norge,2020,total,total,2020,41,2020-41,2020/2021,12,2020-10-10,0,4,2022-07-27
day,nation,norge,2020,total,total,2020,41,2020-41,2020/2021,12,2020-10-11,0,7,2022-07-27
day,nation,norge,2020,total,total,2020,42,2020-42,2020/2021,13,2020-10-12,1,4,2022-07-27
day,nation,norge,2020,total,total,2020,42,2020-42,2020/2021,13,2020-10-13,1,2,2022-07-27
day,nation,norge,2020,total,total,2020,42,2020-42,2020/2021,13,2020-10-14,1,1,2022-07-27
day,nation,norge,2020,total,total,2020,42,2020-42,2020/2021,13,2020-10-15,0,3,2022-07-27
day,nation,norge,2020,total,total,2020,42,2020-42,2020/2021,13,2020-10-16,0,5,2022-07-27
day,nation,norge,2020,total,total,2020,42,2020-42,2020/2021,13,2020-10-17,2,4,2022-07-27
day,nation,norge,2020,total,total,2020,42,2020-42,2020/2021,13,2020-10-18,1,3,2022-07-27
day,nation,norge,2020,total,total,2020,43,2020-43,2020/2021,14,2020-10-19,0,1,2022-07-27
day,nation,norge,2020,total,total,2020,43,2020-43,2020/2021,14,2020-10-20,0,8,2022-07-27
day,nation,norge,2020,total,total,2020,43,2020-43,2020/2021,14,2020-10-21,1,10,2022-07-27
day,nation,norge,2020,total,total,2020,43,2020-43,2020/2021,14,2020-10-22,2,5,2022-07-27
day,nation,norge,2020,total,total,2020,43,2020-43,2020/2021,14,2020-10-23,0,4,2022-07-27
day,nation,norge,2020,total,total,2020,43,2020-43,2020/2021,14,2020-10-24,1,7,2022-07-27
day,nation,norge,2020,total,total,2020,43,2020-43,2020/2021,14,2020-10-25,0,8,2022-07-27
day,nation,norge,2020,total,total,2020,44,2020-44,2020/2021,15,2020-10-26,1,12,2022-07-27
day,nation,norge,2020,total,total,2020,44,2020-44,2020/2021,15,2020-10-27,2,5,2022-07-27
day,nation,norge,2020,total,total,2020,44,2020-44,2020/2021,15,2020-10-28,0,7,2022-07-27
day,nation,norge,2020,total,total,2020,44,2020-44,2020/2021,15,2020-10-29,1,13,2022-07-27
day,nation,norge,2020,total,total,2020,44,2020-44,2020/2021,15,2020-10-30,1,6,2022-07-27
day,nation,norge,2020,total,total,2020,44,2020-44,2020/2021,15,2020-10-31,0,6,2022-07-27
day,nation,norge,2020,total,total,2020,44,2020-44,2020/2021,15,2020-11-01,0,5,2022-07-27
day,nation,norge,2020,total,total,2020,45,2020-45,2020/2021,16,2020-11-02,2,13,2022-07-27
day,nation,norge,2020,total,total,2020,45,2020-45,2020/2021,16,2020-11-03,6,18,2022-07-27
day,nation,norge,2020,total,total,2020,45,2020-45,2020/2021,16,2020-11-04,2,9,2022-07-27
day,nation,norge,2020,total,total,2020,45,2020-45,2020/2021,16,2020-11-05,3,18,2022-07-27
day,nation,norge,2020,total,total,2020,45,2020-45,2020/2021,16,2020-11-06,3,18,2022-07-27
day,nation,norge,2020,total,total,2020,45,2020-45,2020/2021,16,2020-11-07,0,12,2022-07-27
day,nation,norge,2020,total,total,2020,45,2020-45,2020/2021,16,2020-11-08,1,10,2022-07-27
day,nation,norge,2020,total,total,2020,46,2020-46,2020/2021,17,2020-11-09,1,15,2022-07-27
day,nation,norge,2020,total,total,2020,46,2020-46,2020/2021,17,2020-11-10,1,13,2022-07-27
day,nation,norge,2020,total,total,2020,46,2020-46,2020/2021,17,2020-11-11,2,21,2022-07-27
day,nation,norge,2020,total,total,2020,46,2020-46,2020/2021,17,2020-11-12,4,18,2022-07-27
day,nation,norge,2020,total,total,2020,46,2020-46,2020/2021,17,2020-11-13,1,20,2022-07-27
day,nation,norge,2020,total,total,2020,46,2020-46,2020/2021,17,2020-11-14,4,10,2022-07-27
day,nation,norge,2020,total,total,2020,46,2020-46,2020/2021,17,2020-11-15,4,13,2022-07-27
day,nation,norge,2020,total,total,2020,47,2020-47,2020/2021,18,2020-11-16,4,19,2022-07-27
day,nation,norge,2020,total,total,2020,47,2020-47,2020/2021,18,2020-11-17,4,16,2022-07-27
day,nation,norge,2020,total,total,2020,47,2020-47,2020/2021,18,2020-11-18,2,12,2022-07-27
day,nation,norge,2020,total,total,2020,47,2020-47,2020/2021,18,2020-11-19,4,16,2022-07-27
day,nation,norge,2020,total,total,2020,47,2020-47,2020/2021,18,2020-11-20,2,13,2022-07-27
day,nation,norge,2020,total,total,2020,47,2020-47,2020/2021,18,2020-11-21,4,18,2022-07-27
day,nation,norge,2020,total,total,2020,47,2020-47,2020/2021,18,2020-11-22,4,15,2022-07-27
day,nation,norge,2020,total,total,2020,48,2020-48,2020/2021,19,2020-11-23,2,15,2022-07-27
day,nation,norge,2020,total,total,2020,48,2020-48,2020/2021,19,2020-11-24,2,13,2022-07-27
day,nation,norge,2020,total,total,2020,48,2020-48,2020/2021,19,2020-11-25,3,19,2022-07-27
day,nation,norge,2020,total,total,2020,48,2020-48,2020/2021,19,2020-11-26,1,10,2022-07-27
day,nation,norge,2020,total,total,2020,48,2020-48,2020/2021,19,2020-11-27,1,17,2022-07-27
day,nation,norge,2020,total,total,2020,48,2020-48,2020/2021,19,2020-11-28,3,14,2022-07-27
day,nation,norge,2020,total,total,2020,48,2020-48,2020/2021,19,2020-11-29,2,7,2022-07-27
day,nation,norge,2020,total,total,2020,49,2020-49,2020/2021,20,2020-11-30,3,15,2022-07-27
day,nation,norge,2020,total,total,2020,49,2020-49,2020/2021,20,2020-12-01,3,18,2022-07-27
day,nation,norge,2020,total,total,2020,49,2020-49,2020/2021,20,2020-12-02,2,11,2022-07-27
day,nation,norge,2020,total,total,2020,49,2020-49,2020/2021,20,2020-12-03,2,15,2022-07-27
day,nation,norge,2020,total,total,2020,49,2020-49,2020/2021,20,2020-12-04,3,25,2022-07-27
day,nation,norge,2020,total,total,2020,49,2020-49,2020/2021,20,2020-12-05,1,10,2022-07-27
day,nation,norge,2020,total,total,2020,49,2020-49,2020/2021,20,2020-12-06,5,17,2022-07-27
day,nation,norge,2020,total,total,2020,50,2020-50,2020/2021,21,2020-12-07,3,13,2022-07-27
day,nation,norge,2020,total,total,2020,50,2020-50,2020/2021,21,2020-12-08,3,16,2022-07-27
day,nation,norge,2020,total,total,2020,50,2020-50,2020/2021,21,2020-12-09,0,11,2022-07-27
day,nation,norge,2020,total,total,2020,50,2020-50,2020/2021,21,2020-12-10,3,15,2022-07-27
day,nation,norge,2020,total,total,2020,50,2020-50,2020/2021,21,2020-12-11,6,7,2022-07-27
day,nation,norge,2020,total,total,2020,50,2020-50,2020/2021,21,2020-12-12,2,12,2022-07-27
day,nation,norge,2020,total,total,2020,50,2020-50,2020/2021,21,2020-12-13,3,8,2022-07-27
day,nation,norge,2020,total,total,2020,51,2020-51,2020/2021,22,2020-12-14,2,11,2022-07-27
day,nation,norge,2020,total,total,2020,51,2020-51,2020/2021,22,2020-12-15,1,20,2022-07-27
day,nation,norge,2020,total,total,2020,51,2020-51,2020/2021,22,2020-12-16,4,6,2022-07-27
day,nation,norge,2020,total,total,2020,51,2020-51,2020/2021,22,2020-12-17,2,14,2022-07-27
day,nation,norge,2020,total,total,2020,51,2020-51,2020/2021,22,2020-12-18,3,20,2022-07-27
day,nation,norge,2020,total,total,2020,51,2020-51,2020/2021,22,2020-12-19,1,10,2022-07-27
day,nation,norge,2020,total,total,2020,51,2020-51,2020/2021,22,2020-12-20,1,18,2022-07-27
day,nation,norge,2020,total,total,2020,52,2020-52,2020/2021,23,2020-12-21,2,11,2022-07-27
day,nation,norge,2020,total,total,2020,52,2020-52,2020/2021,23,2020-12-22,4,9,2022-07-27
day,nation,norge,2020,total,total,2020,52,2020-52,2020/2021,23,2020-12-23,2,11,2022-07-27
day,nation,norge,2020,total,total,2020,52,2020-52,2020/2021,23,2020-12-24,3,8,2022-07-27
day,nation,norge,2020,total,total,2020,52,2020-52,2020/2021,23,2020-12-25,1,13,2022-07-27
day,nation,norge,2020,total,total,2020,52,2020-52,2020/2021,23,2020-12-26,1,10,2022-07-27
day,nation,norge,2020,total,total,2020,52,2020-52,2020/2021,23,2020-12-27,1,16,2022-07-27
day,nation,norge,2020,total,total,2020,53,2020-53,2020/2021,23.5,2020-12-28,2,23,2022-07-27
day,nation,norge,2020,total,total,2020,53,2020-53,2020/2021,23.5,2020-12-29,0,16,2022-07-27
day,nation,norge,2020,total,total,2020,53,2020-53,2020/2021,23.5,2020-12-30,2,14,2022-07-27
day,nation,norge,2020,total,total,2020,53,2020-53,2020/2021,23.5,2020-12-31,1,12,2022-07-27
day,nation,norge,2020,total,total,2020,53,2020-53,2020/2021,23.5,2021-01-01,2,15,2022-07-27
day,nation,norge,2020,total,total,2020,53,2020-53,2020/2021,23.5,2021-01-02,2,10,2022-07-27
day,nation,norge,2020,total,total,2020,53,2020-53,2020/2021,23.5,2021-01-03,2,8,2022-07-27
day,nation,norge,2020,total,total,2021,1,2021-01,2020/2021,24,2021-01-04,5,15,2022-07-27
day,nation,norge,2020,total,total,2021,1,2021-01,2020/2021,24,2021-01-05,4,9,2022-07-27
day,nation,norge,2020,total,total,2021,1,2021-01,2020/2021,24,2021-01-06,1,8,2022-07-27
day,nation,norge,2020,total,total,2021,1,2021-01,2020/2021,24,2021-01-07,2,19,2022-07-27
day,nation,norge,2020,total,total,2021,1,2021-01,2020/2021,24,2021-01-08,5,14,2022-07-27
day,nation,norge,2020,total,total,2021,1,2021-01,2020/2021,24,2021-01-09,3,16,2022-07-27
day,nation,norge,2020,total,total,2021,1,2021-01,2020/2021,24,2021-01-10,2,10,2022-07-27
day,nation,norge,2020,total,total,2021,2,2021-02,2020/2021,25,2021-01-11,3,12,2022-07-27
day,nation,norge,2020,total,total,2021,2,2021-02,2020/2021,25,2021-01-12,0,17,2022-07-27
day,nation,norge,2020,total,total,2021,2,2021-02,2020/2021,25,2021-01-13,3,22,2022-07-27
day,nation,norge,2020,total,total,2021,2,2021-02,2020/2021,25,2021-01-14,3,11,2022-07-27
day,nation,norge,2020,total,total,2021,2,2021-02,2020/2021,25,2021-01-15,2,14,2022-07-27
day,nation,norge,2020,total,total,2021,2,2021-02,2020/2021,25,2021-01-16,4,9,2022-07-27
day,nation,norge,2020,total,total,2021,2,2021-02,2020/2021,25,2021-01-17,0,5,2022-07-27
day,nation,norge,2020,total,total,2021,3,2021-03,2020/2021,26,2021-01-18,4,11,2022-07-27
day,nation,norge,2020,total,total,2021,3,2021-03,2020/2021,26,2021-01-19,3,9,2022-07-27
day,nation,norge,2020,total,total,2021,3,2021-03,2020/2021,26,2021-01-20,0,16,2022-07-27
day,nation,norge,2020,total,total,2021,3,2021-03,2020/2021,26,2021-01-21,4,19,2022-07-27
day,nation,norge,2020,total,total,2021,3,2021-03,2020/2021,26,2021-01-22,1,16,2022-07-27
day,nation,norge,2020,total,total,2021,3,2021-03,2020/2021,26,2021-01-23,1,6,2022-07-27
day,nation,norge,2020,total,total,2021,3,2021-03,2020/2021,26,2021-01-24,1,14,2022-07-27
day,nation,norge,2020,total,total,2021,4,2021-04,2020/2021,27,2021-01-25,2,5,2022-07-27
day,nation,norge,2020,total,total,2021,4,2021-04,2020/2021,27,2021-01-26,0,8,2022-07-27
day,nation,norge,2020,total,total,2021,4,2021-04,2020/2021,27,2021-01-27,0,4,2022-07-27
day,nation,norge,2020,total,total,2021,4,2021-04,2020/2021,27,2021-01-28,5,9,2022-07-27
day,nation,norge,2020,total,total,2021,4,2021-04,2020/2021,27,2021-01-29,0,12,2022-07-27
day,nation,norge,2020,total,total,2021,4,2021-04,2020/2021,27,2021-01-30,2,4,2022-07-27
day,nation,norge,2020,total,total,2021,4,2021-04,2020/2021,27,2021-01-31,1,6,2022-07-27
day,nation,norge,2020,total,total,2021,5,2021-05,2020/2021,28,2021-02-01,1,6,2022-07-27
day,nation,norge,2020,total,total,2021,5,2021-05,2020/2021,28,2021-02-02,3,6,2022-07-27
day,nation,norge,2020,total,total,2021,5,2021-05,2020/2021,28,2021-02-03,2,1,2022-07-27
day,nation,norge,2020,total,total,2021,5,2021-05,2020/2021,28,2021-02-04,0,5,2022-07-27
day,nation,norge,2020,total,total,2021,5,2021-05,2020/2021,28,2021-02-05,1,6,2022-07-27
day,nation,norge,2020,total,total,2021,5,2021-05,2020/2021,28,2021-02-06,1,5,2022-07-27
day,nation,norge,2020,total,total,2021,5,2021-05,2020/2021,28,2021-02-07,2,5,2022-07-27
day,nation,norge,2020,total,total,2021,6,2021-06,2020/2021,29,2021-02-08,1,9,2022-07-27
day,nation,norge,2020,total,total,2021,6,2021-06,2020/2021,29,2021-02-09,2,7,2022-07-27
day,nation,norge,2020,total,total,2021,6,2021-06,2020/2021,29,2021-02-10,0,7,2022-07-27
day,nation,norge,2020,total,total,2021,6,2021-06,2020/2021,29,2021-02-11,1,7,2022-07-27
day,nation,norge,2020,total,total,2021,6,2021-06,2020/2021,29,2021-02-12,2,7,2022-07-27
day,nation,norge,2020,total,total,2021,6,2021-06,2020/2021,29,2021-02-13,1,7,2022-07-27
day,nation,norge,2020,total,total,2021,6,2021-06,2020/2021,29,2021-02-14,1,2,2022-07-27
day,nation,norge,2020,total,total,2021,7,2021-07,2020/2021,30,2021-02-15,1,6,2022-07-27
day,nation,norge,2020,total,total,2021,7,2021-07,2020/2021,30,2021-02-16,0,3,2022-07-27
day,nation,norge,2020,total,total,2021,7,2021-07,2020/2021,30,2021-02-17,0,11,2022-07-27
day,nation,norge,2020,total,total,2021,7,2021-07,2020/2021,30,2021-02-18,3,9,2022-07-27
day,nation,norge,2020,total,total,2021,7,2021-07,2020/2021,30,2021-02-19,2,11,2022-07-27
day,nation,norge,2020,total,total,2021,7,2021-07,2020/2021,30,2021-02-20,1,8,2022-07-27
day,nation,norge,2020,total,total,2021,7,2021-07,2020/2021,30,2021-02-21,1,14,2022-07-27
day,nation,norge,2020,total,total,2021,8,2021-08,2020/2021,31,2021-02-22,3,9,2022-07-27
day,nation,norge,2020,total,total,2021,8,2021-08,2020/2021,31,2021-02-23,2,13,2022-07-27
day,nation,norge,2020,total,total,2021,8,2021-08,2020/2021,31,2021-02-24,1,12,2022-07-27
day,nation,norge,2020,total,total,2021,8,2021-08,2020/2021,31,2021-02-25,3,13,2022-07-27
day,nation,norge,2020,total,total,2021,8,2021-08,2020/2021,31,2021-02-26,2,10,2022-07-27
day,nation,norge,2020,total,total,2021,8,2021-08,2020/2021,31,2021-02-27,1,8,2022-07-27
day,nation,norge,2020,total,total,2021,8,2021-08,2020/2021,31,2021-02-28,0,9,2022-07-27
day,nation,norge,2020,total,total,2021,9,2021-09,2020/2021,32,2021-03-01,4,14,2022-07-27
day,nation,norge,2020,total,total,2021,9,2021-09,2020/2021,32,2021-03-02,1,15,2022-07-27
day,nation,norge,2020,total,total,2021,9,2021-09,2020/2021,32,2021-03-03,2,16,2022-07-27
day,nation,norge,2020,total,total,2021,9,2021-09,2020/2021,32,2021-03-04,3,13,2022-07-27
day,nation,norge,2020,total,total,2021,9,2021-09,2020/2021,32,2021-03-05,4,17,2022-07-27
day,nation,norge,2020,total,total,2021,9,2021-09,2020/2021,32,2021-03-06,1,11,2022-07-27
day,nation,norge,2020,total,total,2021,9,2021-09,2020/2021,32,2021-03-07,3,19,2022-07-27
day,nation,norge,2020,total,total,2021,10,2021-10,2020/2021,33,2021-03-08,5,26,2022-07-27
day,nation,norge,2020,total,total,2021,10,2021-10,2020/2021,33,2021-03-09,2,21,2022-07-27
day,nation,norge,2020,total,total,2021,10,2021-10,2020/2021,33,2021-03-10,4,19,2022-07-27
day,nation,norge,2020,total,total,2021,10,2021-10,2020/2021,33,2021-03-11,0,24,2022-07-27
day,nation,norge,2020,total,total,2021,10,2021-10,2020/2021,33,2021-03-12,3,32,2022-07-27
day,nation,norge,2020,total,total,2021,10,2021-10,2020/2021,33,2021-03-13,9,24,2022-07-27
day,nation,norge,2020,total,total,2021,10,2021-10,2020/2021,33,2021-03-14,7,27,2022-07-27
day,nation,norge,2020,total,total,2021,11,2021-11,2020/2021,34,2021-03-15,6,31,2022-07-27
day,nation,norge,2020,total,total,2021,11,2021-11,2020/2021,34,2021-03-16,8,27,2022-07-27
day,nation,norge,2020,total,total,2021,11,2021-11,2020/2021,34,2021-03-17,11,32,2022-07-27
day,nation,norge,2020,total,total,2021,11,2021-11,2020/2021,34,2021-03-18,7,38,2022-07-27
day,nation,norge,2020,total,total,2021,11,2021-11,2020/2021,34,2021-03-19,7,37,2022-07-27
day,nation,norge,2020,total,total,2021,11,2021-11,2020/2021,34,2021-03-20,4,30,2022-07-27
day,nation,norge,2020,total,total,2021,11,2021-11,2020/2021,34,2021-03-21,4,34,2022-07-27
day,nation,norge,2020,total,total,2021,12,2021-12,2020/2021,35,2021-03-22,2,30,2022-07-27
day,nation,norge,2020,total,total,2021,12,2021-12,2020/2021,35,2021-03-23,11,35,2022-07-27
day,nation,norge,2020,total,total,2021,12,2021-12,2020/2021,35,2021-03-24,10,23,2022-07-27
day,nation,norge,2020,total,total,2021,12,2021-12,2020/2021,35,2021-03-25,6,33,2022-07-27
day,nation,norge,2020,total,total,2021,12,2021-12,2020/2021,35,2021-03-26,9,30,2022-07-27
day,nation,norge,2020,total,total,2021,12,2021-12,2020/2021,35,2021-03-27,6,26,2022-07-27
day,nation,norge,2020,total,total,2021,12,2021-12,2020/2021,35,2021-03-28,11,30,2022-07-27
day,nation,norge,2020,total,total,2021,13,2021-13,2020/2021,36,2021-03-29,8,35,2022-07-27
day,nation,norge,2020,total,total,2021,13,2021-13,2020/2021,36,2021-03-30,8,37,2022-07-27
day,nation,norge,2020,total,total,2021,13,2021-13,2020/2021,36,2021-03-31,11,26,2022-07-27
day,nation,norge,2020,total,total,2021,13,2021-13,2020/2021,36,2021-04-01,5,23,2022-07-27
day,nation,norge,2020,total,total,2021,13,2021-13,2020/2021,36,2021-04-02,6,36,2022-07-27
day,nation,norge,2020,total,total,2021,13,2021-13,2020/2021,36,2021-04-03,10,26,2022-07-27
day,nation,norge,2020,total,total,2021,13,2021-13,2020/2021,36,2021-04-04,7,27,2022-07-27
day,nation,norge,2020,total,total,2021,14,2021-14,2020/2021,37,2021-04-05,5,27,2022-07-27
day,nation,norge,2020,total,total,2021,14,2021-14,2020/2021,37,2021-04-06,4,33,2022-07-27
day,nation,norge,2020,total,total,2021,14,2021-14,2020/2021,37,2021-04-07,4,30,2022-07-27
day,nation,norge,2020,total,total,2021,14,2021-14,2020/2021,37,2021-04-08,2,32,2022-07-27
day,nation,norge,2020,total,total,2021,14,2021-14,2020/2021,37,2021-04-09,6,36,2022-07-27
day,nation,norge,2020,total,total,2021,14,2021-14,2020/2021,37,2021-04-10,4,19,2022-07-27
day,nation,norge,2020,total,total,2021,14,2021-14,2020/2021,37,2021-04-11,7,23,2022-07-27
day,nation,norge,2020,total,total,2021,15,2021-15,2020/2021,38,2021-04-12,4,29,2022-07-27
day,nation,norge,2020,total,total,2021,15,2021-15,2020/2021,38,2021-04-13,4,30,2022-07-27
day,nation,norge,2020,total,total,2021,15,2021-15,2020/2021,38,2021-04-14,9,24,2022-07-27
day,nation,norge,2020,total,total,2021,15,2021-15,2020/2021,38,2021-04-15,4,28,2022-07-27
day,nation,norge,2020,total,total,2021,15,2021-15,2020/2021,38,2021-04-16,6,15,2022-07-27
day,nation,norge,2020,total,total,2021,15,2021-15,2020/2021,38,2021-04-17,2,22,2022-07-27
day,nation,norge,2020,total,total,2021,15,2021-15,2020/2021,38,2021-04-18,5,23,2022-07-27
day,nation,norge,2020,total,total,2021,16,2021-16,2020/2021,39,2021-04-19,3,20,2022-07-27
day,nation,norge,2020,total,total,2021,16,2021-16,2020/2021,39,2021-04-20,6,30,2022-07-27
day,nation,norge,2020,total,total,2021,16,2021-16,2020/2021,39,2021-04-21,3,17,2022-07-27
day,nation,norge,2020,total,total,2021,16,2021-16,2020/2021,39,2021-04-22,6,21,2022-07-27
day,nation,norge,2020,total,total,2021,16,2021-16,2020/2021,39,2021-04-23,3,21,2022-07-27
day,nation,norge,2020,total,total,2021,16,2021-16,2020/2021,39,2021-04-24,6,9,2022-07-27
day,nation,norge,2020,total,total,2021,16,2021-16,2020/2021,39,2021-04-25,2,15,2022-07-27
day,nation,norge,2020,total,total,2021,17,2021-17,2020/2021,40,2021-04-26,5,22,2022-07-27
day,nation,norge,2020,total,total,2021,17,2021-17,2020/2021,40,2021-04-27,1,12,2022-07-27
day,nation,norge,2020,total,total,2021,17,2021-17,2020/2021,40,2021-04-28,0,10,2022-07-27
day,nation,norge,2020,total,total,2021,17,2021-17,2020/2021,40,2021-04-29,1,10,2022-07-27
day,nation,norge,2020,total,total,2021,17,2021-17,2020/2021,40,2021-04-30,2,6,2022-07-27
day,nation,norge,2020,total,total,2021,17,2021-17,2020/2021,40,2021-05-01,1,7,2022-07-27
day,nation,norge,2020,total,total,2021,17,2021-17,2020/2021,40,2021-05-02,4,4,2022-07-27
day,nation,norge,2020,total,total,2021,18,2021-18,2020/2021,41,2021-05-03,2,13,2022-07-27
day,nation,norge,2020,total,total,2021,18,2021-18,2020/2021,41,2021-05-04,0,7,2022-07-27
day,nation,norge,2020,total,total,2021,18,2021-18,2020/2021,41,2021-05-05,1,14,2022-07-27
day,nation,norge,2020,total,total,2021,18,2021-18,2020/2021,41,2021-05-06,4,12,2022-07-27
day,nation,norge,2020,total,total,2021,18,2021-18,2020/2021,41,2021-05-07,2,6,2022-07-27
day,nation,norge,2020,total,total,2021,18,2021-18,2020/2021,41,2021-05-08,2,4,2022-07-27
day,nation,norge,2020,total,total,2021,18,2021-18,2020/2021,41,2021-05-09,1,15,2022-07-27
day,nation,norge,2020,total,total,2021,19,2021-19,2020/2021,42,2021-05-10,2,8,2022-07-27
day,nation,norge,2020,total,total,2021,19,2021-19,2020/2021,42,2021-05-11,3,15,2022-07-27
day,nation,norge,2020,total,total,2021,19,2021-19,2020/2021,42,2021-05-12,2,13,2022-07-27
day,nation,norge,2020,total,total,2021,19,2021-19,2020/2021,42,2021-05-13,3,9,2022-07-27
day,nation,norge,2020,total,total,2021,19,2021-19,2020/2021,42,2021-05-14,2,5,2022-07-27
day,nation,norge,2020,total,total,2021,19,2021-19,2020/2021,42,2021-05-15,0,6,2022-07-27
day,nation,norge,2020,total,total,2021,19,2021-19,2020/2021,42,2021-05-16,1,9,2022-07-27
day,nation,norge,2020,total,total,2021,20,2021-20,2020/2021,43,2021-05-17,2,7,2022-07-27
day,nation,norge,2020,total,total,2021,20,2021-20,2020/2021,43,2021-05-18,1,14,2022-07-27
day,nation,norge,2020,total,total,2021,20,2021-20,2020/2021,43,2021-05-19,5,7,2022-07-27
day,nation,norge,2020,total,total,2021,20,2021-20,2020/2021,43,2021-05-20,2,11,2022-07-27
day,nation,norge,2020,total,total,2021,20,2021-20,2020/2021,43,2021-05-21,2,3,2022-07-27
day,nation,norge,2020,total,total,2021,20,2021-20,2020/2021,43,2021-05-22,0,12,2022-07-27
day,nation,norge,2020,total,total,2021,20,2021-20,2020/2021,43,2021-05-23,2,7,2022-07-27
day,nation,norge,2020,total,total,2021,21,2021-21,2020/2021,44,2021-05-24,1,10,2022-07-27
day,nation,norge,2020,total,total,2021,21,2021-21,2020/2021,44,2021-05-25,2,10,2022-07-27
day,nation,norge,2020,total,total,2021,21,2021-21,2020/2021,44,2021-05-26,2,10,2022-07-27
day,nation,norge,2020,total,total,2021,21,2021-21,2020/2021,44,2021-05-27,2,6,2022-07-27
day,nation,norge,2020,total,total,2021,21,2021-21,2020/2021,44,2021-05-28,0,9,2022-07-27
day,nation,norge,2020,total,total,2021,21,2021-21,2020/2021,44,2021-05-29,2,2,2022-07-27
day,nation,norge,2020,total,total,2021,21,2021-21,2020/2021,44,2021-05-30,1,4,2022-07-27
day,nation,norge,2020,total,total,2021,22,2021-22,2020/2021,45,2021-05-31,2,9,2022-07-27
day,nation,norge,2020,total,total,2021,22,2021-22,2020/2021,45,2021-06-01,0,9,2022-07-27
day,nation,norge,2020,total,total,2021,22,2021-22,2020/2021,45,2021-06-02,0,5,2022-07-27
day,nation,norge,2020,total,total,2021,22,2021-22,2020/2021,45,2021-06-03,2,3,2022-07-27
day,nation,norge,2020,total,total,2021,22,2021-22,2020/2021,45,2021-06-04,1,11,2022-07-27
day,nation,norge,2020,total,total,2021,22,2021-22,2020/2021,45,2021-06-05,0,4,2022-07-27
day,nation,norge,2020,total,total,2021,22,2021-22,2020/2021,45,2021-06-06,3,9,2022-07-27
day,nation,norge,2020,total,total,2021,23,2021-23,2020/2021,46,2021-06-07,1,4,2022-07-27
day,nation,norge,2020,total,total,2021,23,2021-23,2020/2021,46,2021-06-08,0,5,2022-07-27
day,nation,norge,2020,total,total,2021,23,2021-23,2020/2021,46,2021-06-09,0,5,2022-07-27
day,nation,norge,2020,total,total,2021,23,2021-23,2020/2021,46,2021-06-10,0,1,2022-07-27
day,nation,norge,2020,total,total,2021,23,2021-23,2020/2021,46,2021-06-11,0,9,2022-07-27
day,nation,norge,2020,total,total,2021,23,2021-23,2020/2021,46,2021-06-12,0,1,2022-07-27
day,nation,norge,2020,total,total,2021,23,2021-23,2020/2021,46,2021-06-13,2,4,2022-07-27
day,nation,norge,2020,total,total,2021,24,2021-24,2020/2021,47,2021-06-14,0,5,2022-07-27
day,nation,norge,2020,total,total,2021,24,2021-24,2020/2021,47,2021-06-15,0,3,2022-07-27
day,nation,norge,2020,total,total,2021,24,2021-24,2020/2021,47,2021-06-16,0,3,2022-07-27
day,nation,norge,2020,total,total,2021,24,2021-24,2020/2021,47,2021-06-17,0,2,2022-07-27
day,nation,norge,2020,total,total,2021,24,2021-24,2020/2021,47,2021-06-18,0,4,2022-07-27
day,nation,norge,2020,total,total,2021,24,2021-24,2020/2021,47,2021-06-19,0,3,2022-07-27
day,nation,norge,2020,total,total,2021,24,2021-24,2020/2021,47,2021-06-20,0,2,2022-07-27
day,nation,norge,2020,total,total,2021,25,2021-25,2020/2021,48,2021-06-21,0,3,2022-07-27
day,nation,norge,2020,total,total,2021,25,2021-25,2020/2021,48,2021-06-22,0,4,2022-07-27
day,nation,norge,2020,total,total,2021,25,2021-25,2020/2021,48,2021-06-23,0,6,2022-07-27
day,nation,norge,2020,total,total,2021,25,2021-25,2020/2021,48,2021-06-24,1,2,2022-07-27
day,nation,norge,2020,total,total,2021,25,2021-25,2020/2021,48,2021-06-25,3,3,2022-07-27
day,nation,norge,2020,total,total,2021,25,2021-25,2020/2021,48,2021-06-26,0,2,2022-07-27
day,nation,norge,2020,total,total,2021,25,2021-25,2020/2021,48,2021-06-27,1,0,2022-07-27
day,nation,norge,2020,total,total,2021,26,2021-26,2020/2021,49,2021-06-28,0,2,2022-07-27
day,nation,norge,2020,total,total,2021,26,2021-26,2020/2021,49,2021-06-29,0,2,2022-07-27
day,nation,norge,2020,total,total,2021,26,2021-26,2020/2021,49,2021-06-30,1,2,2022-07-27
day,nation,norge,2020,total,total,2021,26,2021-26,2020/2021,49,2021-07-01,0,3,2022-07-27
day,nation,norge,2020,total,total,2021,26,2021-26,2020/2021,49,2021-07-02,0,2,2022-07-27
day,nation,norge,2020,total,total,2021,26,2021-26,2020/2021,49,2021-07-03,0,0,2022-07-27
day,nation,norge,2020,total,total,2021,26,2021-26,2020/2021,49,2021-07-04,1,6,2022-07-27
day,nation,norge,2020,total,total,2021,27,2021-27,2020/2021,50,2021-07-05,3,3,2022-07-27
day,nation,norge,2020,total,total,2021,27,2021-27,2020/2021,50,2021-07-06,0,3,2022-07-27
day,nation,norge,2020,total,total,2021,27,2021-27,2020/2021,50,2021-07-07,1,3,2022-07-27
day,nation,norge,2020,total,total,2021,27,2021-27,2020/2021,50,2021-07-08,1,4,2022-07-27
day,nation,norge,2020,total,total,2021,27,2021-27,2020/2021,50,2021-07-09,0,5,2022-07-27
day,nation,norge,2020,total,total,2021,27,2021-27,2020/2021,50,2021-07-10,0,0,2022-07-27
day,nation,norge,2020,total,total,2021,27,2021-27,2020/2021,50,2021-07-11,0,0,2022-07-27
day,nation,norge,2020,total,total,2021,28,2021-28,2020/2021,51,2021-07-12,1,2,2022-07-27
day,nation,norge,2020,total,total,2021,28,2021-28,2020/2021,51,2021-07-13,1,2,2022-07-27
day,nation,norge,2020,total,total,2021,28,2021-28,2020/2021,51,2021-07-14,0,1,2022-07-27
day,nation,norge,2020,total,total,2021,28,2021-28,2020/2021,51,2021-07-15,1,0,2022-07-27
day,nation,norge,2020,total,total,2021,28,2021-28,2020/2021,51,2021-07-16,1,2,2022-07-27
day,nation,norge,2020,total,total,2021,28,2021-28,2020/2021,51,2021-07-17,1,5,2022-07-27
day,nation,norge,2020,total,total,2021,28,2021-28,2020/2021,51,2021-07-18,0,6,2022-07-27
day,nation,norge,2020,total,total,2021,29,2021-29,2020/2021,52,2021-07-19,1,1,2022-07-27
day,nation,norge,2020,total,total,2021,29,2021-29,2020/2021,52,2021-07-20,0,1,2022-07-27
day,nation,norge,2020,total,total,2021,29,2021-29,2020/2021,52,2021-07-21,1,3,2022-07-27
day,nation,norge,2020,total,total,2021,29,2021-29,2020/2021,52,2021-07-22,0,4,2022-07-27
day,nation,norge,2020,total,total,2021,29,2021-29,2020/2021,52,2021-07-23,0,3,2022-07-27
day,nation,norge,2020,total,total,2021,29,2021-29,2020/2021,52,2021-07-24,0,5,2022-07-27
day,nation,norge,2020,total,total,2021,29,2021-29,2020/2021,52,2021-07-25,1,2,2022-07-27
day,nation,norge,2020,total,total,2021,30,2021-30,2021/2022,1,2021-07-26,1,4,2022-07-27
day,nation,norge,2020,total,total,2021,30,2021-30,2021/2022,1,2021-07-27,0,3,2022-07-27
day,nation,norge,2020,total,total,2021,30,2021-30,2021/2022,1,2021-07-28,0,5,2022-07-27
day,nation,norge,2020,total,total,2021,30,2021-30,2021/2022,1,2021-07-29,0,0,2022-07-27
day,nation,norge,2020,total,total,2021,30,2021-30,2021/2022,1,2021-07-30,1,6,2022-07-27
day,nation,norge,2020,total,total,2021,30,2021-30,2021/2022,1,2021-07-31,0,0,2022-07-27
day,nation,norge,2020,total,total,2021,30,2021-30,2021/2022,1,2021-08-01,1,2,2022-07-27
day,nation,norge,2020,total,total,2021,31,2021-31,2021/2022,2,2021-08-02,1,6,2022-07-27
day,nation,norge,2020,total,total,2021,31,2021-31,2021/2022,2,2021-08-03,1,5,2022-07-27
day,nation,norge,2020,total,total,2021,31,2021-31,2021/2022,2,2021-08-04,0,5,2022-07-27
day,nation,norge,2020,total,total,2021,31,2021-31,2021/2022,2,2021-08-05,1,4,2022-07-27
day,nation,norge,2020,total,total,2021,31,2021-31,2021/2022,2,2021-08-06,1,5,2022-07-27
day,nation,norge,2020,total,total,2021,31,2021-31,2021/2022,2,2021-08-07,0,1,2022-07-27
day,nation,norge,2020,total,total,2021,31,2021-31,2021/2022,2,2021-08-08,2,8,2022-07-27
day,nation,norge,2020,total,total,2021,32,2021-32,2021/2022,3,2021-08-09,0,10,2022-07-27
day,nation,norge,2020,total,total,2021,32,2021-32,2021/2022,3,2021-08-10,0,0,2022-07-27
day,nation,norge,2020,total,total,2021,32,2021-32,2021/2022,3,2021-08-11,0,1,2022-07-27
day,nation,norge,2020,total,total,2021,32,2021-32,2021/2022,3,2021-08-12,0,7,2022-07-27
day,nation,norge,2020,total,total,2021,32,2021-32,2021/2022,3,2021-08-13,1,5,2022-07-27
day,nation,norge,2020,total,total,2021,32,2021-32,2021/2022,3,2021-08-14,0,5,2022-07-27
day,nation,norge,2020,total,total,2021,32,2021-32,2021/2022,3,2021-08-15,2,8,2022-07-27
day,nation,norge,2020,total,total,2021,33,2021-33,2021/2022,4,2021-08-16,1,7,2022-07-27
day,nation,norge,2020,total,total,2021,33,2021-33,2021/2022,4,2021-08-17,0,4,2022-07-27
day,nation,norge,2020,total,total,2021,33,2021-33,2021/2022,4,2021-08-18,3,8,2022-07-27
day,nation,norge,2020,total,total,2021,33,2021-33,2021/2022,4,2021-08-19,0,6,2022-07-27
day,nation,norge,2020,total,total,2021,33,2021-33,2021/2022,4,2021-08-20,0,9,2022-07-27
day,nation,norge,2020,total,total,2021,33,2021-33,2021/2022,4,2021-08-21,0,8,2022-07-27
day,nation,norge,2020,total,total,2021,33,2021-33,2021/2022,4,2021-08-22,2,7,2022-07-27
day,nation,norge,2020,total,total,2021,34,2021-34,2021/2022,5,2021-08-23,1,10,2022-07-27
day,nation,norge,2020,total,total,2021,34,2021-34,2021/2022,5,2021-08-24,1,8,2022-07-27
day,nation,norge,2020,total,total,2021,34,2021-34,2021/2022,5,2021-08-25,0,12,2022-07-27
day,nation,norge,2020,total,total,2021,34,2021-34,2021/2022,5,2021-08-26,3,6,2022-07-27
day,nation,norge,2020,total,total,2021,34,2021-34,2021/2022,5,2021-08-27,1,12,2022-07-27
day,nation,norge,2020,total,total,2021,34,2021-34,2021/2022,5,2021-08-28,1,7,2022-07-27
day,nation,norge,2020,total,total,2021,34,2021-34,2021/2022,5,2021-08-29,1,14,2022-07-27
day,nation,norge,2020,total,total,2021,35,2021-35,2021/2022,6,2021-08-30,3,17,2022-07-27
day,nation,norge,2020,total,total,2021,35,2021-35,2021/2022,6,2021-08-31,5,17,2022-07-27
day,nation,norge,2020,total,total,2021,35,2021-35,2021/2022,6,2021-09-01,2,4,2022-07-27
day,nation,norge,2020,total,total,2021,35,2021-35,2021/2022,6,2021-09-02,2,11,2022-07-27
day,nation,norge,2020,total,total,2021,35,2021-35,2021/2022,6,2021-09-03,0,7,2022-07-27
day,nation,norge,2020,total,total,2021,35,2021-35,2021/2022,6,2021-09-04,2,5,2022-07-27
day,nation,norge,2020,total,total,2021,35,2021-35,2021/2022,6,2021-09-05,3,8,2022-07-27
day,nation,norge,2020,total,total,2021,36,2021-36,2021/2022,7,2021-09-06,4,13,2022-07-27
day,nation,norge,2020,total,total,2021,36,2021-36,2021/2022,7,2021-09-07,3,12,2022-07-27
day,nation,norge,2020,total,total,2021,36,2021-36,2021/2022,7,2021-09-08,7,16,2022-07-27
day,nation,norge,2020,total,total,2021,36,2021-36,2021/2022,7,2021-09-09,0,20,2022-07-27
day,nation,norge,2020,total,total,2021,36,2021-36,2021/2022,7,2021-09-10,5,11,2022-07-27
day,nation,norge,2020,total,total,2021,36,2021-36,2021/2022,7,2021-09-11,4,11,2022-07-27
day,nation,norge,2020,total,total,2021,36,2021-36,2021/2022,7,2021-09-12,1,18,2022-07-27
day,nation,norge,2020,total,total,2021,37,2021-37,2021/2022,8,2021-09-13,2,8,2022-07-27
day,nation,norge,2020,total,total,2021,37,2021-37,2021/2022,8,2021-09-14,2,14,2022-07-27
day,nation,norge,2020,total,total,2021,37,2021-37,2021/2022,8,2021-09-15,1,10,2022-07-27
day,nation,norge,2020,total,total,2021,37,2021-37,2021/2022,8,2021-09-16,1,13,2022-07-27
day,nation,norge,2020,total,total,2021,37,2021-37,2021/2022,8,2021-09-17,2,11,2022-07-27
day,nation,norge,2020,total,total,2021,37,2021-37,2021/2022,8,2021-09-18,3,16,2022-07-27
day,nation,norge,2020,total,total,2021,37,2021-37,2021/2022,8,2021-09-19,1,7,2022-07-27
day,nation,norge,2020,total,total,2021,38,2021-38,2021/2022,9,2021-09-20,2,10,2022-07-27
day,nation,norge,2020,total,total,2021,38,2021-38,2021/2022,9,2021-09-21,3,13,2022-07-27
day,nation,norge,2020,total,total,2021,38,2021-38,2021/2022,9,2021-09-22,1,7,2022-07-27
day,nation,norge,2020,total,total,2021,38,2021-38,2021/2022,9,2021-09-23,2,4,2022-07-27
day,nation,norge,2020,total,total,2021,38,2021-38,2021/2022,9,2021-09-24,3,15,2022-07-27
day,nation,norge,2020,total,total,2021,38,2021-38,2021/2022,9,2021-09-25,3,4,2022-07-27
day,nation,norge,2020,total,total,2021,38,2021-38,2021/2022,9,2021-09-26,3,11,2022-07-27
day,nation,norge,2020,total,total,2021,39,2021-39,2021/2022,10,2021-09-27,2,14,2022-07-27
day,nation,norge,2020,total,total,2021,39,2021-39,2021/2022,10,2021-09-28,2,12,2022-07-27
day,nation,norge,2020,total,total,2021,39,2021-39,2021/2022,10,2021-09-29,2,6,2022-07-27
day,nation,norge,2020,total,total,2021,39,2021-39,2021/2022,10,2021-09-30,2,7,2022-07-27
day,nation,norge,2020,total,total,2021,39,2021-39,2021/2022,10,2021-10-01,2,6,2022-07-27
day,nation,norge,2020,total,total,2021,39,2021-39,2021/2022,10,2021-10-02,0,7,2022-07-27
day,nation,norge,2020,total,total,2021,39,2021-39,2021/2022,10,2021-10-03,0,8,2022-07-27
day,nation,norge,2020,total,total,2021,40,2021-40,2021/2022,11,2021-10-04,1,8,2022-07-27
day,nation,norge,2020,total,total,2021,40,2021-40,2021/2022,11,2021-10-05,3,13,2022-07-27
day,nation,norge,2020,total,total,2021,40,2021-40,2021/2022,11,2021-10-06,3,12,2022-07-27
day,nation,norge,2020,total,total,2021,40,2021-40,2021/2022,11,2021-10-07,3,9,2022-07-27
day,nation,norge,2020,total,total,2021,40,2021-40,2021/2022,11,2021-10-08,2,7,2022-07-27
day,nation,norge,2020,total,total,2021,40,2021-40,2021/2022,11,2021-10-09,2,5,2022-07-27
day,nation,norge,2020,total,total,2021,40,2021-40,2021/2022,11,2021-10-10,1,4,2022-07-27
day,nation,norge,2020,total,total,2021,41,2021-41,2021/2022,12,2021-10-11,7,13,2022-07-27
day,nation,norge,2020,total,total,2021,41,2021-41,2021/2022,12,2021-10-12,1,7,2022-07-27
day,nation,norge,2020,total,total,2021,41,2021-41,2021/2022,12,2021-10-13,1,10,2022-07-27
day,nation,norge,2020,total,total,2021,41,2021-41,2021/2022,12,2021-10-14,0,10,2022-07-27
day,nation,norge,2020,total,total,2021,41,2021-41,2021/2022,12,2021-10-15,2,6,2022-07-27
day,nation,norge,2020,total,total,2021,41,2021-41,2021/2022,12,2021-10-16,4,10,2022-07-27
day,nation,norge,2020,total,total,2021,41,2021-41,2021/2022,12,2021-10-17,1,6,2022-07-27
day,nation,norge,2020,total,total,2021,42,2021-42,2021/2022,13,2021-10-18,2,13,2022-07-27
day,nation,norge,2020,total,total,2021,42,2021-42,2021/2022,13,2021-10-19,1,18,2022-07-27
day,nation,norge,2020,total,total,2021,42,2021-42,2021/2022,13,2021-10-20,2,12,2022-07-27
day,nation,norge,2020,total,total,2021,42,2021-42,2021/2022,13,2021-10-21,3,12,2022-07-27
day,nation,norge,2020,total,total,2021,42,2021-42,2021/2022,13,2021-10-22,3,11,2022-07-27
day,nation,norge,2020,total,total,2021,42,2021-42,2021/2022,13,2021-10-23,0,6,2022-07-27
day,nation,norge,2020,total,total,2021,42,2021-42,2021/2022,13,2021-10-24,2,9,2022-07-27
day,nation,norge,2020,total,total,2021,43,2021-43,2021/2022,14,2021-10-25,4,13,2022-07-27
day,nation,norge,2020,total,total,2021,43,2021-43,2021/2022,14,2021-10-26,4,14,2022-07-27
day,nation,norge,2020,total,total,2021,43,2021-43,2021/2022,14,2021-10-27,1,17,2022-07-27
day,nation,norge,2020,total,total,2021,43,2021-43,2021/2022,14,2021-10-28,4,19,2022-07-27
day,nation,norge,2020,total,total,2021,43,2021-43,2021/2022,14,2021-10-29,1,19,2022-07-27
day,nation,norge,2020,total,total,2021,43,2021-43,2021/2022,14,2021-10-30,8,21,2022-07-27
day,nation,norge,2020,total,total,2021,43,2021-43,2021/2022,14,2021-10-31,0,13,2022-07-27
day,nation,norge,2020,total,total,2021,44,2021-44,2021/2022,15,2021-11-01,6,23,2022-07-27
day,nation,norge,2020,total,total,2021,44,2021-44,2021/2022,15,2021-11-02,4,25,2022-07-27
day,nation,norge,2020,total,total,2021,44,2021-44,2021/2022,15,2021-11-03,7,23,2022-07-27
day,nation,norge,2020,total,total,2021,44,2021-44,2021/2022,15,2021-11-04,5,23,2022-07-27
day,nation,norge,2020,total,total,2021,44,2021-44,2021/2022,15,2021-11-05,5,17,2022-07-27
day,nation,norge,2020,total,total,2021,44,2021-44,2021/2022,15,2021-11-06,5,19,2022-07-27
day,nation,norge,2020,total,total,2021,44,2021-44,2021/2022,15,2021-11-07,9,15,2022-07-27
day,nation,norge,2020,total,total,2021,45,2021-45,2021/2022,16,2021-11-08,3,27,2022-07-27
day,nation,norge,2020,total,total,2021,45,2021-45,2021/2022,16,2021-11-09,7,20,2022-07-27
day,nation,norge,2020,total,total,2021,45,2021-45,2021/2022,16,2021-11-10,4,26,2022-07-27
day,nation,norge,2020,total,total,2021,45,2021-45,2021/2022,16,2021-11-11,3,27,2022-07-27
day,nation,norge,2020,total,total,2021,45,2021-45,2021/2022,16,2021-11-12,4,14,2022-07-27
day,nation,norge,2020,total,total,2021,45,2021-45,2021/2022,16,2021-11-13,1,19,2022-07-27
day,nation,norge,2020,total,total,2021,45,2021-45,2021/2022,16,2021-11-14,7,32,2022-07-27
day,nation,norge,2020,total,total,2021,46,2021-46,2021/2022,17,2021-11-15,5,24,2022-07-27
day,nation,norge,2020,total,total,2021,46,2021-46,2021/2022,17,2021-11-16,6,24,2022-07-27
day,nation,norge,2020,total,total,2021,46,2021-46,2021/2022,17,2021-11-17,0,14,2022-07-27
day,nation,norge,2020,total,total,2021,46,2021-46,2021/2022,17,2021-11-18,1,27,2022-07-27
day,nation,norge,2020,total,total,2021,46,2021-46,2021/2022,17,2021-11-19,6,25,2022-07-27
day,nation,norge,2020,total,total,2021,46,2021-46,2021/2022,17,2021-11-20,3,17,2022-07-27
day,nation,norge,2020,total,total,2021,46,2021-46,2021/2022,17,2021-11-21,3,20,2022-07-27
day,nation,norge,2020,total,total,2021,47,2021-47,2021/2022,18,2021-11-22,10,27,2022-07-27
day,nation,norge,2020,total,total,2021,47,2021-47,2021/2022,18,2021-11-23,6,26,2022-07-27
day,nation,norge,2020,total,total,2021,47,2021-47,2021/2022,18,2021-11-24,7,26,2022-07-27
day,nation,norge,2020,total,total,2021,47,2021-47,2021/2022,18,2021-11-25,5,20,2022-07-27
day,nation,norge,2020,total,total,2021,47,2021-47,2021/2022,18,2021-11-26,5,28,2022-07-27
day,nation,norge,2020,total,total,2021,47,2021-47,2021/2022,18,2021-11-27,7,15,2022-07-27
day,nation,norge,2020,total,total,2021,47,2021-47,2021/2022,18,2021-11-28,5,38,2022-07-27
day,nation,norge,2020,total,total,2021,48,2021-48,2021/2022,19,2021-11-29,10,25,2022-07-27
day,nation,norge,2020,total,total,2021,48,2021-48,2021/2022,19,2021-11-30,1,40,2022-07-27
day,nation,norge,2020,total,total,2021,48,2021-48,2021/2022,19,2021-12-01,6,28,2022-07-27
day,nation,norge,2020,total,total,2021,48,2021-48,2021/2022,19,2021-12-02,5,32,2022-07-27
day,nation,norge,2020,total,total,2021,48,2021-48,2021/2022,19,2021-12-03,7,31,2022-07-27
day,nation,norge,2020,total,total,2021,48,2021-48,2021/2022,19,2021-12-04,9,27,2022-07-27
day,nation,norge,2020,total,total,2021,48,2021-48,2021/2022,19,2021-12-05,7,35,2022-07-27
day,nation,norge,2020,total,total,2021,49,2021-49,2021/2022,20,2021-12-06,10,37,2022-07-27
day,nation,norge,2020,total,total,2021,49,2021-49,2021/2022,20,2021-12-07,17,35,2022-07-27
day,nation,norge,2020,total,total,2021,49,2021-49,2021/2022,20,2021-12-08,7,25,2022-07-27
day,nation,norge,2020,total,total,2021,49,2021-49,2021/2022,20,2021-12-09,9,32,2022-07-27
day,nation,norge,2020,total,total,2021,49,2021-49,2021/2022,20,2021-12-10,13,35,2022-07-27
day,nation,norge,2020,total,total,2021,49,2021-49,2021/2022,20,2021-12-11,3,31,2022-07-27
day,nation,norge,2020,total,total,2021,49,2021-49,2021/2022,20,2021-12-12,12,32,2022-07-27
day,nation,norge,2020,total,total,2021,50,2021-50,2021/2022,21,2021-12-13,9,47,2022-07-27
day,nation,norge,2020,total,total,2021,50,2021-50,2021/2022,21,2021-12-14,11,49,2022-07-27
day,nation,norge,2020,total,total,2021,50,2021-50,2021/2022,21,2021-12-15,14,41,2022-07-27
day,nation,norge,2020,total,total,2021,50,2021-50,2021/2022,21,2021-12-16,6,36,2022-07-27
day,nation,norge,2020,total,total,2021,50,2021-50,2021/2022,21,2021-12-17,11,33,2022-07-27
day,nation,norge,2020,total,total,2021,50,2021-50,2021/2022,21,2021-12-18,3,28,2022-07-27
day,nation,norge,2020,total,total,2021,50,2021-50,2021/2022,21,2021-12-19,9,22,2022-07-27
day,nation,norge,2020,total,total,2021,51,2021-51,2021/2022,22,2021-12-20,8,38,2022-07-27
day,nation,norge,2020,total,total,2021,51,2021-51,2021/2022,22,2021-12-21,6,30,2022-07-27
day,nation,norge,2020,total,total,2021,51,2021-51,2021/2022,22,2021-12-22,7,19,2022-07-27
day,nation,norge,2020,total,total,2021,51,2021-51,2021/2022,22,2021-12-23,9,30,2022-07-27
day,nation,norge,2020,total,total,2021,51,2021-51,2021/2022,22,2021-12-24,6,28,2022-07-27
day,nation,norge,2020,total,total,2021,51,2021-51,2021/2022,22,2021-12-25,9,36,2022-07-27
day,nation,norge,2020,total,total,2021,51,2021-51,2021/2022,22,2021-12-26,7,18,2022-07-27
day,nation,norge,2020,total,total,2021,52,2021-52,2021/2022,23,2021-12-27,8,30,2022-07-27
day,nation,norge,2020,total,total,2021,52,2021-52,2021/2022,23,2021-12-28,7,28,2022-07-27
day,nation,norge,2020,total,total,2021,52,2021-52,2021/2022,23,2021-12-29,7,34,2022-07-27
day,nation,norge,2020,total,total,2021,52,2021-52,2021/2022,23,2021-12-30,4,30,2022-07-27
day,nation,norge,2020,total,total,2021,52,2021-52,2021/2022,23,2021-12-31,6,23,2022-07-27
day,nation,norge,2020,total,total,2021,52,2021-52,2021/2022,23,2022-01-01,6,28,2022-07-27
day,nation,norge,2020,total,total,2021,52,2021-52,2021/2022,23,2022-01-02,2,16,2022-07-27
day,nation,norge,2020,total,total,2022,1,2022-01,2021/2022,24,2022-01-03,5,22,2022-07-27
day,nation,norge,2020,total,total,2022,1,2022-01,2021/2022,24,2022-01-04,7,25,2022-07-27
day,nation,norge,2020,total,total,2022,1,2022-01,2021/2022,24,2022-01-05,5,28,2022-07-27
day,nation,norge,2020,total,total,2022,1,2022-01,2021/2022,24,2022-01-06,4,18,2022-07-27
day,nation,norge,2020,total,total,2022,1,2022-01,2021/2022,24,2022-01-07,1,21,2022-07-27
day,nation,norge,2020,total,total,2022,1,2022-01,2021/2022,24,2022-01-08,6,15,2022-07-27
day,nation,norge,2020,total,total,2022,1,2022-01,2021/2022,24,2022-01-09,4,19,2022-07-27
day,nation,norge,2020,total,total,2022,2,2022-02,2021/2022,25,2022-01-10,2,18,2022-07-27
day,nation,norge,2020,total,total,2022,2,2022-02,2021/2022,25,2022-01-11,2,22,2022-07-27
day,nation,norge,2020,total,total,2022,2,2022-02,2021/2022,25,2022-01-12,4,14,2022-07-27
day,nation,norge,2020,total,total,2022,2,2022-02,2021/2022,25,2022-01-13,2,16,2022-07-27
day,nation,norge,2020,total,total,2022,2,2022-02,2021/2022,25,2022-01-14,3,19,2022-07-27
day,nation,norge,2020,total,total,2022,2,2022-02,2021/2022,25,2022-01-15,4,18,2022-07-27
day,nation,norge,2020,total,total,2022,2,2022-02,2021/2022,25,2022-01-16,1,14,2022-07-27
day,nation,norge,2020,total,total,2022,3,2022-03,2021/2022,26,2022-01-17,3,22,2022-07-27
day,nation,norge,2020,total,total,2022,3,2022-03,2021/2022,26,2022-01-18,3,19,2022-07-27
day,nation,norge,2020,total,total,2022,3,2022-03,2021/2022,26,2022-01-19,3,29,2022-07-27
day,nation,norge,2020,total,total,2022,3,2022-03,2021/2022,26,2022-01-20,4,23,2022-07-27
day,nation,norge,2020,total,total,2022,3,2022-03,2021/2022,26,2022-01-21,4,22,2022-07-27
day,nation,norge,2020,total,total,2022,3,2022-03,2021/2022,26,2022-01-22,1,15,2022-07-27
day,nation,norge,2020,total,total,2022,3,2022-03,2021/2022,26,2022-01-23,6,27,2022-07-27
day,nation,norge,2020,total,total,2022,4,2022-04,2021/2022,27,2022-01-24,2,34,2022-07-27
day,nation,norge,2020,total,total,2022,4,2022-04,2021/2022,27,2022-01-25,2,27,2022-07-27
day,nation,norge,2020,total,total,2022,4,2022-04,2021/2022,27,2022-01-26,1,45,2022-07-27
day,nation,norge,2020,total,total,2022,4,2022-04,2021/2022,27,2022-01-27,5,39,2022-07-27
day,nation,norge,2020,total,total,2022,4,2022-04,2021/2022,27,2022-01-28,2,21,2022-07-27
day,nation,norge,2020,total,total,2022,4,2022-04,2021/2022,27,2022-01-29,5,30,2022-07-27
day,nation,norge,2020,total,total,2022,4,2022-04,2021/2022,27,2022-01-30,2,32,2022-07-27
day,nation,norge,2020,total,total,2022,5,2022-05,2021/2022,28,2022-01-31,2,34,2022-07-27
day,nation,norge,2020,total,total,2022,5,2022-05,2021/2022,28,2022-02-01,2,42,2022-07-27
day,nation,norge,2020,total,total,2022,5,2022-05,2021/2022,28,2022-02-02,5,27,2022-07-27
day,nation,norge,2020,total,total,2022,5,2022-05,2021/2022,28,2022-02-03,2,40,2022-07-27
day,nation,norge,2020,total,total,2022,5,2022-05,2021/2022,28,2022-02-04,2,28,2022-07-27
day,nation,norge,2020,total,total,2022,5,2022-05,2021/2022,28,2022-02-05,4,31,2022-07-27
day,nation,norge,2020,total,total,2022,5,2022-05,2021/2022,28,2022-02-06,4,40,2022-07-27
day,nation,norge,2020,total,total,2022,6,2022-06,2021/2022,29,2022-02-07,0,36,2022-07-27
day,nation,norge,2020,total,total,2022,6,2022-06,2021/2022,29,2022-02-08,3,47,2022-07-27
day,nation,norge,2020,total,total,2022,6,2022-06,2021/2022,29,2022-02-09,1,41,2022-07-27
day,nation,norge,2020,total,total,2022,6,2022-06,2021/2022,29,2022-02-10,3,71,2022-07-27
day,nation,norge,2020,total,total,2022,6,2022-06,2021/2022,29,2022-02-11,3,38,2022-07-27
day,nation,norge,2020,total,total,2022,6,2022-06,2021/2022,29,2022-02-12,1,43,2022-07-27
day,nation,norge,2020,total,total,2022,6,2022-06,2021/2022,29,2022-02-13,6,45,2022-07-27
day,nation,norge,2020,total,total,2022,7,2022-07,2021/2022,30,2022-02-14,4,65,2022-07-27
day,nation,norge,2020,total,total,2022,7,2022-07,2021/2022,30,2022-02-15,5,59,2022-07-27
day,nation,norge,2020,total,total,2022,7,2022-07,2021/2022,30,2022-02-16,4,59,2022-07-27
day,nation,norge,2020,total,total,2022,7,2022-07,2021/2022,30,2022-02-17,7,77,2022-07-27
day,nation,norge,2020,total,total,2022,7,2022-07,2021/2022,30,2022-02-18,7,77,2022-07-27
day,nation,norge,2020,total,total,2022,7,2022-07,2021/2022,30,2022-02-19,5,58,2022-07-27
day,nation,norge,2020,total,total,2022,7,2022-07,2021/2022,30,2022-02-20,7,57,2022-07-27
day,nation,norge,2020,total,total,2022,8,2022-08,2021/2022,31,2022-02-21,7,81,2022-07-27
day,nation,norge,2020,total,total,2022,8,2022-08,2021/2022,31,2022-02-22,1,83,2022-07-27
day,nation,norge,2020,total,total,2022,8,2022-08,2021/2022,31,2022-02-23,14,70,2022-07-27
day,nation,norge,2020,total,total,2022,8,2022-08,2021/2022,31,2022-02-24,6,78,2022-07-27
day,nation,norge,2020,total,total,2022,8,2022-08,2021/2022,31,2022-02-25,1,63,2022-07-27
day,nation,norge,2020,total,total,2022,8,2022-08,2021/2022,31,2022-02-26,7,71,2022-07-27
day,nation,norge,2020,total,total,2022,8,2022-08,2021/2022,31,2022-02-27,3,84,2022-07-27
day,nation,norge,2020,total,total,2022,9,2022-09,2021/2022,32,2022-02-28,13,95,2022-07-27
day,nation,norge,2020,total,total,2022,9,2022-09,2021/2022,32,2022-03-01,8,97,2022-07-27
day,nation,norge,2020,total,total,2022,9,2022-09,2021/2022,32,2022-03-02,10,82,2022-07-27
day,nation,norge,2020,total,total,2022,9,2022-09,2021/2022,32,2022-03-03,5,77,2022-07-27
day,nation,norge,2020,total,total,2022,9,2022-09,2021/2022,32,2022-03-04,8,67,2022-07-27
day,nation,norge,2020,total,total,2022,9,2022-09,2021/2022,32,2022-03-05,6,66,2022-07-27
day,nation,norge,2020,total,total,2022,9,2022-09,2021/2022,32,2022-03-06,11,70,2022-07-27
day,nation,norge,2020,total,total,2022,10,2022-10,2021/2022,33,2022-03-07,6,98,2022-07-27
day,nation,norge,2020,total,total,2022,10,2022-10,2021/2022,33,2022-03-08,7,99,2022-07-27
day,nation,norge,2020,total,total,2022,10,2022-10,2021/2022,33,2022-03-09,2,73,2022-07-27
day,nation,norge,2020,total,total,2022,10,2022-10,2021/2022,33,2022-03-10,10,80,2022-07-27
day,nation,norge,2020,total,total,2022,10,2022-10,2021/2022,33,2022-03-11,3,70,2022-07-27
day,nation,norge,2020,total,total,2022,10,2022-10,2021/2022,33,2022-03-12,7,52,2022-07-27
day,nation,norge,2020,total,total,2022,10,2022-10,2021/2022,33,2022-03-13,6,74,2022-07-27
day,nation,norge,2020,total,total,2022,11,2022-11,2021/2022,34,2022-03-14,5,76,2022-07-27
day,nation,norge,2020,total,total,2022,11,2022-11,2021/2022,34,2022-03-15,3,45,2022-07-27
day,nation,norge,2020,total,total,2022,11,2022-11,2021/2022,34,2022-03-16,6,77,2022-07-27
day,nation,norge,2020,total,total,2022,11,2022-11,2021/2022,34,2022-03-17,4,60,2022-07-27
day,nation,norge,2020,total,total,2022,11,2022-11,2021/2022,34,2022-03-18,5,56,2022-07-27
day,nation,norge,2020,total,total,2022,11,2022-11,2021/2022,34,2022-03-19,5,46,2022-07-27
day,nation,norge,2020,total,total,2022,11,2022-11,2021/2022,34,2022-03-20,6,49,2022-07-27
day,nation,norge,2020,total,total,2022,12,2022-12,2021/2022,35,2022-03-21,8,61,2022-07-27
day,nation,norge,2020,total,total,2022,12,2022-12,2021/2022,35,2022-03-22,6,60,2022-07-27
day,nation,norge,2020,total,total,2022,12,2022-12,2021/2022,35,2022-03-23,0,55,2022-07-27
day,nation,norge,2020,total,total,2022,12,2022-12,2021/2022,35,2022-03-24,6,60,2022-07-27
day,nation,norge,2020,total,total,2022,12,2022-12,2021/2022,35,2022-03-25,2,41,2022-07-27
day,nation,norge,2020,total,total,2022,12,2022-12,2021/2022,35,2022-03-26,7,37,2022-07-27
day,nation,norge,2020,total,total,2022,12,2022-12,2021/2022,35,2022-03-27,5,41,2022-07-27
day,nation,norge,2020,total,total,2022,13,2022-13,2021/2022,36,2022-03-28,2,36,2022-07-27
day,nation,norge,2020,total,total,2022,13,2022-13,2021/2022,36,2022-03-29,4,43,2022-07-27
day,nation,norge,2020,total,total,2022,13,2022-13,2021/2022,36,2022-03-30,7,45,2022-07-27
day,nation,norge,2020,total,total,2022,13,2022-13,2021/2022,36,2022-03-31,2,29,2022-07-27
day,nation,norge,2020,total,total,2022,13,2022-13,2021/2022,36,2022-04-01,5,30,2022-07-27
day,nation,norge,2020,total,total,2022,13,2022-13,2021/2022,36,2022-04-02,4,41,2022-07-27
day,nation,norge,2020,total,total,2022,13,2022-13,2021/2022,36,2022-04-03,5,33,2022-07-27
day,nation,norge,2020,total,total,2022,14,2022-14,2021/2022,37,2022-04-04,4,29,2022-07-27
day,nation,norge,2020,total,total,2022,14,2022-14,2021/2022,37,2022-04-05,3,28,2022-07-27
day,nation,norge,2020,total,total,2022,14,2022-14,2021/2022,37,2022-04-06,2,31,2022-07-27
day,nation,norge,2020,total,total,2022,14,2022-14,2021/2022,37,2022-04-07,3,43,2022-07-27
day,nation,norge,2020,total,total,2022,14,2022-14,2021/2022,37,2022-04-08,3,26,2022-07-27
day,nation,norge,2020,total,total,2022,14,2022-14,2021/2022,37,2022-04-09,4,33,2022-07-27
day,nation,norge,2020,total,total,2022,14,2022-14,2021/2022,37,2022-04-10,2,26,2022-07-27
day,nation,norge,2020,total,total,2022,15,2022-15,2021/2022,38,2022-04-11,2,24,2022-07-27
day,nation,norge,2020,total,total,2022,15,2022-15,2021/2022,38,2022-04-12,2,24,2022-07-27
day,nation,norge,2020,total,total,2022,15,2022-15,2021/2022,38,2022-04-13,3,21,2022-07-27
day,nation,norge,2020,total,total,2022,15,2022-15,2021/2022,38,2022-04-14,1,18,2022-07-27
day,nation,norge,2020,total,total,2022,15,2022-15,2021/2022,38,2022-04-15,2,28,2022-07-27
day,nation,norge,2020,total,total,2022,15,2022-15,2021/2022,38,2022-04-16,1,23,2022-07-27
day,nation,norge,2020,total,total,2022,15,2022-15,2021/2022,38,2022-04-17,1,25,2022-07-27
day,nation,norge,2020,total,total,2022,16,2022-16,2021/2022,39,2022-04-18,2,24,2022-07-27
day,nation,norge,2020,total,total,2022,16,2022-16,2021/2022,39,2022-04-19,3,22,2022-07-27
day,nation,norge,2020,total,total,2022,16,2022-16,2021/2022,39,2022-04-20,1,23,2022-07-27
day,nation,norge,2020,total,total,2022,16,2022-16,2021/2022,39,2022-04-21,1,21,2022-07-27
day,nation,norge,2020,total,total,2022,16,2022-16,2021/2022,39,2022-04-22,4,15,2022-07-27
day,nation,norge,2020,total,total,2022,16,2022-16,2021/2022,39,2022-04-23,3,22,2022-07-27
day,nation,norge,2020,total,total,2022,16,2022-16,2021/2022,39,2022-04-24,3,14,2022-07-27
day,nation,norge,2020,total,total,2022,17,2022-17,2021/2022,40,2022-04-25,3,17,2022-07-27
day,nation,norge,2020,total,total,2022,17,2022-17,2021/2022,40,2022-04-26,1,16,2022-07-27
day,nation,norge,2020,total,total,2022,17,2022-17,2021/2022,40,2022-04-27,0,11,2022-07-27
day,nation,norge,2020,total,total,2022,17,2022-17,2021/2022,40,2022-04-28,4,11,2022-07-27
day,nation,norge,2020,total,total,2022,17,2022-17,2021/2022,40,2022-04-29,2,9,2022-07-27
day,nation,norge,2020,total,total,2022,17,2022-17,2021/2022,40,2022-04-30,0,5,2022-07-27
day,nation,norge,2020,total,total,2022,17,2022-17,2021/2022,40,2022-05-01,1,12,2022-07-27
day,nation,norge,2020,total,total,2022,18,2022-18,2021/2022,41,2022-05-02,1,19,2022-07-27
day,nation,norge,2020,total,total,2022,18,2022-18,2021/2022,41,2022-05-03,0,10,2022-07-27
day,nation,norge,2020,total,total,2022,18,2022-18,2021/2022,41,2022-05-04,2,14,2022-07-27
day,nation,norge,2020,total,total,2022,18,2022-18,2021/2022,41,2022-05-05,1,12,2022-07-27
day,nation,norge,2020,total,total,2022,18,2022-18,2021/2022,41,2022-05-06,2,10,2022-07-27
day,nation,norge,2020,total,total,2022,18,2022-18,2021/2022,41,2022-05-07,1,7,2022-07-27
day,nation,norge,2020,total,total,2022,18,2022-18,2021/2022,41,2022-05-08,2,7,2022-07-27
day,nation,norge,2020,total,total,2022,19,2022-19,2021/2022,42,2022-05-09,0,15,2022-07-27
day,nation,norge,2020,total,total,2022,19,2022-19,2021/2022,42,2022-05-10,1,13,2022-07-27
day,nation,norge,2020,total,total,2022,19,2022-19,2021/2022,42,2022-05-11,2,11,2022-07-27
day,nation,norge,2020,total,total,2022,19,2022-19,2021/2022,42,2022-05-12,0,13,2022-07-27
day,nation,norge,2020,total,total,2022,19,2022-19,2021/2022,42,2022-05-13,0,13,2022-07-27
day,nation,norge,2020,total,total,2022,19,2022-19,2021/2022,42,2022-05-14,1,13,2022-07-27
day,nation,norge,2020,total,total,2022,19,2022-19,2021/2022,42,2022-05-15,1,11,2022-07-27
day,nation,norge,2020,total,total,2022,20,2022-20,2021/2022,43,2022-05-16,1,11,2022-07-27
day,nation,norge,2020,total,total,2022,20,2022-20,2021/2022,43,2022-05-17,0,4,2022-07-27
day,nation,norge,2020,total,total,2022,20,2022-20,2021/2022,43,2022-05-18,2,15,2022-07-27
day,nation,norge,2020,total,total,2022,20,2022-20,2021/2022,43,2022-05-19,2,8,2022-07-27
day,nation,norge,2020,total,total,2022,20,2022-20,2021/2022,43,2022-05-20,1,17,2022-07-27
day,nation,norge,2020,total,total,2022,20,2022-20,2021/2022,43,2022-05-21,0,8,2022-07-27
day,nation,norge,2020,total,total,2022,20,2022-20,2021/2022,43,2022-05-22,1,15,2022-07-27
day,nation,norge,2020,total,total,2022,21,2022-21,2021/2022,44,2022-05-23,2,10,2022-07-27
day,nation,norge,2020,total,total,2022,21,2022-21,2021/2022,44,2022-05-24,3,12,2022-07-27
day,nation,norge,2020,total,total,2022,21,2022-21,2021/2022,44,2022-05-25,3,17,2022-07-27
day,nation,norge,2020,total,total,2022,21,2022-21,2021/2022,44,2022-05-26,0,13,2022-07-27
day,nation,norge,2020,total,total,2022,21,2022-21,2021/2022,44,2022-05-27,2,15,2022-07-27
day,nation,norge,2020,total,total,2022,21,2022-21,2021/2022,44,2022-05-28,1,7,2022-07-27
day,nation,norge,2020,total,total,2022,21,2022-21,2021/2022,44,2022-05-29,0,14,2022-07-27
day,nation,norge,2020,total,total,2022,22,2022-22,2021/2022,45,2022-05-30,0,21,2022-07-27
day,nation,norge,2020,total,total,2022,22,2022-22,2021/2022,45,2022-05-31,1,14,2022-07-27
day,nation,norge,2020,total,total,2022,22,2022-22,2021/2022,45,2022-06-01,0,12,2022-07-27
day,nation,norge,2020,total,total,2022,22,2022-22,2021/2022,45,2022-06-02,3,15,2022-07-27
day,nation,norge,2020,total,total,2022,22,2022-22,2021/2022,45,2022-06-03,0,12,2022-07-27
day,nation,norge,2020,total,total,2022,22,2022-22,2021/2022,45,2022-06-04,4,13,2022-07-27
day,nation,norge,2020,total,total,2022,22,2022-22,2021/2022,45,2022-06-05,2,15,2022-07-27
day,nation,norge,2020,total,total,2022,23,2022-23,2021/2022,46,2022-06-06,0,15,2022-07-27
day,nation,norge,2020,total,total,2022,23,2022-23,2021/2022,46,2022-06-07,1,24,2022-07-27
day,nation,norge,2020,total,total,2022,23,2022-23,2021/2022,46,2022-06-08,0,25,2022-07-27
day,nation,norge,2020,total,total,2022,23,2022-23,2021/2022,46,2022-06-09,0,13,2022-07-27
day,nation,norge,2020,total,total,2022,23,2022-23,2021/2022,46,2022-06-10,2,31,2022-07-27
day,nation,norge,2020,total,total,2022,23,2022-23,2021/2022,46,2022-06-11,2,27,2022-07-27
day,nation,norge,2020,total,total,2022,23,2022-23,2021/2022,46,2022-06-12,2,25,2022-07-27
day,nation,norge,2020,total,total,2022,24,2022-24,2021/2022,47,2022-06-13,5,28,2022-07-27
day,nation,norge,2020,total,total,2022,24,2022-24,2021/2022,47,2022-06-14,0,25,2022-07-27
day,nation,norge,2020,total,total,2022,24,2022-24,2021/2022,47,2022-06-15,3,17,2022-07-27
day,nation,norge,2020,total,total,2022,24,2022-24,2021/2022,47,2022-06-16,1,40,2022-07-27
day,nation,norge,2020,total,total,2022,24,2022-24,2021/2022,47,2022-06-17,2,48,2022-07-27
day,nation,norge,2020,total,total,2022,24,2022-24,2021/2022,47,2022-06-18,2,30,2022-07-27
day,nation,norge,2020,total,total,2022,24,2022-24,2021/2022,47,2022-06-19,5,42,2022-07-27
day,nation,norge,2020,total,total,2022,25,2022-25,2021/2022,48,2022-06-20,1,41,2022-07-27
day,nation,norge,2020,total,total,2022,25,2022-25,2021/2022,48,2022-06-21,3,43,2022-07-27
day,nation,norge,2020,total,total,2022,25,2022-25,2021/2022,48,2022-06-22,1,53,2022-07-27
day,nation,norge,2020,total,total,2022,25,2022-25,2021/2022,48,2022-06-23,4,45,2022-07-27
day,nation,norge,2020,total,total,2022,25,2022-25,2021/2022,48,2022-06-24,3,51,2022-07-27
day,nation,norge,2020,total,total,2022,25,2022-25,2021/2022,48,2022-06-25,2,45,2022-07-27
day,nation,norge,2020,total,total,2022,25,2022-25,2021/2022,48,2022-06-26,3,44,2022-07-27
day,nation,norge,2020,total,total,2022,26,2022-26,2021/2022,49,2022-06-27,2,47,2022-07-27
day,nation,norge,2020,total,total,2022,26,2022-26,2021/2022,49,2022-06-28,2,46,2022-07-27
day,nation,norge,2020,total,total,2022,26,2022-26,2021/2022,49,2022-06-29,2,52,2022-07-27
day,nation,norge,2020,total,total,2022,26,2022-26,2021/2022,49,2022-06-30,6,62,2022-07-27
day,nation,norge,2020,total,total,2022,26,2022-26,2021/2022,49,2022-07-01,2,64,2022-07-27
day,nation,norge,2020,total,total,2022,26,2022-26,2021/2022,49,2022-07-02,1,46,2022-07-27
day,nation,norge,2020,total,total,2022,26,2022-26,2021/2022,49,2022-07-03,6,49,2022-07-27
day,nation,norge,2020,total,total,2022,27,2022-27,2021/2022,50,2022-07-04,1,49,2022-07-27
day,nation,norge,2020,total,total,2022,27,2022-27,2021/2022,50,2022-07-05,2,41,2022-07-27
day,nation,norge,2020,total,total,2022,27,2022-27,2021/2022,50,2022-07-06,4,54,2022-07-27
day,nation,norge,2020,total,total,2022,27,2022-27,2021/2022,50,2022-07-07,5,42,2022-07-27
day,nation,norge,2020,total,total,2022,27,2022-27,2021/2022,50,2022-07-08,3,52,2022-07-27
day,nation,norge,2020,total,total,2022,27,2022-27,2021/2022,50,2022-07-09,4,35,2022-07-27
day,nation,norge,2020,total,total,2022,27,2022-27,2021/2022,50,2022-07-10,1,49,2022-07-27
day,nation,norge,2020,total,total,2022,28,2022-28,2021/2022,51,2022-07-11,4,55,2022-07-27
day,nation,norge,2020,total,total,2022,28,2022-28,2021/2022,51,2022-07-12,3,39,2022-07-27
day,nation,norge,2020,total,total,2022,28,2022-28,2021/2022,51,2022-07-13,2,40,2022-07-27
day,nation,norge,2020,total,total,2022,28,2022-28,2021/2022,51,2022-07-14,3,39,2022-07-27
day,nation,norge,2020,total,total,2022,28,2022-28,2021/2022,51,2022-07-15,3,36,2022-07-27
day,nation,norge,2020,total,total,2022,28,2022-28,2021/2022,51,2022-07-16,3,30,2022-07-27
day,nation,norge,2020,total,total,2022,28,2022-28,2021/2022,51,2022-07-17,4,34,2022-07-27
day,nation,norge,2020,total,total,2022,29,2022-29,2021/2022,52,2022-07-18,1,32,2022-07-27
day,nation,norge,2020,total,total,2022,29,2022-29,2021/2022,52,2022-07-19,2,22,2022-07-27
day,nation,norge,2020,total,total,2022,29,2022-29,2021/2022,52,2022-07-20,1,23,2022-07-27
day,nation,norge,2020,total,total,2022,29,2022-29,2021/2022,52,2022-07-21,0,27,2022-07-27
day,nation,norge,2020,total,total,2022,29,2022-29,2021/2022,52,2022-07-22,1,12,2022-07-27
day,nation,norge,2020,total,total,2022,29,2022-29,2021/2022,52,2022-07-23,3,18,2022-07-27
day,nation,norge,2020,total,total,2022,29,2022-29,2021/2022,52,2022-07-24,0,15,2022-07-27
day,nation,norge,2020,total,total,2022,30,2022-30,2022/2023,1,2022-07-25,0,19,2022-07-27
day,nation,norge,2020,total,total,2022,30,2022-30,2022/2023,1,2022-07-26,0,6,2022-07-27
